ID,Concept,Property
ioDhrsJV22Fym2kwi0Enu6L7qMoB,tuzolto,AKCIO_ABLAK
HM7nhqdiyPmEZCyAkPB440Ok3wSG,tuzolto,AKCIO_AJTO
kudJQ7AAOK0KetYJYKSTcQ60xJre,eper,AKCIO_ALLERGIA
8H7wVsJ31BN7WW6cJBe3DWB7ZJO9,krumpli,AKCIO_ANYUKA
Vi4tvYPaMpHrJtchbz4qPsufSAd3,tuzolto,AKCIO_AUTO
WukuItBR0pKip9BVBEXWLXAS465F,helikopter,AKCIO_BETEG
Z5DTSVEQk3FtNUWlQHkHPAEBPtsT,helikopter,AKCIO_BETEG
gZUIZf0CyPQa4w9Wggvx5cJkQ4C2,helikopter,AKCIO_BETEG
gZUIZf0CyPQa4w9Wggvx5cJkQ4C2,helikopter,AKCIO_BETEG
sTZywlkMZzaRE7Uqx1qpacwIHmlG,kutya,AKCIO_CICA
gwTxL0T8HQFlooQEgkqQvBG4rHtl,tuzolto,AKCIO_CICA
ve2UV1qBXwAErAfwa7CBZvAjwxAb,lab,AKCIO_CIPO
TuiyHopNE0Ns45VopNY0umEgHnon,citrom,AKCIO_CITROMLE
46yfoWhTy2iS3zBBIKYeTkITLWIt,szem,AKCIO_DOLOG
8H7wVsJ31BN7WW6cJBe3DWB7ZJO9,szem,AKCIO_DOLOG
aCY8Po3E02wrI4Rrdzzxu9aTgdc7,kez,AKCIO_DOLOG
aCY8Po3E02wrI4Rrdzzxu9aTgdc7,kez,AKCIO_DOLOG
hyQXyqpwb1eEKNKe7KdXNP9whDUd,kez,AKCIO_DOLOG
i9zlLDQ6SJh1P1fER1TKU6Wqq2qA,kez,AKCIO_DOLOG
sTZywlkMZzaRE7Uqx1qpacwIHmlG,kez,AKCIO_DOLOG
vu240s5N1IMDtgWR79UZHs2w0H6C,kez,AKCIO_DOLOG
wChCSZMZUV5HgFOPQqYJsHLy8yej,kez,AKCIO_DOLOG
wChCSZMZUV5HgFOPQqYJsHLy8yej,kez,AKCIO_DOLOG
gkE2DF9rjk40Tdxikha0B9r2yMvP,nadrag,AKCIO_DOLOG
Z5DTSVEQk3FtNUWlQHkHPAEBPtsT,asztal,AKCIO_DOLOG
Z5DTSVEQk3FtNUWlQHkHPAEBPtsT,asztal,AKCIO_DOLOG
YsgVSf2DRAuoIzG4hcEwSpkPiPJQ,szonyeg,AKCIO_DOLOG
fsUjgv5bHGSiLIc56gAiaFH0Eodm,sepru,AKCIO_DOLOG
n8i5leQlntXz4XoA2JVGiOB0X0nS,auto,AKCIO_DOLOG
pcKzkYgCUpVc1YGsfcG9cuHwhIFq,auto,AKCIO_DOLOG
bXeBh3j0gOGpCmEt68bY2NjVKwZS,kacsa,AKCIO_ELELEM
hLKflzDgIt1d1kkYiBgtD6Ildzca,tuzolto,AKCIO_ELET
hMhC4E5GeWS1zabc77OKHtfz529F,helikopter,AKCIO_ELLENSEG
ZE4Vso19ws4GQBEbRlAx3gqRf2Ql,kutya,AKCIO_EMBER
gDJxpFMvaIHBGwkBz6Z9Z5E6rqeQ,kutya,AKCIO_EMBER
YsgVSf2DRAuoIzG4hcEwSpkPiPJQ,lo,AKCIO_EMBER
gkE2DF9rjk40Tdxikha0B9r2yMvP,nadrag,AKCIO_EMBER
pcKzkYgCUpVc1YGsfcG9cuHwhIFq,pulover,AKCIO_EMBER
YsgVSf2DRAuoIzG4hcEwSpkPiPJQ,tuzolto,AKCIO_EMBER
b6lgi9tN1sInFmZy2YsPCSjxaQID,tuzolto,AKCIO_EMBER
hyQXyqpwb1eEKNKe7KdXNP9whDUd,tuzolto,AKCIO_EMBER
ve2UV1qBXwAErAfwa7CBZvAjwxAb,tuzolto,AKCIO_EMBER
wChCSZMZUV5HgFOPQqYJsHLy8yej,tuzolto,AKCIO_EMBER
sTZywlkMZzaRE7Uqx1qpacwIHmlG,hercegno,AKCIO_EMBER
XUQR36tyWgppAe5zdMBRy1MXndde,helikopter,AKCIO_EMBER
XoMV4gJmAWW8fvZJRlQJoaciIPFJ,helikopter,AKCIO_EMBER
gZUIZf0CyPQa4w9Wggvx5cJkQ4C2,helikopter,AKCIO_EMBER
pB2ZvSU9uIZYrVmru0V6dzKTR2AW,helikopter,AKCIO_EMBER
Vi4tvYPaMpHrJtchbz4qPsufSAd3,vonat,AKCIO_EMBER
cKkzcqwwIFXF6u0LdJBUTL1a4td2,kacsa,AKCIO_ETEL
8H7wVsJ31BN7WW6cJBe3DWB7ZJO9,szem,AKCIO_ETEL
TuiyHopNE0Ns45VopNY0umEgHnon,sepru,AKCIO_ETEL
HM7nhqdiyPmEZCyAkPB440Ok3wSG,tuzolto,AKCIO_FA
fsUjgv5bHGSiLIc56gAiaFH0Eodm,tuzolto,AKCIO_FA
gwTxL0T8HQFlooQEgkqQvBG4rHtl,tuzolto,AKCIO_FA
8H7wVsJ31BN7WW6cJBe3DWB7ZJO9,helikopter,AKCIO_FA
ioDhrsJV22Fym2kwi0Enu6L7qMoB,vonat,AKCIO_FA
cR7z9posZ25xSjb6z7sagHS235vn,konyv,AKCIO_FANTAZIA
ZE4Vso19ws4GQBEbRlAx3gqRf2Ql,pulover,AKCIO_FEJ_IND
WukuItBR0pKip9BVBEXWLXAS465F,kacsa,AKCIO_FESZEK
bJxnk1ZvF1GBnye0bYpBFGuOIcsJ,nappali,AKCIO_FILM
0ayEKzKAhgI7kLaya0CVdQ0WaTdh,gyerek,AKCIO_FILM
cKkzcqwwIFXF6u0LdJBUTL1a4td2,ceruza,AKCIO_FORMA
LDiQ49hqAeKCaIZiU4yXQEO9tTmv,lo,AKCIO_FOLD
2GQsh4qTCle4fioT2ib8QrWmurRt,sepru,AKCIO_FOLD
pcKzkYgCUpVc1YGsfcG9cuHwhIFq,sepru,AKCIO_GAZ
bJxnk1ZvF1GBnye0bYpBFGuOIcsJ,kutya,AKCIO_GAZDA
sTZywlkMZzaRE7Uqx1qpacwIHmlG,helikopter,AKCIO_GEP
Z5DTSVEQk3FtNUWlQHkHPAEBPtsT,asztal,AKCIO_GUMI
Vi4tvYPaMpHrJtchbz4qPsufSAd3,lo,AKCIO_GYAKORLAT
n8i5leQlntXz4XoA2JVGiOB0X0nS,tuzolto,AKCIO_GYEREK
gDJxpFMvaIHBGwkBz6Z9Z5E6rqeQ,vonat,AKCIO_HAJDUSZOBOSZLO
ioDhrsJV22Fym2kwi0Enu6L7qMoB,szonyeg,AKCIO_HAZ
NcVfp49U0WugaYJkv4r2Y3PXc7cn,tuzolto,AKCIO_HAZ
jnjKoAau2JdPFO1Y9PwBO6XlzGha,gyerek,AKCIO_HAZIFELADAT
8H7wVsJ31BN7WW6cJBe3DWB7ZJO9,helikopter,AKCIO_HEGY
sTZywlkMZzaRE7Uqx1qpacwIHmlG,kez,AKCIO_HELIKOPTER
LDiQ49hqAeKCaIZiU4yXQEO9tTmv,lo,AKCIO_HUSZAR
gDJxpFMvaIHBGwkBz6Z9Z5E6rqeQ,kutya,AKCIO_IDEGEN
gDJxpFMvaIHBGwkBz6Z9Z5E6rqeQ,kutya,AKCIO_IDEGEN
ve2UV1qBXwAErAfwa7CBZvAjwxAb,jatszoter,AKCIO_IDO
ZE4Vso19ws4GQBEbRlAx3gqRf2Ql,kez,AKCIO_ITAL
2mf1pytEKj8RM8in6MbEzrMBMAX1,pulover,AKCIO_KABAT
2mf1pytEKj8RM8in6MbEzrMBMAX1,pulover,AKCIO_KAR
Z5DTSVEQk3FtNUWlQHkHPAEBPtsT,asztal,AKCIO_KARCOL
cKkzcqwwIFXF6u0LdJBUTL1a4td2,ceruza,AKCIO_KEP
0ayEKzKAhgI7kLaya0CVdQ0WaTdh,szem,AKCIO_KERDES
cR7z9posZ25xSjb6z7sagHS235vn,krumpli,AKCIO_KETCHUP
gDJxpFMvaIHBGwkBz6Z9Z5E6rqeQ,kutya,AKCIO_KEZ
n8i5leQlntXz4XoA2JVGiOB0X0nS,alma,AKCIO_KEZ
gZUIZf0CyPQa4w9Wggvx5cJkQ4C2,hercegno,AKCIO_KIRALYFI
8H7wVsJ31BN7WW6cJBe3DWB7ZJO9,konyv,AKCIO_KISGYEREK
sTZywlkMZzaRE7Uqx1qpacwIHmlG,kez,AKCIO_KOCSI
2GQsh4qTCle4fioT2ib8QrWmurRt,sepru,AKCIO_KOSZ
LDiQ49hqAeKCaIZiU4yXQEO9tTmv,sepru,AKCIO_KOSZ
TuiyHopNE0Ns45VopNY0umEgHnon,sepru,AKCIO_KOSZ
XWItECLFYo8VG5SskW9iQPJI7pRA,sepru,AKCIO_KOSZ
XWItECLFYo8VG5SskW9iQPJI7pRA,sepru,AKCIO_KOSZ
bJxnk1ZvF1GBnye0bYpBFGuOIcsJ,sepru,AKCIO_KOSZ
pcKzkYgCUpVc1YGsfcG9cuHwhIFq,sepru,AKCIO_KOSZ
sTZywlkMZzaRE7Uqx1qpacwIHmlG,sepru,AKCIO_KOSZ
n8i5leQlntXz4XoA2JVGiOB0X0nS,auto,AKCIO_KORNYEZET
ve2UV1qBXwAErAfwa7CBZvAjwxAb,eper,AKCIO_KUKA_IND
XnQQOJ6n3tTZgUOBj6SEG8VnkkCr,szonyeg,AKCIO_LAB
XoMV4gJmAWW8fvZJRlQJoaciIPFJ,kutya,AKCIO_LABDA
hMhC4E5GeWS1zabc77OKHtfz529F,jatszoter,AKCIO_LABDA
2GQsh4qTCle4fioT2ib8QrWmurRt,sepru,AKCIO_LABDA
Vi4tvYPaMpHrJtchbz4qPsufSAd3,tuzolto,AKCIO_LANG
Z5DTSVEQk3FtNUWlQHkHPAEBPtsT,asztal,AKCIO_LECKE
sTZywlkMZzaRE7Uqx1qpacwIHmlG,kutya,AKCIO_LEVEGO
bJxnk1ZvF1GBnye0bYpBFGuOIcsJ,kard,AKCIO_LEVEGO
bJxnk1ZvF1GBnye0bYpBFGuOIcsJ,kard,AKCIO_LEVEGO
Vi4tvYPaMpHrJtchbz4qPsufSAd3,jatszoter,AKCIO_LEVEGO_IND
Z5DTSVEQk3FtNUWlQHkHPAEBPtsT,erdo,AKCIO_LEVEGO_IND
pB2ZvSU9uIZYrVmru0V6dzKTR2AW,lo,AKCIO_LOVASKOCSI
HM7nhqdiyPmEZCyAkPB440Ok3wSG,tuzolto,AKCIO_MACSKA
fsUjgv5bHGSiLIc56gAiaFH0Eodm,tuzolto,AKCIO_MACSKA
0ayEKzKAhgI7kLaya0CVdQ0WaTdh,szem,AKCIO_MESE
sTZywlkMZzaRE7Uqx1qpacwIHmlG,nappali,AKCIO_MESE
LDiQ49hqAeKCaIZiU4yXQEO9tTmv,ceruza,AKCIO_NEV
HM7nhqdiyPmEZCyAkPB440Ok3wSG,lo,AKCIO_NOVENY_IND
wChCSZMZUV5HgFOPQqYJsHLy8yej,kutya,AKCIO_OROM
2GQsh4qTCle4fioT2ib8QrWmurRt,ceruza,AKCIO_PAPIR
bXeBh3j0gOGpCmEt68bY2NjVKwZS,ceruza,AKCIO_PAPIR
cKkzcqwwIFXF6u0LdJBUTL1a4td2,ceruza,AKCIO_PAPIR
gZUIZf0CyPQa4w9Wggvx5cJkQ4C2,ceruza,AKCIO_PAPIR
gZUIZf0CyPQa4w9Wggvx5cJkQ4C2,ceruza,AKCIO_PAPIR
gZUIZf0CyPQa4w9Wggvx5cJkQ4C2,ceruza,AKCIO_PAPIR
pB2ZvSU9uIZYrVmru0V6dzKTR2AW,ceruza,AKCIO_PAPIR
wChCSZMZUV5HgFOPQqYJsHLy8yej,ceruza,AKCIO_PAPIR
Z5DTSVEQk3FtNUWlQHkHPAEBPtsT,asztal,AKCIO_PARKETTA
ZE4Vso19ws4GQBEbRlAx3gqRf2Ql,kez,AKCIO_POHAR
2mf1pytEKj8RM8in6MbEzrMBMAX1,asztal,AKCIO_POHAR
8H7wVsJ31BN7WW6cJBe3DWB7ZJO9,asztal,AKCIO_POHAR
bJxnk1ZvF1GBnye0bYpBFGuOIcsJ,sepru,AKCIO_POKHALO
NcVfp49U0WugaYJkv4r2Y3PXc7cn,sepru,AKCIO_POR
b6lgi9tN1sInFmZy2YsPCSjxaQID,sepru,AKCIO_POR
XUQR36tyWgppAe5zdMBRy1MXndde,helikopter,AKCIO_PROPELLER
sTZywlkMZzaRE7Uqx1qpacwIHmlG,kez,AKCIO_REPULO
Vi4tvYPaMpHrJtchbz4qPsufSAd3,tuzolto,AKCIO_RUD
bJxnk1ZvF1GBnye0bYpBFGuOIcsJ,kez,AKCIO_RUHA
gZUIZf0CyPQa4w9Wggvx5cJkQ4C2,cipo,AKCIO_SAROK
Z5DTSVEQk3FtNUWlQHkHPAEBPtsT,lab,AKCIO_SPORT
ioDhrsJV22Fym2kwi0Enu6L7qMoB,vonat,AKCIO_SZEN
bXeBh3j0gOGpCmEt68bY2NjVKwZS,hercegno,AKCIO_SZEPSEG
8H7wVsJ31BN7WW6cJBe3DWB7ZJO9,szem,AKCIO_SZIN
pB2ZvSU9uIZYrVmru0V6dzKTR2AW,sepru,AKCIO_SZONYEG
cKkzcqwwIFXF6u0LdJBUTL1a4td2,jatszoter,AKCIO_SZULINAP
hMhC4E5GeWS1zabc77OKHtfz529F,asztal,AKCIO_SZULINAP
8H7wVsJ31BN7WW6cJBe3DWB7ZJO9,szem,AKCIO_TABLA
8H7wVsJ31BN7WW6cJBe3DWB7ZJO9,szem,AKCIO_TARGY
XUQR36tyWgppAe5zdMBRy1MXndde,kez,AKCIO_TARGY
ZE4Vso19ws4GQBEbRlAx3gqRf2Ql,kez,AKCIO_TARGY
bJxnk1ZvF1GBnye0bYpBFGuOIcsJ,kez,AKCIO_TARGY
gZUIZf0CyPQa4w9Wggvx5cJkQ4C2,kez,AKCIO_TARGY
XUQR36tyWgppAe5zdMBRy1MXndde,asztal,AKCIO_TARGY
TuiyHopNE0Ns45VopNY0umEgHnon,sepru,AKCIO_TARGY
ZE4Vso19ws4GQBEbRlAx3gqRf2Ql,kez,AKCIO_TASKA
LDiQ49hqAeKCaIZiU4yXQEO9tTmv,lo,AKCIO_TEHER
pB2ZvSU9uIZYrVmru0V6dzKTR2AW,helikopter,AKCIO_TEHER
DL3j5JV4aiCT3r9LNq9fctuLkefs,pulover,AKCIO_TEST
pcKzkYgCUpVc1YGsfcG9cuHwhIFq,pulover,AKCIO_TEST
8H7wVsJ31BN7WW6cJBe3DWB7ZJO9,asztal,AKCIO_TEVE
WukuItBR0pKip9BVBEXWLXAS465F,kacsa,AKCIO_TOJAS
aCY8Po3E02wrI4Rrdzzxu9aTgdc7,kacsa,AKCIO_TOJAS
8H7wVsJ31BN7WW6cJBe3DWB7ZJO9,citrom,AKCIO_TOROK
8H7wVsJ31BN7WW6cJBe3DWB7ZJO9,citrom,AKCIO_TOROK
DL3j5JV4aiCT3r9LNq9fctuLkefs,konyv,AKCIO_TORTENET
YsgVSf2DRAuoIzG4hcEwSpkPiPJQ,konyv,AKCIO_TORTENET
HM7nhqdiyPmEZCyAkPB440Ok3wSG,tuzolto,AKCIO_TUZ
NcVfp49U0WugaYJkv4r2Y3PXc7cn,tuzolto,AKCIO_TUZ
NcVfp49U0WugaYJkv4r2Y3PXc7cn,tuzolto,AKCIO_TUZ
Vi4tvYPaMpHrJtchbz4qPsufSAd3,tuzolto,AKCIO_TUZ
YsgVSf2DRAuoIzG4hcEwSpkPiPJQ,tuzolto,AKCIO_TUZ
aCY8Po3E02wrI4Rrdzzxu9aTgdc7,tuzolto,AKCIO_TUZ
b6lgi9tN1sInFmZy2YsPCSjxaQID,tuzolto,AKCIO_TUZ
gDJxpFMvaIHBGwkBz6Z9Z5E6rqeQ,tuzolto,AKCIO_TUZ
gDJxpFMvaIHBGwkBz6Z9Z5E6rqeQ,tuzolto,AKCIO_TUZ
gwTxL0T8HQFlooQEgkqQvBG4rHtl,tuzolto,AKCIO_TUZ
hLKflzDgIt1d1kkYiBgtD6Ildzca,tuzolto,AKCIO_TUZ
hyQXyqpwb1eEKNKe7KdXNP9whDUd,tuzolto,AKCIO_TUZ
ve2UV1qBXwAErAfwa7CBZvAjwxAb,tuzolto,AKCIO_TUZ
ve2UV1qBXwAErAfwa7CBZvAjwxAb,tuzolto,AKCIO_TUZ
NcVfp49U0WugaYJkv4r2Y3PXc7cn,helikopter,AKCIO_TUZ
NcVfp49U0WugaYJkv4r2Y3PXc7cn,tuzolto,AKCIO_TUZCSAP
kudJQ7AAOK0KetYJYKSTcQ60xJre,kutya,AKCIO_TUZIJATEK
Vi4tvYPaMpHrJtchbz4qPsufSAd3,konyv,AKCIO_UJJ
n8i5leQlntXz4XoA2JVGiOB0X0nS,auto,AKCIO_UTAS
ioDhrsJV22Fym2kwi0Enu6L7qMoB,vonat,AKCIO_UTAZAS
gDJxpFMvaIHBGwkBz6Z9Z5E6rqeQ,vonat,AKCIO_VAROS
gwTxL0T8HQFlooQEgkqQvBG4rHtl,cipo,AKCIO_VIZ
aCY8Po3E02wrI4Rrdzzxu9aTgdc7,tuzolto,AKCIO_VIZ
ve2UV1qBXwAErAfwa7CBZvAjwxAb,tuzolto,AKCIO_VIZ
wChCSZMZUV5HgFOPQqYJsHLy8yej,tuzolto,AKCIO_VIZ
8H7wVsJ31BN7WW6cJBe3DWB7ZJO9,helikopter,AKCIO_VIZ
sTZywlkMZzaRE7Uqx1qpacwIHmlG,nappali,AKCIO_ZENE_IND
2mf1pytEKj8RM8in6MbEzrMBMAX1,lab,AKCIO_ZOKNI
YsgVSf2DRAuoIzG4hcEwSpkPiPJQ,lab,AKCIO_ZOKNI
XUQR36tyWgppAe5zdMBRy1MXndde,cipo,ALFAJTA_ADIDAS
HM7nhqdiyPmEZCyAkPB440Ok3wSG,lo,ALFAJTA_AGAR
8H7wVsJ31BN7WW6cJBe3DWB7ZJO9,konyv,ALFAJTA_ALLATOS
HM7nhqdiyPmEZCyAkPB440Ok3wSG,tuzolto,ALFAJTA_ALTALANOS
sTZywlkMZzaRE7Uqx1qpacwIHmlG,konyv,ALFAJTA_ANGOL
n8i5leQlntXz4XoA2JVGiOB0X0nS,kutya,ALFAJTA_ANYA
HM7nhqdiyPmEZCyAkPB440Ok3wSG,lo,ALFAJTA_ARAB
n8i5leQlntXz4XoA2JVGiOB0X0nS,auto,ALFAJTA_ARAMOS
n8i5leQlntXz4XoA2JVGiOB0X0nS,auto,ALFAJTA_ARAMOS
hLKflzDgIt1d1kkYiBgtD6Ildzca,bab,ALFAJTA_BABFOZELEK
bJxnk1ZvF1GBnye0bYpBFGuOIcsJ,bab,ALFAJTA_BABKAVE
LDiQ49hqAeKCaIZiU4yXQEO9tTmv,bab,ALFAJTA_BABLEVES
hMhC4E5GeWS1zabc77OKHtfz529F,cipo,ALFAJTA_BAKANCS
cKkzcqwwIFXF6u0LdJBUTL1a4td2,kacsa,ALFAJTA_BEBIKACSA
jBpNE83rvgjtcjB4lQzfTlkuifEs,pulover,ALFAJTA_BELEBUJOS
pcKzkYgCUpVc1YGsfcG9cuHwhIFq,pulover,ALFAJTA_BELEBUJOS
d7QNG1DWNJdasfDIeRmdGvEIgJBM,auto,ALFAJTA_BENZINES
HM7nhqdiyPmEZCyAkPB440Ok3wSG,tuzolto,ALFAJTA_BETEGSZALLITO
XWItECLFYo8VG5SskW9iQPJI7pRA,nadrag,ALFAJTA_BOR
gDJxpFMvaIHBGwkBz6Z9Z5E6rqeQ,nadrag,ALFAJTA_BORNADRAG
TuiyHopNE0Ns45VopNY0umEgHnon,auto,ALFAJTA_BUSZ
gDJxpFMvaIHBGwkBz6Z9Z5E6rqeQ,kutya,ALFAJTA_CHIHUAHUA
d7QNG1DWNJdasfDIeRmdGvEIgJBM,nadrag,ALFAJTA_CICANADRAG
cR7z9posZ25xSjb6z7sagHS235vn,cipo,ALFAJTA_CIPZAROS
ioDhrsJV22Fym2kwi0Enu6L7qMoB,cipo,ALFAJTA_CIPZAROS
2mf1pytEKj8RM8in6MbEzrMBMAX1,pulover,ALFAJTA_CIPZAROS
46yfoWhTy2iS3zBBIKYeTkITLWIt,pulover,ALFAJTA_CIPZAROS
pcKzkYgCUpVc1YGsfcG9cuHwhIFq,pulover,ALFAJTA_CIPZAROS
ve2UV1qBXwAErAfwa7CBZvAjwxAb,pulover,ALFAJTA_CIPZAROS
ve2UV1qBXwAErAfwa7CBZvAjwxAb,pulover,ALFAJTA_CIPZAROS
8H7wVsJ31BN7WW6cJBe3DWB7ZJO9,citrom,ALFAJTA_CITROMLE
n8i5leQlntXz4XoA2JVGiOB0X0nS,cipo,ALFAJTA_CSATOLOS
LDiQ49hqAeKCaIZiU4yXQEO9tTmv,lo,ALFAJTA_CSIKO
LDiQ49hqAeKCaIZiU4yXQEO9tTmv,lo,ALFAJTA_CSIKO
pB2ZvSU9uIZYrVmru0V6dzKTR2AW,lo,ALFAJTA_CSIKO
gDJxpFMvaIHBGwkBz6Z9Z5E6rqeQ,gomba,ALFAJTA_CSIPERKE
cR7z9posZ25xSjb6z7sagHS235vn,cipo,ALFAJTA_CSIZMA
ioDhrsJV22Fym2kwi0Enu6L7qMoB,bab,ALFAJTA_CSOKIBAB
LDiQ49hqAeKCaIZiU4yXQEO9tTmv,jatszoter,ALFAJTA_CSOCSUSZDA
XUQR36tyWgppAe5zdMBRy1MXndde,cipo,ALFAJTA_DECATHLON
8H7wVsJ31BN7WW6cJBe3DWB7ZJO9,citrom,ALFAJTA_DISZ
ioDhrsJV22Fym2kwi0Enu6L7qMoB,vonat,ALFAJTA_DIZELVONAT
HM7nhqdiyPmEZCyAkPB440Ok3wSG,krumpli,ALFAJTA_EDESBURGONYA
aCY8Po3E02wrI4Rrdzzxu9aTgdc7,gomba,ALFAJTA_EHETO
D8xwtXbTVptiRPXifIgUyGioQIkY,vonat,ALFAJTA_ELEKTROMOS
d7QNG1DWNJdasfDIeRmdGvEIgJBM,auto,ALFAJTA_ELEKTROMOS
kudJQ7AAOK0KetYJYKSTcQ60xJre,vonat,ALFAJTA_EMELETES
Z5DTSVEQk3FtNUWlQHkHPAEBPtsT,erdo,ALFAJTA_ESOERDO
XWItECLFYo8VG5SskW9iQPJI7pRA,kard,ALFAJTA_FAKARD
bJxnk1ZvF1GBnye0bYpBFGuOIcsJ,kard,ALFAJTA_FAKARD
Vi4tvYPaMpHrJtchbz4qPsufSAd3,nadrag,ALFAJTA_FARMER
Vi4tvYPaMpHrJtchbz4qPsufSAd3,nadrag,ALFAJTA_FARMER
WukuItBR0pKip9BVBEXWLXAS465F,nadrag,ALFAJTA_FARMER
XnQQOJ6n3tTZgUOBj6SEG8VnkkCr,nadrag,ALFAJTA_FARMER
Z5DTSVEQk3FtNUWlQHkHPAEBPtsT,nadrag,ALFAJTA_FARMER
d7QNG1DWNJdasfDIeRmdGvEIgJBM,nadrag,ALFAJTA_FARMER
YsgVSf2DRAuoIzG4hcEwSpkPiPJQ,nadrag,ALFAJTA_FARMERNADRAG
WukuItBR0pKip9BVBEXWLXAS465F,kacsa,ALFAJTA_FIU
WukuItBR0pKip9BVBEXWLXAS465F,kacsa,ALFAJTA_FIU
aCY8Po3E02wrI4Rrdzzxu9aTgdc7,kacsa,ALFAJTA_FIU
cKkzcqwwIFXF6u0LdJBUTL1a4td2,kacsa,ALFAJTA_FIU
XoMV4gJmAWW8fvZJRlQJoaciIPFJ,gyerek,ALFAJTA_FIU
d7QNG1DWNJdasfDIeRmdGvEIgJBM,kutya,ALFAJTA_FOLTOS
cR7z9posZ25xSjb6z7sagHS235vn,lo,ALFAJTA_FOLTOS
aCY8Po3E02wrI4Rrdzzxu9aTgdc7,vonat,ALFAJTA_FULKES
HM7nhqdiyPmEZCyAkPB440Ok3wSG,nadrag,ALFAJTA_FURDO
Z5DTSVEQk3FtNUWlQHkHPAEBPtsT,nadrag,ALFAJTA_FURDOGATYA
8H7wVsJ31BN7WW6cJBe3DWB7ZJO9,konyv,ALFAJTA_FUZET
D8xwtXbTVptiRPXifIgUyGioQIkY,cipo,ALFAJTA_FUZOS
TuiyHopNE0Ns45VopNY0umEgHnon,cipo,ALFAJTA_FUZOS
bXeBh3j0gOGpCmEt68bY2NjVKwZS,cipo,ALFAJTA_FUZOS
gZUIZf0CyPQa4w9Wggvx5cJkQ4C2,cipo,ALFAJTA_FUZOS
Vi4tvYPaMpHrJtchbz4qPsufSAd3,gomba,ALFAJTA_GALOCA
gDJxpFMvaIHBGwkBz6Z9Z5E6rqeQ,gomba,ALFAJTA_GALOCA
8H7wVsJ31BN7WW6cJBe3DWB7ZJO9,pulover,ALFAJTA_GOMBOS
D8xwtXbTVptiRPXifIgUyGioQIkY,vonat,ALFAJTA_GOZOS
Vi4tvYPaMpHrJtchbz4qPsufSAd3,vonat,ALFAJTA_GOZOS
Vi4tvYPaMpHrJtchbz4qPsufSAd3,vonat,ALFAJTA_GOZOS
ioDhrsJV22Fym2kwi0Enu6L7qMoB,vonat,ALFAJTA_GOZOS
HM7nhqdiyPmEZCyAkPB440Ok3wSG,ceruza,ALFAJTA_GRAFIT
WukuItBR0pKip9BVBEXWLXAS465F,ceruza,ALFAJTA_GRAFITCERUZA
HM7nhqdiyPmEZCyAkPB440Ok3wSG,tuzolto,ALFAJTA_GYEREK
ioDhrsJV22Fym2kwi0Enu6L7qMoB,vonat,ALFAJTA_GYEREKKOCSI
kudJQ7AAOK0KetYJYKSTcQ60xJre,vonat,ALFAJTA_GYORSVONAT
sTZywlkMZzaRE7Uqx1qpacwIHmlG,kez,ALFAJTA_GYURUSUJJ
HM7nhqdiyPmEZCyAkPB440Ok3wSG,lo,ALFAJTA_HAFLING
b6lgi9tN1sInFmZy2YsPCSjxaQID,kacsa,ALFAJTA_HAZI
b6lgi9tN1sInFmZy2YsPCSjxaQID,kacsa,ALFAJTA_HAZI
hLKflzDgIt1d1kkYiBgtD6Ildzca,kacsa,ALFAJTA_HAZI
hLKflzDgIt1d1kkYiBgtD6Ildzca,kacsa,ALFAJTA_HAZI
XoMV4gJmAWW8fvZJRlQJoaciIPFJ,kutya,ALFAJTA_HAZI
fsUjgv5bHGSiLIc56gAiaFH0Eodm,kutya,ALFAJTA_HAZI
TuiyHopNE0Ns45VopNY0umEgHnon,auto,ALFAJTA_HETSZEMELYES
gDJxpFMvaIHBGwkBz6Z9Z5E6rqeQ,vonat,ALFAJTA_HEV
TuiyHopNE0Ns45VopNY0umEgHnon,kacsa,ALFAJTA_HIM
XWItECLFYo8VG5SskW9iQPJI7pRA,nadrag,ALFAJTA_HOSSZU
XnQQOJ6n3tTZgUOBj6SEG8VnkkCr,nadrag,ALFAJTA_HOSSZU
Z5DTSVEQk3FtNUWlQHkHPAEBPtsT,nadrag,ALFAJTA_HOSSZU
pB2ZvSU9uIZYrVmru0V6dzKTR2AW,nadrag,ALFAJTA_HOSSZU
vu240s5N1IMDtgWR79UZHs2w0H6C,pulover,ALFAJTA_HOSSZUUJJU
vu240s5N1IMDtgWR79UZHs2w0H6C,pulover,ALFAJTA_HOSSZUUJJU
sTZywlkMZzaRE7Uqx1qpacwIHmlG,kez,ALFAJTA_HUVELYKUJJ
ioDhrsJV22Fym2kwi0Enu6L7qMoB,vonat,ALFAJTA_INTERCITY
2mf1pytEKj8RM8in6MbEzrMBMAX1,asztal,ALFAJTA_IROASZTAL
gwTxL0T8HQFlooQEgkqQvBG4rHtl,asztal,ALFAJTA_IROASZTAL
hMhC4E5GeWS1zabc77OKHtfz529F,asztal,ALFAJTA_IROASZTAL
cR7z9posZ25xSjb6z7sagHS235vn,konyv,ALFAJTA_ISKOLAI
gwTxL0T8HQFlooQEgkqQvBG4rHtl,asztal,ALFAJTA_ISKOLAPAD
LDiQ49hqAeKCaIZiU4yXQEO9tTmv,gyerek,ALFAJTA_ISKOLAS
LDiQ49hqAeKCaIZiU4yXQEO9tTmv,gyerek,ALFAJTA_ISKOLAS
Z5DTSVEQk3FtNUWlQHkHPAEBPtsT,nadrag,ALFAJTA_ITTHONI
LDiQ49hqAeKCaIZiU4yXQEO9tTmv,auto,ALFAJTA_JATEKAUTO
8H7wVsJ31BN7WW6cJBe3DWB7ZJO9,krumpli,ALFAJTA_JATEKKRUMPLI
ve2UV1qBXwAErAfwa7CBZvAjwxAb,pulover,ALFAJTA_KAPUCNIS
pB2ZvSU9uIZYrVmru0V6dzKTR2AW,helikopter,ALFAJTA_KATONAI
hMhC4E5GeWS1zabc77OKHtfz529F,helikopter,ALFAJTA_KATONAI_IND
ioDhrsJV22Fym2kwi0Enu6L7qMoB,bab,ALFAJTA_KAVEBAB
fsUjgv5bHGSiLIc56gAiaFH0Eodm,kutya,ALFAJTA_KEDVENC
cR7z9posZ25xSjb6z7sagHS235vn,krumpli,ALFAJTA_KERTI
cR7z9posZ25xSjb6z7sagHS235vn,krumpli,ALFAJTA_KERTI
cR7z9posZ25xSjb6z7sagHS235vn,krumpli,ALFAJTA_KERTI
8H7wVsJ31BN7WW6cJBe3DWB7ZJO9,helikopter,ALFAJTA_KETSZEMELYES
TuiyHopNE0Ns45VopNY0umEgHnon,auto,ALFAJTA_KETSZEMELYES
kudJQ7AAOK0KetYJYKSTcQ60xJre,kutya,ALFAJTA_KEVEREK
cKkzcqwwIFXF6u0LdJBUTL1a4td2,kacsa,ALFAJTA_KICSI
cKkzcqwwIFXF6u0LdJBUTL1a4td2,kacsa,ALFAJTA_KICSI
vu240s5N1IMDtgWR79UZHs2w0H6C,kacsa,ALFAJTA_KICSI
cKkzcqwwIFXF6u0LdJBUTL1a4td2,nadrag,ALFAJTA_KICSI
cKkzcqwwIFXF6u0LdJBUTL1a4td2,nadrag,ALFAJTA_KICSI
pB2ZvSU9uIZYrVmru0V6dzKTR2AW,nadrag,ALFAJTA_KICSI
hMhC4E5GeWS1zabc77OKHtfz529F,cipo,ALFAJTA_KICSI
2mf1pytEKj8RM8in6MbEzrMBMAX1,eper,ALFAJTA_KICSI
pB2ZvSU9uIZYrVmru0V6dzKTR2AW,erdo,ALFAJTA_KICSI
2mf1pytEKj8RM8in6MbEzrMBMAX1,asztal,ALFAJTA_KICSI
XoMV4gJmAWW8fvZJRlQJoaciIPFJ,szonyeg,ALFAJTA_KICSI
aCY8Po3E02wrI4Rrdzzxu9aTgdc7,szonyeg,ALFAJTA_KICSI
HM7nhqdiyPmEZCyAkPB440Ok3wSG,ceruza,ALFAJTA_KICSI
8H7wVsJ31BN7WW6cJBe3DWB7ZJO9,konyv,ALFAJTA_KICSI
8H7wVsJ31BN7WW6cJBe3DWB7ZJO9,gyerek,ALFAJTA_KICSI
XoMV4gJmAWW8fvZJRlQJoaciIPFJ,gyerek,ALFAJTA_KICSI
Z5DTSVEQk3FtNUWlQHkHPAEBPtsT,gyerek,ALFAJTA_KICSI
jnjKoAau2JdPFO1Y9PwBO6XlzGha,bab,ALFAJTA_KICSI
gDJxpFMvaIHBGwkBz6Z9Z5E6rqeQ,kutya,ALFAJTA_KICSINY
bXeBh3j0gOGpCmEt68bY2NjVKwZS,asztal,ALFAJTA_KIHUZHATO
jBpNE83rvgjtcjB4lQzfTlkuifEs,asztal,ALFAJTA_KIHUZHATO
TuiyHopNE0Ns45VopNY0umEgHnon,auto,ALFAJTA_KILENCSZEMELYES
8H7wVsJ31BN7WW6cJBe3DWB7ZJO9,gyerek,ALFAJTA_KISBABA
8H7wVsJ31BN7WW6cJBe3DWB7ZJO9,gyerek,ALFAJTA_KISBABA
Z5DTSVEQk3FtNUWlQHkHPAEBPtsT,gyerek,ALFAJTA_KISFIU
8H7wVsJ31BN7WW6cJBe3DWB7ZJO9,gyerek,ALFAJTA_KISGYEREK
8H7wVsJ31BN7WW6cJBe3DWB7ZJO9,gyerek,ALFAJTA_KISGYEREK
8H7wVsJ31BN7WW6cJBe3DWB7ZJO9,gyerek,ALFAJTA_KISGYEREK
8H7wVsJ31BN7WW6cJBe3DWB7ZJO9,gyerek,ALFAJTA_KISGYEREK
LDiQ49hqAeKCaIZiU4yXQEO9tTmv,gyerek,ALFAJTA_KISGYEREK
cKkzcqwwIFXF6u0LdJBUTL1a4td2,gyerek,ALFAJTA_KISGYEREK
WukuItBR0pKip9BVBEXWLXAS465F,kacsa,ALFAJTA_KISKACSA
Z5DTSVEQk3FtNUWlQHkHPAEBPtsT,gyerek,ALFAJTA_KISLANY
cKkzcqwwIFXF6u0LdJBUTL1a4td2,gyerek,ALFAJTA_KISLANY
Vi4tvYPaMpHrJtchbz4qPsufSAd3,kez,ALFAJTA_KISUJJ
sTZywlkMZzaRE7Uqx1qpacwIHmlG,kez,ALFAJTA_KISUJJ
kudJQ7AAOK0KetYJYKSTcQ60xJre,kutya,ALFAJTA_KOBOR
J8IzRk7DYymlKgV6sF7Umb2Wf8kh,cipo,ALFAJTA_KOTOS
hMhC4E5GeWS1zabc77OKHtfz529F,cipo,ALFAJTA_KOTOS
hMhC4E5GeWS1zabc77OKHtfz529F,cipo,ALFAJTA_KOTOS
2mf1pytEKj8RM8in6MbEzrMBMAX1,pulover,ALFAJTA_KOTOTT
HM7nhqdiyPmEZCyAkPB440Ok3wSG,vonat,ALFAJTA_KOTOTTPALYAS
wChCSZMZUV5HgFOPQqYJsHLy8yej,kutya,ALFAJTA_KUTYAFAJTA
gDJxpFMvaIHBGwkBz6Z9Z5E6rqeQ,szonyeg,ALFAJTA_LABTORLO
WukuItBR0pKip9BVBEXWLXAS465F,kacsa,ALFAJTA_LANY
WukuItBR0pKip9BVBEXWLXAS465F,kacsa,ALFAJTA_LANY
aCY8Po3E02wrI4Rrdzzxu9aTgdc7,kacsa,ALFAJTA_LANY
cKkzcqwwIFXF6u0LdJBUTL1a4td2,kacsa,ALFAJTA_LANY
LDiQ49hqAeKCaIZiU4yXQEO9tTmv,gyerek,ALFAJTA_LANY
Vi4tvYPaMpHrJtchbz4qPsufSAd3,gomba,ALFAJTA_LEGYOLO
gDJxpFMvaIHBGwkBz6Z9Z5E6rqeQ,gomba,ALFAJTA_LEGYOLO
gwTxL0T8HQFlooQEgkqQvBG4rHtl,tuzolto,ALFAJTA_LETRAS
LDiQ49hqAeKCaIZiU4yXQEO9tTmv,lo,ALFAJTA_LOFELE
Vi4tvYPaMpHrJtchbz4qPsufSAd3,nadrag,ALFAJTA_MACKO
kudJQ7AAOK0KetYJYKSTcQ60xJre,szem,ALFAJTA_MAKOS
cR7z9posZ25xSjb6z7sagHS235vn,cipo,ALFAJTA_MARKA
cR7z9posZ25xSjb6z7sagHS235vn,auto,ALFAJTA_MARKA
LDiQ49hqAeKCaIZiU4yXQEO9tTmv,gyerek,ALFAJTA_MASODIKOS
Vi4tvYPaMpHrJtchbz4qPsufSAd3,nadrag,ALFAJTA_MELEGITO
HM7nhqdiyPmEZCyAkPB440Ok3wSG,tuzolto,ALFAJTA_MENTO
8H7wVsJ31BN7WW6cJBe3DWB7ZJO9,helikopter,ALFAJTA_MENTOHELIKOPTER
WukuItBR0pKip9BVBEXWLXAS465F,helikopter,ALFAJTA_MENTOHELIKOPTER
WukuItBR0pKip9BVBEXWLXAS465F,helikopter,ALFAJTA_MENTOHELIKOPTER
YsgVSf2DRAuoIzG4hcEwSpkPiPJQ,helikopter,ALFAJTA_MENTOHELIKOPTER
gwTxL0T8HQFlooQEgkqQvBG4rHtl,helikopter,ALFAJTA_MENTOHELIKOPTER
wChCSZMZUV5HgFOPQqYJsHLy8yej,helikopter,ALFAJTA_MENTOHELIKOPTER
2mf1pytEKj8RM8in6MbEzrMBMAX1,gomba,ALFAJTA_MERGEZO
46yfoWhTy2iS3zBBIKYeTkITLWIt,gomba,ALFAJTA_MERGEZO
46yfoWhTy2iS3zBBIKYeTkITLWIt,gomba,ALFAJTA_MERGEZO
D8xwtXbTVptiRPXifIgUyGioQIkY,gomba,ALFAJTA_MERGEZO
D8xwtXbTVptiRPXifIgUyGioQIkY,gomba,ALFAJTA_MERGEZO
Vi4tvYPaMpHrJtchbz4qPsufSAd3,gomba,ALFAJTA_MERGEZO
XnQQOJ6n3tTZgUOBj6SEG8VnkkCr,gomba,ALFAJTA_MERGEZO
XoMV4gJmAWW8fvZJRlQJoaciIPFJ,gomba,ALFAJTA_MERGEZO
YsgVSf2DRAuoIzG4hcEwSpkPiPJQ,gomba,ALFAJTA_MERGEZO
YsgVSf2DRAuoIzG4hcEwSpkPiPJQ,gomba,ALFAJTA_MERGEZO
YsgVSf2DRAuoIzG4hcEwSpkPiPJQ,gomba,ALFAJTA_MERGEZO
d7QNG1DWNJdasfDIeRmdGvEIgJBM,gomba,ALFAJTA_MERGEZO
sTZywlkMZzaRE7Uqx1qpacwIHmlG,gomba,ALFAJTA_MERGEZO
sTZywlkMZzaRE7Uqx1qpacwIHmlG,gomba,ALFAJTA_MERGEZO
sTZywlkMZzaRE7Uqx1qpacwIHmlG,gomba,ALFAJTA_MERGEZO
wChCSZMZUV5HgFOPQqYJsHLy8yej,gomba,ALFAJTA_MERGEZO
wChCSZMZUV5HgFOPQqYJsHLy8yej,gomba,ALFAJTA_MERGEZO
2mf1pytEKj8RM8in6MbEzrMBMAX1,konyv,ALFAJTA_MESEKONYV
sTZywlkMZzaRE7Uqx1qpacwIHmlG,kez,ALFAJTA_MUTATOUJJ
n8i5leQlntXz4XoA2JVGiOB0X0nS,lab,ALFAJTA_MULAB
cR7z9posZ25xSjb6z7sagHS235vn,gyerek,ALFAJTA_NAGY
LDiQ49hqAeKCaIZiU4yXQEO9tTmv,gyerek,ALFAJTA_NAGYGYEREK
b6lgi9tN1sInFmZy2YsPCSjxaQID,auto,ALFAJTA_NEGYKEREKU
8H7wVsJ31BN7WW6cJBe3DWB7ZJO9,helikopter,ALFAJTA_NEGYSZEMELYES
sTZywlkMZzaRE7Uqx1qpacwIHmlG,konyv,ALFAJTA_NEMET
XWItECLFYo8VG5SskW9iQPJI7pRA,alma,ALFAJTA_NEV
XUQR36tyWgppAe5zdMBRy1MXndde,cipo,ALFAJTA_NIKE
cR7z9posZ25xSjb6z7sagHS235vn,cipo,ALFAJTA_NIKE
2mf1pytEKj8RM8in6MbEzrMBMAX1,erdo,ALFAJTA_NORMAFA
TuiyHopNE0Ns45VopNY0umEgHnon,kacsa,ALFAJTA_NOSTENY
LDiQ49hqAeKCaIZiU4yXQEO9tTmv,gyerek,ALFAJTA_NYOLCADIKOS
ZE4Vso19ws4GQBEbRlAx3gqRf2Ql,gyerek,ALFAJTA_NYOLCADIKOS
gDJxpFMvaIHBGwkBz6Z9Z5E6rqeQ,szonyeg,ALFAJTA_OTTHONI
Z5DTSVEQk3FtNUWlQHkHPAEBPtsT,nadrag,ALFAJTA_OSSZEKAPCSOLOS
HM7nhqdiyPmEZCyAkPB440Ok3wSG,asztal,ALFAJTA_PAD
Vi4tvYPaMpHrJtchbz4qPsufSAd3,gomba,ALFAJTA_PETTYES
Vi4tvYPaMpHrJtchbz4qPsufSAd3,gomba,ALFAJTA_PETTYES
d7QNG1DWNJdasfDIeRmdGvEIgJBM,gomba,ALFAJTA_PETTYES
LDiQ49hqAeKCaIZiU4yXQEO9tTmv,gyerek,ALFAJTA_PICIBABA
Vi4tvYPaMpHrJtchbz4qPsufSAd3,gomba,ALFAJTA_PIROSPETTYES
WukuItBR0pKip9BVBEXWLXAS465F,nadrag,ALFAJTA_PIZSAMANADRAG
HM7nhqdiyPmEZCyAkPB440Ok3wSG,vonat,ALFAJTA_POKVONAT
2mf1pytEKj8RM8in6MbEzrMBMAX1,lo,ALFAJTA_PONI
HM7nhqdiyPmEZCyAkPB440Ok3wSG,lo,ALFAJTA_PONI
LDiQ49hqAeKCaIZiU4yXQEO9tTmv,lo,ALFAJTA_PONILO
kudJQ7AAOK0KetYJYKSTcQ60xJre,kutya,ALFAJTA_POTTYOS
46yfoWhTy2iS3zBBIKYeTkITLWIt,lo,ALFAJTA_POTTYOS
YsgVSf2DRAuoIzG4hcEwSpkPiPJQ,gomba,ALFAJTA_POTTYOS
LDiQ49hqAeKCaIZiU4yXQEO9tTmv,bab,ALFAJTA_POTTYOS
gDJxpFMvaIHBGwkBz6Z9Z5E6rqeQ,kutya,ALFAJTA_PULI
ioDhrsJV22Fym2kwi0Enu6L7qMoB,vonat,ALFAJTA_RAILJET
cR7z9posZ25xSjb6z7sagHS235vn,konyv,ALFAJTA_RAJZOS
2mf1pytEKj8RM8in6MbEzrMBMAX1,vonat,ALFAJTA_REGI
aCY8Po3E02wrI4Rrdzzxu9aTgdc7,vonat,ALFAJTA_REGI
WukuItBR0pKip9BVBEXWLXAS465F,helikopter,ALFAJTA_RENDOR
gwTxL0T8HQFlooQEgkqQvBG4rHtl,helikopter,ALFAJTA_RENDOR
XoMV4gJmAWW8fvZJRlQJoaciIPFJ,helikopter,ALFAJTA_RENDORHELIKOPTER
wChCSZMZUV5HgFOPQqYJsHLy8yej,helikopter,ALFAJTA_RENDORHELIKOPTER
DL3j5JV4aiCT3r9LNq9fctuLkefs,helikopter,ALFAJTA_REPULO
XUQR36tyWgppAe5zdMBRy1MXndde,helikopter,ALFAJTA_REPULO
gZUIZf0CyPQa4w9Wggvx5cJkQ4C2,helikopter,ALFAJTA_REPULO
HM7nhqdiyPmEZCyAkPB440Ok3wSG,nadrag,ALFAJTA_ROVID
Vi4tvYPaMpHrJtchbz4qPsufSAd3,nadrag,ALFAJTA_ROVID
Vi4tvYPaMpHrJtchbz4qPsufSAd3,nadrag,ALFAJTA_ROVID
XWItECLFYo8VG5SskW9iQPJI7pRA,nadrag,ALFAJTA_ROVID
XnQQOJ6n3tTZgUOBj6SEG8VnkkCr,nadrag,ALFAJTA_ROVID
Z5DTSVEQk3FtNUWlQHkHPAEBPtsT,nadrag,ALFAJTA_ROVID
Z5DTSVEQk3FtNUWlQHkHPAEBPtsT,nadrag,ALFAJTA_ROVID
gDJxpFMvaIHBGwkBz6Z9Z5E6rqeQ,nadrag,ALFAJTA_ROVID
pB2ZvSU9uIZYrVmru0V6dzKTR2AW,nadrag,ALFAJTA_ROVID
vu240s5N1IMDtgWR79UZHs2w0H6C,pulover,ALFAJTA_ROVIDUJJU
vu240s5N1IMDtgWR79UZHs2w0H6C,pulover,ALFAJTA_ROVIDUJJU
LDiQ49hqAeKCaIZiU4yXQEO9tTmv,lo,ALFAJTA_SIMA
aCY8Po3E02wrI4Rrdzzxu9aTgdc7,vonat,ALFAJTA_SIMA
gDJxpFMvaIHBGwkBz6Z9Z5E6rqeQ,vonat,ALFAJTA_SIMA
Z5DTSVEQk3FtNUWlQHkHPAEBPtsT,nadrag,ALFAJTA_SINADRAG
hLKflzDgIt1d1kkYiBgtD6Ildzca,cipo,ALFAJTA_SKETCHERS
n8i5leQlntXz4XoA2JVGiOB0X0nS,cipo,ALFAJTA_SKETCHERS
kudJQ7AAOK0KetYJYKSTcQ60xJre,pulover,ALFAJTA_SPORTPULCSI
HM7nhqdiyPmEZCyAkPB440Ok3wSG,krumpli,ALFAJTA_SULT
HM7nhqdiyPmEZCyAkPB440Ok3wSG,krumpli,ALFAJTA_SULT
cR7z9posZ25xSjb6z7sagHS235vn,krumpli,ALFAJTA_SULTKRUMPLI
HM7nhqdiyPmEZCyAkPB440Ok3wSG,tuzolto,ALFAJTA_SURGOSSEGI
XnQQOJ6n3tTZgUOBj6SEG8VnkkCr,nadrag,ALFAJTA_SZABADIDO
gDJxpFMvaIHBGwkBz6Z9Z5E6rqeQ,nadrag,ALFAJTA_SZABOTT
XnQQOJ6n3tTZgUOBj6SEG8VnkkCr,gomba,ALFAJTA_SZELID
kudJQ7AAOK0KetYJYKSTcQ60xJre,vonat,ALFAJTA_SZEMELYSZALLITO
HM7nhqdiyPmEZCyAkPB440Ok3wSG,ceruza,ALFAJTA_SZINES
Z5DTSVEQk3FtNUWlQHkHPAEBPtsT,ceruza,ALFAJTA_SZINES
8H7wVsJ31BN7WW6cJBe3DWB7ZJO9,konyv,ALFAJTA_SZOMORU
TuiyHopNE0Ns45VopNY0umEgHnon,gyerek,ALFAJTA_SZOKE
8H7wVsJ31BN7WW6cJBe3DWB7ZJO9,lo,ALFAJTA_SZURKE
XUQR36tyWgppAe5zdMBRy1MXndde,lo,ALFAJTA_SZURKE
Z5DTSVEQk3FtNUWlQHkHPAEBPtsT,kutya,ALFAJTA_TACSKO
8H7wVsJ31BN7WW6cJBe3DWB7ZJO9,konyv,ALFAJTA_TANKONYV
8H7wVsJ31BN7WW6cJBe3DWB7ZJO9,lo,ALFAJTA_TARKA
n8i5leQlntXz4XoA2JVGiOB0X0nS,auto,ALFAJTA_TAXI
8H7wVsJ31BN7WW6cJBe3DWB7ZJO9,citrom,ALFAJTA_TEA
kudJQ7AAOK0KetYJYKSTcQ60xJre,vonat,ALFAJTA_TEHER
gDJxpFMvaIHBGwkBz6Z9Z5E6rqeQ,vonat,ALFAJTA_TEHERSZALLITO
vu240s5N1IMDtgWR79UZHs2w0H6C,vonat,ALFAJTA_TEHERSZALLITO
Vi4tvYPaMpHrJtchbz4qPsufSAd3,vonat,ALFAJTA_TEHERVONAT
ioDhrsJV22Fym2kwi0Enu6L7qMoB,vonat,ALFAJTA_TEHERVONAT
HM7nhqdiyPmEZCyAkPB440Ok3wSG,lo,ALFAJTA_TELIVER
J8IzRk7DYymlKgV6sF7Umb2Wf8kh,cipo,ALFAJTA_TEPOZARAS
TuiyHopNE0Ns45VopNY0umEgHnon,cipo,ALFAJTA_TEPOZARAS
bXeBh3j0gOGpCmEt68bY2NjVKwZS,cipo,ALFAJTA_TEPOZARAS
gZUIZf0CyPQa4w9Wggvx5cJkQ4C2,cipo,ALFAJTA_TEPOZARAS
hMhC4E5GeWS1zabc77OKHtfz529F,cipo,ALFAJTA_TEPOZARAS
ioDhrsJV22Fym2kwi0Enu6L7qMoB,cipo,ALFAJTA_TEPOZARAS
LDiQ49hqAeKCaIZiU4yXQEO9tTmv,gyerek,ALFAJTA_TESO
cR7z9posZ25xSjb6z7sagHS235vn,lo,ALFAJTA_TORPEPONI
XWItECLFYo8VG5SskW9iQPJI7pRA,nadrag,ALFAJTA_TRAPEZ
d7QNG1DWNJdasfDIeRmdGvEIgJBM,nadrag,ALFAJTA_TRENINGNADRAG
2mf1pytEKj8RM8in6MbEzrMBMAX1,konyv,ALFAJTA_TUDOMANYOS
D8xwtXbTVptiRPXifIgUyGioQIkY,cipo,ALFAJTA_TURACIPO
gwTxL0T8HQFlooQEgkqQvBG4rHtl,helikopter,ALFAJTA_TUZOLTO
XoMV4gJmAWW8fvZJRlQJoaciIPFJ,helikopter,ALFAJTA_TUZOLTOHELIKOPTER
aCY8Po3E02wrI4Rrdzzxu9aTgdc7,vonat,ALFAJTA_UJ
aCY8Po3E02wrI4Rrdzzxu9aTgdc7,vonat,ALFAJTA_UJ
gDJxpFMvaIHBGwkBz6Z9Z5E6rqeQ,vonat,ALFAJTA_UTASSZALLITO
vu240s5N1IMDtgWR79UZHs2w0H6C,vonat,ALFAJTA_UTASSZALLITO
8H7wVsJ31BN7WW6cJBe3DWB7ZJO9,konyv,ALFAJTA_URLENYES
b6lgi9tN1sInFmZy2YsPCSjxaQID,kacsa,ALFAJTA_VAD
hLKflzDgIt1d1kkYiBgtD6Ildzca,kacsa,ALFAJTA_VAD
hLKflzDgIt1d1kkYiBgtD6Ildzca,kacsa,ALFAJTA_VAD
ZE4Vso19ws4GQBEbRlAx3gqRf2Ql,kutya,ALFAJTA_VAD
b6lgi9tN1sInFmZy2YsPCSjxaQID,kacsa,ALFAJTA_VADKACSA
8H7wVsJ31BN7WW6cJBe3DWB7ZJO9,konyv,ALFAJTA_VARAZSLATOS
DL3j5JV4aiCT3r9LNq9fctuLkefs,pulover,ALFAJTA_VASTAG
vu240s5N1IMDtgWR79UZHs2w0H6C,pulover,ALFAJTA_VASTAG
HM7nhqdiyPmEZCyAkPB440Ok3wSG,ceruza,ALFAJTA_VASTAG
2mf1pytEKj8RM8in6MbEzrMBMAX1,konyv,ALFAJTA_VASTAG
XoMV4gJmAWW8fvZJRlQJoaciIPFJ,konyv,ALFAJTA_VASTAG
pcKzkYgCUpVc1YGsfcG9cuHwhIFq,konyv,ALFAJTA_VASTAG
DL3j5JV4aiCT3r9LNq9fctuLkefs,pulover,ALFAJTA_VEKONY
vu240s5N1IMDtgWR79UZHs2w0H6C,pulover,ALFAJTA_VEKONY
HM7nhqdiyPmEZCyAkPB440Ok3wSG,ceruza,ALFAJTA_VEKONY
2mf1pytEKj8RM8in6MbEzrMBMAX1,konyv,ALFAJTA_VEKONY
XoMV4gJmAWW8fvZJRlQJoaciIPFJ,konyv,ALFAJTA_VEKONY
pcKzkYgCUpVc1YGsfcG9cuHwhIFq,konyv,ALFAJTA_VEKONY
bJxnk1ZvF1GBnye0bYpBFGuOIcsJ,auto,ALFAJTA_VERSENYAUTO
HM7nhqdiyPmEZCyAkPB440Ok3wSG,tuzolto,ALFAJTA_VERSZALLITO
2mf1pytEKj8RM8in6MbEzrMBMAX1,vonat,ALFAJTA_VILLAMOS
gDJxpFMvaIHBGwkBz6Z9Z5E6rqeQ,vonat,ALFAJTA_VILLAMOS
ioDhrsJV22Fym2kwi0Enu6L7qMoB,cipo,ALFAJTA_VILLOGOS
ZE4Vso19ws4GQBEbRlAx3gqRf2Ql,kutya,ALFAJTA_VIRSLI
WukuItBR0pKip9BVBEXWLXAS465F,kacsa,ALFAJTA_ZOLD
LDiQ49hqAeKCaIZiU4yXQEO9tTmv,szem,ALFAJTA_ZOLD
TuiyHopNE0Ns45VopNY0umEgHnon,szem,ALFAJTA_ZOLD
TuiyHopNE0Ns45VopNY0umEgHnon,szem,ALFAJTA_ZOLD
WukuItBR0pKip9BVBEXWLXAS465F,szem,ALFAJTA_ZOLD
XWItECLFYo8VG5SskW9iQPJI7pRA,szem,ALFAJTA_ZOLD
XoMV4gJmAWW8fvZJRlQJoaciIPFJ,szem,ALFAJTA_ZOLD
cR7z9posZ25xSjb6z7sagHS235vn,szem,ALFAJTA_ZOLD
46yfoWhTy2iS3zBBIKYeTkITLWIt,alma,ALFAJTA_ZOLD
WukuItBR0pKip9BVBEXWLXAS465F,alma,ALFAJTA_ZOLD
XUQR36tyWgppAe5zdMBRy1MXndde,alma,ALFAJTA_ZOLD
cR7z9posZ25xSjb6z7sagHS235vn,alma,ALFAJTA_ZOLD
gkE2DF9rjk40Tdxikha0B9r2yMvP,alma,ALFAJTA_ZOLD
gwTxL0T8HQFlooQEgkqQvBG4rHtl,alma,ALFAJTA_ZOLD
hMhC4E5GeWS1zabc77OKHtfz529F,alma,ALFAJTA_ZOLD
ioDhrsJV22Fym2kwi0Enu6L7qMoB,alma,ALFAJTA_ZOLD
n8i5leQlntXz4XoA2JVGiOB0X0nS,alma,ALFAJTA_ZOLD
n8i5leQlntXz4XoA2JVGiOB0X0nS,alma,ALFAJTA_ZOLD
wChCSZMZUV5HgFOPQqYJsHLy8yej,alma,ALFAJTA_ZOLD
d7QNG1DWNJdasfDIeRmdGvEIgJBM,citrom,ALFAJTA_ZOLD
2GQsh4qTCle4fioT2ib8QrWmurRt,eper,ALFAJTA_ZOLD
Z5DTSVEQk3FtNUWlQHkHPAEBPtsT,eper,ALFAJTA_ZOLD
jnjKoAau2JdPFO1Y9PwBO6XlzGha,erdo,ALFAJTA_ZOLD
XUQR36tyWgppAe5zdMBRy1MXndde,bab,ALFAJTA_ZOLD
XoMV4gJmAWW8fvZJRlQJoaciIPFJ,szonyeg,ALFAJTA_ZOLD
ZE4Vso19ws4GQBEbRlAx3gqRf2Ql,vonat,ALFAJTA_ZOLD
Vi4tvYPaMpHrJtchbz4qPsufSAd3,kez,ALFALJA_HUVELYKUJJ
2mf1pytEKj8RM8in6MbEzrMBMAX1,asztal,ALFALJTA_ETKEZOASZTAL
D8xwtXbTVptiRPXifIgUyGioQIkY,cipo,ALFALJTA_FOCICIPO
Z5DTSVEQk3FtNUWlQHkHPAEBPtsT,ceruza,ALFALJTA_GRAFIT
wChCSZMZUV5HgFOPQqYJsHLy8yej,tuzolto,ALFALJTA_HELIKOPTER
bJxnk1ZvF1GBnye0bYpBFGuOIcsJ,kard,ALFALJTA_JATEKKARD
46yfoWhTy2iS3zBBIKYeTkITLWIt,pulover,ALFALJTA_KAPUCNIS
XoMV4gJmAWW8fvZJRlQJoaciIPFJ,helikopter,ALFALJTA_MENTOHELIKOPTER
Vi4tvYPaMpHrJtchbz4qPsufSAd3,kez,ALFALJTA_MUTATOUJJ
2mf1pytEKj8RM8in6MbEzrMBMAX1,asztal,ALFATJA_ETKEZOASZTAL
kudJQ7AAOK0KetYJYKSTcQ60xJre,szonyeg,ALFJTA_IRODAI
TuiyHopNE0Ns45VopNY0umEgHnon,szem,ALLAT_AKCIO
pcKzkYgCUpVc1YGsfcG9cuHwhIFq,alma,ALLAT_FOGYASZT
8H7wVsJ31BN7WW6cJBe3DWB7ZJO9,szem,ALLAT_RESZE
cKkzcqwwIFXF6u0LdJBUTL1a4td2,kacsa,ANYUKA_KI
hLKflzDgIt1d1kkYiBgtD6Ildzca,eper,APUKA_AKCIO
8H7wVsJ31BN7WW6cJBe3DWB7ZJO9,asztal,ARU_AKCIO
8H7wVsJ31BN7WW6cJBe3DWB7ZJO9,krumpli,ATMEGY_RESZE
Vi4tvYPaMpHrJtchbz4qPsufSAd3,tuzolto,AUTO_KI
YsgVSf2DRAuoIzG4hcEwSpkPiPJQ,tuzolto,AUTO_KI
b6lgi9tN1sInFmZy2YsPCSjxaQID,tuzolto,AUTO_KI
hLKflzDgIt1d1kkYiBgtD6Ildzca,tuzolto,AUTO_KI
ioDhrsJV22Fym2kwi0Enu6L7qMoB,tuzolto,AUTO_KI
ioDhrsJV22Fym2kwi0Enu6L7qMoB,tuzolto,AUTO_KI
ioDhrsJV22Fym2kwi0Enu6L7qMoB,tuzolto,AUTO_KI
jBpNE83rvgjtcjB4lQzfTlkuifEs,hercegno,BARSONY_KI
2GQsh4qTCle4fioT2ib8QrWmurRt,nappali,BENNE_ABLAK
TuiyHopNE0Ns45VopNY0umEgHnon,nappali,BENNE_ABLAK
pcKzkYgCUpVc1YGsfcG9cuHwhIFq,nappali,BENNE_ABLAK
2mf1pytEKj8RM8in6MbEzrMBMAX1,erdo,BENNE_AG
TuiyHopNE0Ns45VopNY0umEgHnon,nappali,BENNE_AJTO
2mf1pytEKj8RM8in6MbEzrMBMAX1,erdo,BENNE_ALLAT
2mf1pytEKj8RM8in6MbEzrMBMAX1,erdo,BENNE_ALLAT
46yfoWhTy2iS3zBBIKYeTkITLWIt,erdo,BENNE_ALLAT
8H7wVsJ31BN7WW6cJBe3DWB7ZJO9,erdo,BENNE_ALLAT
8H7wVsJ31BN7WW6cJBe3DWB7ZJO9,erdo,BENNE_ALLAT
8H7wVsJ31BN7WW6cJBe3DWB7ZJO9,erdo,BENNE_ALLAT
DL3j5JV4aiCT3r9LNq9fctuLkefs,erdo,BENNE_ALLAT
DL3j5JV4aiCT3r9LNq9fctuLkefs,erdo,BENNE_ALLAT
XUQR36tyWgppAe5zdMBRy1MXndde,erdo,BENNE_ALLAT
XWItECLFYo8VG5SskW9iQPJI7pRA,erdo,BENNE_ALLAT
Z5DTSVEQk3FtNUWlQHkHPAEBPtsT,erdo,BENNE_ALLAT
Z5DTSVEQk3FtNUWlQHkHPAEBPtsT,erdo,BENNE_ALLAT
ZE4Vso19ws4GQBEbRlAx3gqRf2Ql,erdo,BENNE_ALLAT
b6lgi9tN1sInFmZy2YsPCSjxaQID,erdo,BENNE_ALLAT
gwTxL0T8HQFlooQEgkqQvBG4rHtl,erdo,BENNE_ALLAT
kudJQ7AAOK0KetYJYKSTcQ60xJre,erdo,BENNE_ALLAT
vu240s5N1IMDtgWR79UZHs2w0H6C,erdo,BENNE_ALLAT
vu240s5N1IMDtgWR79UZHs2w0H6C,erdo,BENNE_ALLAT
wChCSZMZUV5HgFOPQqYJsHLy8yej,erdo,BENNE_ALLAT
jBpNE83rvgjtcjB4lQzfTlkuifEs,nappali,BENNE_ALSZIK
sTZywlkMZzaRE7Uqx1qpacwIHmlG,nappali,BENNE_ALSZIK
2mf1pytEKj8RM8in6MbEzrMBMAX1,asztal,BENNE_ANGOLHAZIFELADAT
2GQsh4qTCle4fioT2ib8QrWmurRt,nappali,BENNE_ANYA
jBpNE83rvgjtcjB4lQzfTlkuifEs,nappali,BENNE_ANYUKA
2GQsh4qTCle4fioT2ib8QrWmurRt,nappali,BENNE_APA
wChCSZMZUV5HgFOPQqYJsHLy8yej,pulover,BENNE_APROSAG
jBpNE83rvgjtcjB4lQzfTlkuifEs,nappali,BENNE_APUKA
sTZywlkMZzaRE7Uqx1qpacwIHmlG,nappali,BENNE_APUKA
TuiyHopNE0Ns45VopNY0umEgHnon,nappali,BENNE_ASZTAL
aCY8Po3E02wrI4Rrdzzxu9aTgdc7,nappali,BENNE_ASZTAL
bJxnk1ZvF1GBnye0bYpBFGuOIcsJ,nappali,BENNE_ASZTAL
cR7z9posZ25xSjb6z7sagHS235vn,nappali,BENNE_ASZTAL
n8i5leQlntXz4XoA2JVGiOB0X0nS,nappali,BENNE_ASZTAL
pcKzkYgCUpVc1YGsfcG9cuHwhIFq,nappali,BENNE_ASZTAL
2mf1pytEKj8RM8in6MbEzrMBMAX1,vonat,BENNE_ASZTAL
LDiQ49hqAeKCaIZiU4yXQEO9tTmv,jatszoter,BENNE_BABAHINTA
HM7nhqdiyPmEZCyAkPB440Ok3wSG,jatszoter,BENNE_BARAT
HM7nhqdiyPmEZCyAkPB440Ok3wSG,jatszoter,BENNE_BARAT
LDiQ49hqAeKCaIZiU4yXQEO9tTmv,jatszoter,BENNE_BARAT
NcVfp49U0WugaYJkv4r2Y3PXc7cn,jatszoter,BENNE_BARAT
Vi4tvYPaMpHrJtchbz4qPsufSAd3,jatszoter,BENNE_BARAT
WukuItBR0pKip9BVBEXWLXAS465F,jatszoter,BENNE_BARAT
gZUIZf0CyPQa4w9Wggvx5cJkQ4C2,jatszoter,BENNE_BARAT
ve2UV1qBXwAErAfwa7CBZvAjwxAb,jatszoter,BENNE_BARAT
TuiyHopNE0Ns45VopNY0umEgHnon,nappali,BENNE_BARAT
XoMV4gJmAWW8fvZJRlQJoaciIPFJ,nappali,BENNE_BARAT
2mf1pytEKj8RM8in6MbEzrMBMAX1,erdo,BENNE_BARAT
vu240s5N1IMDtgWR79UZHs2w0H6C,erdo,BENNE_BARLANG
hMhC4E5GeWS1zabc77OKHtfz529F,jatszoter,BENNE_BESZEL
8H7wVsJ31BN7WW6cJBe3DWB7ZJO9,konyv,BENNE_BETU
8H7wVsJ31BN7WW6cJBe3DWB7ZJO9,konyv,BENNE_BETU
J8IzRk7DYymlKgV6sF7Umb2Wf8kh,konyv,BENNE_BETU
d7QNG1DWNJdasfDIeRmdGvEIgJBM,konyv,BENNE_BETU
46yfoWhTy2iS3zBBIKYeTkITLWIt,erdo,BENNE_BOGAR
8H7wVsJ31BN7WW6cJBe3DWB7ZJO9,erdo,BENNE_BOGAR
pB2ZvSU9uIZYrVmru0V6dzKTR2AW,erdo,BENNE_BOGAR
DL3j5JV4aiCT3r9LNq9fctuLkefs,erdo,BENNE_BOKOR
b6lgi9tN1sInFmZy2YsPCSjxaQID,erdo,BENNE_BOKOR
bXeBh3j0gOGpCmEt68bY2NjVKwZS,erdo,BENNE_BOKOR
gwTxL0T8HQFlooQEgkqQvBG4rHtl,erdo,BENNE_BOKOR
kudJQ7AAOK0KetYJYKSTcQ60xJre,erdo,BENNE_BOKOR
pB2ZvSU9uIZYrVmru0V6dzKTR2AW,erdo,BENNE_BOKOR
TuiyHopNE0Ns45VopNY0umEgHnon,gyerek,BENNE_BOLCSODE
XUQR36tyWgppAe5zdMBRy1MXndde,erdo,BENNE_BUJOCSKAZIK
HM7nhqdiyPmEZCyAkPB440Ok3wSG,jatszoter,BENNE_BUMERANG
jBpNE83rvgjtcjB4lQzfTlkuifEs,nappali,BENNE_BUTOR
2mf1pytEKj8RM8in6MbEzrMBMAX1,lab,BENNE_CIPO
2mf1pytEKj8RM8in6MbEzrMBMAX1,lab,BENNE_CIPO
gDJxpFMvaIHBGwkBz6Z9Z5E6rqeQ,lab,BENNE_CIPO
n8i5leQlntXz4XoA2JVGiOB0X0nS,lab,BENNE_CIPO
pcKzkYgCUpVc1YGsfcG9cuHwhIFq,lab,BENNE_CIPO
8H7wVsJ31BN7WW6cJBe3DWB7ZJO9,asztal,BENNE_CUCC
46yfoWhTy2iS3zBBIKYeTkITLWIt,alma,BENNE_CUKOR
hLKflzDgIt1d1kkYiBgtD6Ildzca,nappali,BENNE_CUKORKA
cR7z9posZ25xSjb6z7sagHS235vn,nappali,BENNE_CSALAD
fsUjgv5bHGSiLIc56gAiaFH0Eodm,nappali,BENNE_CSALAD
i9zlLDQ6SJh1P1fER1TKU6Wqq2qA,nappali,BENNE_CSALAD
pcKzkYgCUpVc1YGsfcG9cuHwhIFq,nappali,BENNE_CSALAD
8H7wVsJ31BN7WW6cJBe3DWB7ZJO9,erdo,BENNE_CSALAD
TuiyHopNE0Ns45VopNY0umEgHnon,nappali,BENNE_CSALADTAG
DL3j5JV4aiCT3r9LNq9fctuLkefs,erdo,BENNE_CSALAN
DL3j5JV4aiCT3r9LNq9fctuLkefs,erdo,BENNE_CSIGA_IND
ZE4Vso19ws4GQBEbRlAx3gqRf2Ql,kez,BENNE_CSIK
cKkzcqwwIFXF6u0LdJBUTL1a4td2,szonyeg,BENNE_CSIK
Z5DTSVEQk3FtNUWlQHkHPAEBPtsT,erdo,BENNE_CSIRIPELES
pcKzkYgCUpVc1YGsfcG9cuHwhIFq,auto,BENNE_CSOMAGTARTO
cKkzcqwwIFXF6u0LdJBUTL1a4td2,kez,BENNE_CSONT
gZUIZf0CyPQa4w9Wggvx5cJkQ4C2,kez,BENNE_CSONT
J8IzRk7DYymlKgV6sF7Umb2Wf8kh,lab,BENNE_CSONT
n8i5leQlntXz4XoA2JVGiOB0X0nS,lab,BENNE_CSONT
ioDhrsJV22Fym2kwi0Enu6L7qMoB,tuzolto,BENNE_CSO_IND
LDiQ49hqAeKCaIZiU4yXQEO9tTmv,jatszoter,BENNE_CSUSZDA
NcVfp49U0WugaYJkv4r2Y3PXc7cn,jatszoter,BENNE_CSUSZDA
NcVfp49U0WugaYJkv4r2Y3PXc7cn,jatszoter,BENNE_CSUSZDA
Vi4tvYPaMpHrJtchbz4qPsufSAd3,jatszoter,BENNE_CSUSZDA
WukuItBR0pKip9BVBEXWLXAS465F,jatszoter,BENNE_CSUSZDA
d7QNG1DWNJdasfDIeRmdGvEIgJBM,jatszoter,BENNE_CSUSZDA
gDJxpFMvaIHBGwkBz6Z9Z5E6rqeQ,jatszoter,BENNE_CSUSZDA
hyQXyqpwb1eEKNKe7KdXNP9whDUd,jatszoter,BENNE_CSUSZDA
ve2UV1qBXwAErAfwa7CBZvAjwxAb,jatszoter,BENNE_CSUSZDA
YsgVSf2DRAuoIzG4hcEwSpkPiPJQ,jatszoter,BENNE_CSUSZIK
ZE4Vso19ws4GQBEbRlAx3gqRf2Ql,kard,BENNE_DESIGN
hMhC4E5GeWS1zabc77OKHtfz529F,asztal,BENNE_DESZKA
Z5DTSVEQk3FtNUWlQHkHPAEBPtsT,asztal,BENNE_DOLOG
kudJQ7AAOK0KetYJYKSTcQ60xJre,konyv,BENNE_DOLOG
J8IzRk7DYymlKgV6sF7Umb2Wf8kh,asztal,BENNE_EBEDEL
2mf1pytEKj8RM8in6MbEzrMBMAX1,erdo,BENNE_ELOLENY
8H7wVsJ31BN7WW6cJBe3DWB7ZJO9,erdo,BENNE_ELOLENY
DL3j5JV4aiCT3r9LNq9fctuLkefs,erdo,BENNE_ELOLENY
gwTxL0T8HQFlooQEgkqQvBG4rHtl,szem,BENNE_EMBER
WukuItBR0pKip9BVBEXWLXAS465F,jatszoter,BENNE_EMBER
YsgVSf2DRAuoIzG4hcEwSpkPiPJQ,jatszoter,BENNE_EMBER
cKkzcqwwIFXF6u0LdJBUTL1a4td2,jatszoter,BENNE_EMBER
XnQQOJ6n3tTZgUOBj6SEG8VnkkCr,nappali,BENNE_EMBER
aCY8Po3E02wrI4Rrdzzxu9aTgdc7,nappali,BENNE_EMBER
gkE2DF9rjk40Tdxikha0B9r2yMvP,nappali,BENNE_EMBER
hLKflzDgIt1d1kkYiBgtD6Ildzca,nappali,BENNE_EMBER
n8i5leQlntXz4XoA2JVGiOB0X0nS,nappali,BENNE_EMBER
8H7wVsJ31BN7WW6cJBe3DWB7ZJO9,erdo,BENNE_EMBER
DL3j5JV4aiCT3r9LNq9fctuLkefs,erdo,BENNE_EMBER
wChCSZMZUV5HgFOPQqYJsHLy8yej,erdo,BENNE_EMBER
ZE4Vso19ws4GQBEbRlAx3gqRf2Ql,vonat,BENNE_EMBER
ioDhrsJV22Fym2kwi0Enu6L7qMoB,vonat,BENNE_EMBER
bXeBh3j0gOGpCmEt68bY2NjVKwZS,asztal,BENNE_ENNIVALO
XUQR36tyWgppAe5zdMBRy1MXndde,kez,BENNE_ER
bXeBh3j0gOGpCmEt68bY2NjVKwZS,lab,BENNE_ER
DL3j5JV4aiCT3r9LNq9fctuLkefs,gyerek,BENNE_EROGEP
aCY8Po3E02wrI4Rrdzzxu9aTgdc7,nappali,BENNE_ESZIK
gkE2DF9rjk40Tdxikha0B9r2yMvP,nappali,BENNE_ESZIK
n8i5leQlntXz4XoA2JVGiOB0X0nS,nappali,BENNE_ESZIK
8H7wVsJ31BN7WW6cJBe3DWB7ZJO9,asztal,BENNE_ESZIK
DL3j5JV4aiCT3r9LNq9fctuLkefs,asztal,BENNE_ESZIK
J8IzRk7DYymlKgV6sF7Umb2Wf8kh,asztal,BENNE_ESZIK
Z5DTSVEQk3FtNUWlQHkHPAEBPtsT,asztal,BENNE_ESZIK
bXeBh3j0gOGpCmEt68bY2NjVKwZS,asztal,BENNE_ESZIK
gZUIZf0CyPQa4w9Wggvx5cJkQ4C2,asztal,BENNE_ESZIK
gwTxL0T8HQFlooQEgkqQvBG4rHtl,asztal,BENNE_ESZIK
hLKflzDgIt1d1kkYiBgtD6Ildzca,asztal,BENNE_ESZIK
jnjKoAau2JdPFO1Y9PwBO6XlzGha,asztal,BENNE_ESZIK
2mf1pytEKj8RM8in6MbEzrMBMAX1,vonat,BENNE_ESZIK
8H7wVsJ31BN7WW6cJBe3DWB7ZJO9,krumpli,BENNE_ETEL
XWItECLFYo8VG5SskW9iQPJI7pRA,krumpli,BENNE_ETEL
kudJQ7AAOK0KetYJYKSTcQ60xJre,bab,BENNE_ETEL
gZUIZf0CyPQa4w9Wggvx5cJkQ4C2,asztal,BENNE_ETEL
2GQsh4qTCle4fioT2ib8QrWmurRt,vonat,BENNE_ETKEZO
ioDhrsJV22Fym2kwi0Enu6L7qMoB,vonat,BENNE_ETKEZOKOCSI
Z5DTSVEQk3FtNUWlQHkHPAEBPtsT,asztal,BENNE_EVES
jBpNE83rvgjtcjB4lQzfTlkuifEs,asztal,BENNE_EVES
2mf1pytEKj8RM8in6MbEzrMBMAX1,erdo,BENNE_FA
2mf1pytEKj8RM8in6MbEzrMBMAX1,erdo,BENNE_FA
2mf1pytEKj8RM8in6MbEzrMBMAX1,erdo,BENNE_FA
8H7wVsJ31BN7WW6cJBe3DWB7ZJO9,erdo,BENNE_FA
8H7wVsJ31BN7WW6cJBe3DWB7ZJO9,erdo,BENNE_FA
DL3j5JV4aiCT3r9LNq9fctuLkefs,erdo,BENNE_FA
DL3j5JV4aiCT3r9LNq9fctuLkefs,erdo,BENNE_FA
XUQR36tyWgppAe5zdMBRy1MXndde,erdo,BENNE_FA
XWItECLFYo8VG5SskW9iQPJI7pRA,erdo,BENNE_FA
Z5DTSVEQk3FtNUWlQHkHPAEBPtsT,erdo,BENNE_FA
Z5DTSVEQk3FtNUWlQHkHPAEBPtsT,erdo,BENNE_FA
Z5DTSVEQk3FtNUWlQHkHPAEBPtsT,erdo,BENNE_FA
Z5DTSVEQk3FtNUWlQHkHPAEBPtsT,erdo,BENNE_FA
Z5DTSVEQk3FtNUWlQHkHPAEBPtsT,erdo,BENNE_FA
Z5DTSVEQk3FtNUWlQHkHPAEBPtsT,erdo,BENNE_FA
ZE4Vso19ws4GQBEbRlAx3gqRf2Ql,erdo,BENNE_FA
b6lgi9tN1sInFmZy2YsPCSjxaQID,erdo,BENNE_FA
bXeBh3j0gOGpCmEt68bY2NjVKwZS,erdo,BENNE_FA
gwTxL0T8HQFlooQEgkqQvBG4rHtl,erdo,BENNE_FA
gwTxL0T8HQFlooQEgkqQvBG4rHtl,erdo,BENNE_FA
jnjKoAau2JdPFO1Y9PwBO6XlzGha,erdo,BENNE_FA
jnjKoAau2JdPFO1Y9PwBO6XlzGha,erdo,BENNE_FA
kudJQ7AAOK0KetYJYKSTcQ60xJre,erdo,BENNE_FA
kudJQ7AAOK0KetYJYKSTcQ60xJre,erdo,BENNE_FA
pB2ZvSU9uIZYrVmru0V6dzKTR2AW,erdo,BENNE_FA
vu240s5N1IMDtgWR79UZHs2w0H6C,erdo,BENNE_FA
wChCSZMZUV5HgFOPQqYJsHLy8yej,erdo,BENNE_FA
wChCSZMZUV5HgFOPQqYJsHLy8yej,erdo,BENNE_FA
wChCSZMZUV5HgFOPQqYJsHLy8yej,erdo,BENNE_FA
pB2ZvSU9uIZYrVmru0V6dzKTR2AW,lo,BENNE_FALU
bXeBh3j0gOGpCmEt68bY2NjVKwZS,erdo,BENNE_FARKAS
pB2ZvSU9uIZYrVmru0V6dzKTR2AW,erdo,BENNE_FARKAS
i9zlLDQ6SJh1P1fER1TKU6Wqq2qA,auto,BENNE_FEK
n8i5leQlntXz4XoA2JVGiOB0X0nS,auto,BENNE_FEK
hMhC4E5GeWS1zabc77OKHtfz529F,jatszoter,BENNE_FELNOTT
n8i5leQlntXz4XoA2JVGiOB0X0nS,nappali,BENNE_FELNOTT
sTZywlkMZzaRE7Uqx1qpacwIHmlG,nappali,BENNE_FILM
hMhC4E5GeWS1zabc77OKHtfz529F,jatszoter,BENNE_FIU
gZUIZf0CyPQa4w9Wggvx5cJkQ4C2,jatszoter,BENNE_FOCIPALYA
2GQsh4qTCle4fioT2ib8QrWmurRt,nappali,BENNE_FOTEL
TuiyHopNE0Ns45VopNY0umEgHnon,nappali,BENNE_FOTEL
jBpNE83rvgjtcjB4lQzfTlkuifEs,nappali,BENNE_FOTEL
sTZywlkMZzaRE7Uqx1qpacwIHmlG,nappali,BENNE_FOTEL
sTZywlkMZzaRE7Uqx1qpacwIHmlG,nappali,BENNE_FOTEL
DL3j5JV4aiCT3r9LNq9fctuLkefs,erdo,BENNE_FOLD
Z5DTSVEQk3FtNUWlQHkHPAEBPtsT,erdo,BENNE_FOLD
b6lgi9tN1sInFmZy2YsPCSjxaQID,krumpli,BENNE_FOLD
XoMV4gJmAWW8fvZJRlQJoaciIPFJ,szonyeg,BENNE_FOLD
HM7nhqdiyPmEZCyAkPB440Ok3wSG,jatszoter,BENNE_FRIZBI
8H7wVsJ31BN7WW6cJBe3DWB7ZJO9,erdo,BENNE_FU
Z5DTSVEQk3FtNUWlQHkHPAEBPtsT,erdo,BENNE_FU
pcKzkYgCUpVc1YGsfcG9cuHwhIFq,nappali,BENNE_FUGGONY
Z5DTSVEQk3FtNUWlQHkHPAEBPtsT,asztal,BENNE_GEP
XWItECLFYo8VG5SskW9iQPJI7pRA,erdo,BENNE_GESZTENYE
HM7nhqdiyPmEZCyAkPB440Ok3wSG,jatszoter,BENNE_GOLFUTO
pB2ZvSU9uIZYrVmru0V6dzKTR2AW,szem,BENNE_GOLYO
8H7wVsJ31BN7WW6cJBe3DWB7ZJO9,erdo,BENNE_GOMBA
XUQR36tyWgppAe5zdMBRy1MXndde,erdo,BENNE_GOMBA
gwTxL0T8HQFlooQEgkqQvBG4rHtl,erdo,BENNE_GOMBA
jnjKoAau2JdPFO1Y9PwBO6XlzGha,erdo,BENNE_GOMBA
vu240s5N1IMDtgWR79UZHs2w0H6C,erdo,BENNE_GOMBA
vu240s5N1IMDtgWR79UZHs2w0H6C,erdo,BENNE_GOMBA
0ayEKzKAhgI7kLaya0CVdQ0WaTdh,jatszoter,BENNE_GYEREK
HM7nhqdiyPmEZCyAkPB440Ok3wSG,jatszoter,BENNE_GYEREK
HM7nhqdiyPmEZCyAkPB440Ok3wSG,jatszoter,BENNE_GYEREK
HM7nhqdiyPmEZCyAkPB440Ok3wSG,jatszoter,BENNE_GYEREK
J8IzRk7DYymlKgV6sF7Umb2Wf8kh,jatszoter,BENNE_GYEREK
J8IzRk7DYymlKgV6sF7Umb2Wf8kh,jatszoter,BENNE_GYEREK
LDiQ49hqAeKCaIZiU4yXQEO9tTmv,jatszoter,BENNE_GYEREK
NcVfp49U0WugaYJkv4r2Y3PXc7cn,jatszoter,BENNE_GYEREK
d7QNG1DWNJdasfDIeRmdGvEIgJBM,jatszoter,BENNE_GYEREK
gDJxpFMvaIHBGwkBz6Z9Z5E6rqeQ,jatszoter,BENNE_GYEREK
hMhC4E5GeWS1zabc77OKHtfz529F,jatszoter,BENNE_GYEREK
hyQXyqpwb1eEKNKe7KdXNP9whDUd,jatszoter,BENNE_GYEREK
hyQXyqpwb1eEKNKe7KdXNP9whDUd,jatszoter,BENNE_GYEREK
ve2UV1qBXwAErAfwa7CBZvAjwxAb,jatszoter,BENNE_GYEREK
LDiQ49hqAeKCaIZiU4yXQEO9tTmv,jatszoter,BENNE_GYEREK_IND
gkE2DF9rjk40Tdxikha0B9r2yMvP,nappali,BENNE_GYEREKSZEK
gkE2DF9rjk40Tdxikha0B9r2yMvP,nappali,BENNE_GYEREKSZEKRENY
hLKflzDgIt1d1kkYiBgtD6Ildzca,asztal,BENNE_GYERTYA
8H7wVsJ31BN7WW6cJBe3DWB7ZJO9,erdo,BENNE_GYIK
Z5DTSVEQk3FtNUWlQHkHPAEBPtsT,erdo,BENNE_GYOKER
Z5DTSVEQk3FtNUWlQHkHPAEBPtsT,asztal,BENNE_GYUMOLCS
wChCSZMZUV5HgFOPQqYJsHLy8yej,kez,BENNE_GYURU
Z5DTSVEQk3FtNUWlQHkHPAEBPtsT,erdo,BENNE_HALLGAT
TuiyHopNE0Ns45VopNY0umEgHnon,nappali,BENNE_HAZIALLAT
TuiyHopNE0Ns45VopNY0umEgHnon,nappali,BENNE_HAZIALLAT
n8i5leQlntXz4XoA2JVGiOB0X0nS,nappali,BENNE_HAZIALLAT
0ayEKzKAhgI7kLaya0CVdQ0WaTdh,jatszoter,BENNE_HINTA
HM7nhqdiyPmEZCyAkPB440Ok3wSG,jatszoter,BENNE_HINTA
LDiQ49hqAeKCaIZiU4yXQEO9tTmv,jatszoter,BENNE_HINTA
Vi4tvYPaMpHrJtchbz4qPsufSAd3,jatszoter,BENNE_HINTA
WukuItBR0pKip9BVBEXWLXAS465F,jatszoter,BENNE_HINTA
d7QNG1DWNJdasfDIeRmdGvEIgJBM,jatszoter,BENNE_HINTA
gDJxpFMvaIHBGwkBz6Z9Z5E6rqeQ,jatszoter,BENNE_HINTA
hMhC4E5GeWS1zabc77OKHtfz529F,jatszoter,BENNE_HINTA
hyQXyqpwb1eEKNKe7KdXNP9whDUd,jatszoter,BENNE_HINTA
ve2UV1qBXwAErAfwa7CBZvAjwxAb,jatszoter,BENNE_HINTA
Vi4tvYPaMpHrJtchbz4qPsufSAd3,jatszoter,BENNE_HINTALO
gZUIZf0CyPQa4w9Wggvx5cJkQ4C2,jatszoter,BENNE_HINTAZIK
NcVfp49U0WugaYJkv4r2Y3PXc7cn,jatszoter,BENNE_HOMOKOZO
cKkzcqwwIFXF6u0LdJBUTL1a4td2,jatszoter,BENNE_HOMOKOZO
gDJxpFMvaIHBGwkBz6Z9Z5E6rqeQ,jatszoter,BENNE_HOMOKOZO
8H7wVsJ31BN7WW6cJBe3DWB7ZJO9,citrom,BENNE_INNIVALO
Z5DTSVEQk3FtNUWlQHkHPAEBPtsT,erdo,BENNE_IRANY
2mf1pytEKj8RM8in6MbEzrMBMAX1,erdo,BENNE_IRAS
2mf1pytEKj8RM8in6MbEzrMBMAX1,asztal,BENNE_IRAS
8H7wVsJ31BN7WW6cJBe3DWB7ZJO9,asztal,BENNE_IRAS
2mf1pytEKj8RM8in6MbEzrMBMAX1,konyv,BENNE_IRAS
8H7wVsJ31BN7WW6cJBe3DWB7ZJO9,konyv,BENNE_IRAS
DL3j5JV4aiCT3r9LNq9fctuLkefs,konyv,BENNE_IRAS
cR7z9posZ25xSjb6z7sagHS235vn,konyv,BENNE_IRAS
gkE2DF9rjk40Tdxikha0B9r2yMvP,konyv,BENNE_IRAS
kudJQ7AAOK0KetYJYKSTcQ60xJre,konyv,BENNE_IRAS
kudJQ7AAOK0KetYJYKSTcQ60xJre,konyv,BENNE_ISMERETTERJESZTOSZOVEG
J8IzRk7DYymlKgV6sF7Umb2Wf8kh,jatszoter,BENNE_JATEK
J8IzRk7DYymlKgV6sF7Umb2Wf8kh,jatszoter,BENNE_JATEK
WukuItBR0pKip9BVBEXWLXAS465F,jatszoter,BENNE_JATEK
d7QNG1DWNJdasfDIeRmdGvEIgJBM,jatszoter,BENNE_JATEK
gZUIZf0CyPQa4w9Wggvx5cJkQ4C2,jatszoter,BENNE_JATEK
hyQXyqpwb1eEKNKe7KdXNP9whDUd,jatszoter,BENNE_JATEK
ve2UV1qBXwAErAfwa7CBZvAjwxAb,jatszoter,BENNE_JATEK
ve2UV1qBXwAErAfwa7CBZvAjwxAb,jatszoter,BENNE_JATEK
ve2UV1qBXwAErAfwa7CBZvAjwxAb,jatszoter,BENNE_JATEK
hLKflzDgIt1d1kkYiBgtD6Ildzca,nappali,BENNE_JATEK
Z5DTSVEQk3FtNUWlQHkHPAEBPtsT,asztal,BENNE_JATEK
pcKzkYgCUpVc1YGsfcG9cuHwhIFq,konyv,BENNE_JATEKSZABALY
pcKzkYgCUpVc1YGsfcG9cuHwhIFq,konyv,BENNE_JATEKSZABALY
0ayEKzKAhgI7kLaya0CVdQ0WaTdh,jatszoter,BENNE_JATSZIK
HM7nhqdiyPmEZCyAkPB440Ok3wSG,jatszoter,BENNE_JATSZIK
HM7nhqdiyPmEZCyAkPB440Ok3wSG,jatszoter,BENNE_JATSZIK
J8IzRk7DYymlKgV6sF7Umb2Wf8kh,jatszoter,BENNE_JATSZIK
LDiQ49hqAeKCaIZiU4yXQEO9tTmv,jatszoter,BENNE_JATSZIK
Vi4tvYPaMpHrJtchbz4qPsufSAd3,jatszoter,BENNE_JATSZIK
WukuItBR0pKip9BVBEXWLXAS465F,jatszoter,BENNE_JATSZIK
WukuItBR0pKip9BVBEXWLXAS465F,jatszoter,BENNE_JATSZIK
YsgVSf2DRAuoIzG4hcEwSpkPiPJQ,jatszoter,BENNE_JATSZIK
d7QNG1DWNJdasfDIeRmdGvEIgJBM,jatszoter,BENNE_JATSZIK
gDJxpFMvaIHBGwkBz6Z9Z5E6rqeQ,jatszoter,BENNE_JATSZIK
gZUIZf0CyPQa4w9Wggvx5cJkQ4C2,jatszoter,BENNE_JATSZIK
hyQXyqpwb1eEKNKe7KdXNP9whDUd,jatszoter,BENNE_JATSZIK
ve2UV1qBXwAErAfwa7CBZvAjwxAb,jatszoter,BENNE_JATSZIK
gkE2DF9rjk40Tdxikha0B9r2yMvP,nappali,BENNE_JATSZIK
jBpNE83rvgjtcjB4lQzfTlkuifEs,nappali,BENNE_JATSZIK
Z5DTSVEQk3FtNUWlQHkHPAEBPtsT,asztal,BENNE_JATSZIK
jBpNE83rvgjtcjB4lQzfTlkuifEs,asztal,BENNE_JATSZIK
2mf1pytEKj8RM8in6MbEzrMBMAX1,erdo,BENNE_JEL
2mf1pytEKj8RM8in6MbEzrMBMAX1,erdo,BENNE_JELZES
8H7wVsJ31BN7WW6cJBe3DWB7ZJO9,asztal,BENNE_KAJA
gwTxL0T8HQFlooQEgkqQvBG4rHtl,konyv,BENNE_KALAND
hLKflzDgIt1d1kkYiBgtD6Ildzca,asztal,BENNE_KALENDARIUM
TuiyHopNE0Ns45VopNY0umEgHnon,nappali,BENNE_KANAPE
XnQQOJ6n3tTZgUOBj6SEG8VnkkCr,nappali,BENNE_KANAPE
XoMV4gJmAWW8fvZJRlQJoaciIPFJ,nappali,BENNE_KANAPE
XoMV4gJmAWW8fvZJRlQJoaciIPFJ,nappali,BENNE_KANAPE
aCY8Po3E02wrI4Rrdzzxu9aTgdc7,nappali,BENNE_KANAPE
aCY8Po3E02wrI4Rrdzzxu9aTgdc7,nappali,BENNE_KANAPE
bJxnk1ZvF1GBnye0bYpBFGuOIcsJ,nappali,BENNE_KANAPE
cR7z9posZ25xSjb6z7sagHS235vn,nappali,BENNE_KANAPE
cR7z9posZ25xSjb6z7sagHS235vn,nappali,BENNE_KANAPE
cR7z9posZ25xSjb6z7sagHS235vn,nappali,BENNE_KANAPE
fsUjgv5bHGSiLIc56gAiaFH0Eodm,nappali,BENNE_KANAPE
gkE2DF9rjk40Tdxikha0B9r2yMvP,nappali,BENNE_KANAPE
n8i5leQlntXz4XoA2JVGiOB0X0nS,nappali,BENNE_KANAPE
n8i5leQlntXz4XoA2JVGiOB0X0nS,nappali,BENNE_KANAPE
pcKzkYgCUpVc1YGsfcG9cuHwhIFq,nappali,BENNE_KANAPE
sTZywlkMZzaRE7Uqx1qpacwIHmlG,nappali,BENNE_KANAPE
sTZywlkMZzaRE7Uqx1qpacwIHmlG,nappali,BENNE_KANAPE
sTZywlkMZzaRE7Uqx1qpacwIHmlG,kez,BENNE_KARKOTO
DL3j5JV4aiCT3r9LNq9fctuLkefs,erdo,BENNE_KAVICS
8H7wVsJ31BN7WW6cJBe3DWB7ZJO9,erdo,BENNE_KEMPINGEL
8H7wVsJ31BN7WW6cJBe3DWB7ZJO9,erdo,BENNE_KEMPINGEL
pcKzkYgCUpVc1YGsfcG9cuHwhIFq,nappali,BENNE_KEPEK
8H7wVsJ31BN7WW6cJBe3DWB7ZJO9,erdo,BENNE_KIGYO
46yfoWhTy2iS3zBBIKYeTkITLWIt,erdo,BENNE_KILATO
pB2ZvSU9uIZYrVmru0V6dzKTR2AW,erdo,BENNE_KIRANDUL
J8IzRk7DYymlKgV6sF7Umb2Wf8kh,jatszoter,BENNE_KISBABA
XnQQOJ6n3tTZgUOBj6SEG8VnkkCr,nappali,BENNE_KONYHA
n8i5leQlntXz4XoA2JVGiOB0X0nS,auto,BENNE_KORMANY
hMhC4E5GeWS1zabc77OKHtfz529F,szem,BENNE_KOR
Vi4tvYPaMpHrJtchbz4qPsufSAd3,jatszoter,BENNE_KORHINTA
cKkzcqwwIFXF6u0LdJBUTL1a4td2,jatszoter,BENNE_KORHINTA
cR7z9posZ25xSjb6z7sagHS235vn,konyv,BENNE_KOSZONES
ZE4Vso19ws4GQBEbRlAx3gqRf2Ql,erdo,BENNE_KULLANCS
8H7wVsJ31BN7WW6cJBe3DWB7ZJO9,erdo,BENNE_KUTYA
HM7nhqdiyPmEZCyAkPB440Ok3wSG,jatszoter,BENNE_LABDA
gkE2DF9rjk40Tdxikha0B9r2yMvP,nappali,BENNE_LAMPA
hMhC4E5GeWS1zabc77OKHtfz529F,jatszoter,BENNE_LANY
2mf1pytEKj8RM8in6MbEzrMBMAX1,konyv,BENNE_LAP
pcKzkYgCUpVc1YGsfcG9cuHwhIFq,konyv,BENNE_LAP
hLKflzDgIt1d1kkYiBgtD6Ildzca,asztal,BENNE_LEGOZIK
8H7wVsJ31BN7WW6cJBe3DWB7ZJO9,konyv,BENNE_LENY
2mf1pytEKj8RM8in6MbEzrMBMAX1,erdo,BENNE_LEVEGO
Z5DTSVEQk3FtNUWlQHkHPAEBPtsT,erdo,BENNE_LEVEGO
2mf1pytEKj8RM8in6MbEzrMBMAX1,erdo,BENNE_LEVEL
46yfoWhTy2iS3zBBIKYeTkITLWIt,erdo,BENNE_LEVEL
Z5DTSVEQk3FtNUWlQHkHPAEBPtsT,erdo,BENNE_LEVEL
bXeBh3j0gOGpCmEt68bY2NjVKwZS,erdo,BENNE_LEVEL
gwTxL0T8HQFlooQEgkqQvBG4rHtl,erdo,BENNE_LEVEL
wChCSZMZUV5HgFOPQqYJsHLy8yej,erdo,BENNE_LEVEL
wChCSZMZUV5HgFOPQqYJsHLy8yej,erdo,BENNE_LEVEL
gwTxL0T8HQFlooQEgkqQvBG4rHtl,krumpli,BENNE_LEVES
cKkzcqwwIFXF6u0LdJBUTL1a4td2,jatszoter,BENNE_LIBIKOKA
hyQXyqpwb1eEKNKe7KdXNP9whDUd,jatszoter,BENNE_LIBIKOKA
LDiQ49hqAeKCaIZiU4yXQEO9tTmv,lo,BENNE_LOVASKOCSI
n8i5leQlntXz4XoA2JVGiOB0X0nS,nappali,BENNE_MACSKA
2mf1pytEKj8RM8in6MbEzrMBMAX1,erdo,BENNE_MADAR
8H7wVsJ31BN7WW6cJBe3DWB7ZJO9,erdo,BENNE_MADAR
XUQR36tyWgppAe5zdMBRy1MXndde,erdo,BENNE_MADAR
Z5DTSVEQk3FtNUWlQHkHPAEBPtsT,erdo,BENNE_MADAR
gwTxL0T8HQFlooQEgkqQvBG4rHtl,erdo,BENNE_MADAR
kudJQ7AAOK0KetYJYKSTcQ60xJre,erdo,BENNE_MADAR
gwTxL0T8HQFlooQEgkqQvBG4rHtl,alma,BENNE_MAG
hMhC4E5GeWS1zabc77OKHtfz529F,alma,BENNE_MAG
8H7wVsJ31BN7WW6cJBe3DWB7ZJO9,citrom,BENNE_MAG
b6lgi9tN1sInFmZy2YsPCSjxaQID,citrom,BENNE_MAG
bXeBh3j0gOGpCmEt68bY2NjVKwZS,eper,BENNE_MAG
gwTxL0T8HQFlooQEgkqQvBG4rHtl,alma,BENNE_MAGHAZ
YsgVSf2DRAuoIzG4hcEwSpkPiPJQ,jatszoter,BENNE_MASZIK
0ayEKzKAhgI7kLaya0CVdQ0WaTdh,jatszoter,BENNE_MASZOFA
NcVfp49U0WugaYJkv4r2Y3PXc7cn,jatszoter,BENNE_MASZOKA
NcVfp49U0WugaYJkv4r2Y3PXc7cn,jatszoter,BENNE_MASZOKA
WukuItBR0pKip9BVBEXWLXAS465F,jatszoter,BENNE_MASZOKA
YsgVSf2DRAuoIzG4hcEwSpkPiPJQ,jatszoter,BENNE_MASZOKA
cKkzcqwwIFXF6u0LdJBUTL1a4td2,jatszoter,BENNE_MASZOKA
hMhC4E5GeWS1zabc77OKHtfz529F,jatszoter,BENNE_MASZOKA
ve2UV1qBXwAErAfwa7CBZvAjwxAb,jatszoter,BENNE_MASZOKA
Z5DTSVEQk3FtNUWlQHkHPAEBPtsT,asztal,BENNE_MATRICA
8H7wVsJ31BN7WW6cJBe3DWB7ZJO9,erdo,BENNE_MEDVE
n8i5leQlntXz4XoA2JVGiOB0X0nS,nappali,BENNE_MESE
8H7wVsJ31BN7WW6cJBe3DWB7ZJO9,konyv,BENNE_MESE
Vi4tvYPaMpHrJtchbz4qPsufSAd3,konyv,BENNE_MESE
pcKzkYgCUpVc1YGsfcG9cuHwhIFq,konyv,BENNE_MESE
gwTxL0T8HQFlooQEgkqQvBG4rHtl,erdo,BENNE_MOKUS
pB2ZvSU9uIZYrVmru0V6dzKTR2AW,erdo,BENNE_MOKUS
J8IzRk7DYymlKgV6sF7Umb2Wf8kh,vonat,BENNE_MOZDONYVEZETO
2mf1pytEKj8RM8in6MbEzrMBMAX1,lab,BENNE_NADRAG
n8i5leQlntXz4XoA2JVGiOB0X0nS,lab,BENNE_NADRAG
pcKzkYgCUpVc1YGsfcG9cuHwhIFq,lab,BENNE_NADRAG
cR7z9posZ25xSjb6z7sagHS235vn,konyv,BENNE_NEPMESE
XoMV4gJmAWW8fvZJRlQJoaciIPFJ,nappali,BENNE_NEZ
n8i5leQlntXz4XoA2JVGiOB0X0nS,nappali,BENNE_NEZ
sTZywlkMZzaRE7Uqx1qpacwIHmlG,nappali,BENNE_NEZ
2mf1pytEKj8RM8in6MbEzrMBMAX1,erdo,BENNE_NEZ
Z5DTSVEQk3FtNUWlQHkHPAEBPtsT,erdo,BENNE_NEZ
bXeBh3j0gOGpCmEt68bY2NjVKwZS,erdo,BENNE_NEZ
wChCSZMZUV5HgFOPQqYJsHLy8yej,erdo,BENNE_NEZ
bXeBh3j0gOGpCmEt68bY2NjVKwZS,erdo,BENNE_NEZELODIK
Z5DTSVEQk3FtNUWlQHkHPAEBPtsT,erdo,BENNE_NO
b6lgi9tN1sInFmZy2YsPCSjxaQID,erdo,BENNE_NO
bJxnk1ZvF1GBnye0bYpBFGuOIcsJ,nappali,BENNE_NOVENY
2mf1pytEKj8RM8in6MbEzrMBMAX1,erdo,BENNE_NOVENY
jnjKoAau2JdPFO1Y9PwBO6XlzGha,erdo,BENNE_NYUL
hLKflzDgIt1d1kkYiBgtD6Ildzca,bab,BENNE_NYUL
pB2ZvSU9uIZYrVmru0V6dzKTR2AW,erdo,BENNE_NYUSZI
kudJQ7AAOK0KetYJYKSTcQ60xJre,konyv,BENNE_OLVASMANY
sTZywlkMZzaRE7Uqx1qpacwIHmlG,kez,BENNE_ORA
sTZywlkMZzaRE7Uqx1qpacwIHmlG,kez,BENNE_ORA
DL3j5JV4aiCT3r9LNq9fctuLkefs,helikopter,BENNE_OV
bXeBh3j0gOGpCmEt68bY2NjVKwZS,erdo,BENNE_OZ
gwTxL0T8HQFlooQEgkqQvBG4rHtl,erdo,BENNE_OZ
ZE4Vso19ws4GQBEbRlAx3gqRf2Ql,erdo,BENNE_OZIKE
gDJxpFMvaIHBGwkBz6Z9Z5E6rqeQ,jatszoter,BENNE_PAD
gZUIZf0CyPQa4w9Wggvx5cJkQ4C2,jatszoter,BENNE_PALYA
2mf1pytEKj8RM8in6MbEzrMBMAX1,konyv,BENNE_PAPIRLAP
bXeBh3j0gOGpCmEt68bY2NjVKwZS,erdo,BENNE_PATAK
pB2ZvSU9uIZYrVmru0V6dzKTR2AW,erdo,BENNE_PILLANGO
pB2ZvSU9uIZYrVmru0V6dzKTR2AW,helikopter,BENNE_PILOTA
HM7nhqdiyPmEZCyAkPB440Ok3wSG,jatszoter,BENNE_PINGPONGLABDA
cR7z9posZ25xSjb6z7sagHS235vn,szem,BENNE_PUPILLA
gwTxL0T8HQFlooQEgkqQvBG4rHtl,krumpli,BENNE_PURE
bXeBh3j0gOGpCmEt68bY2NjVKwZS,ceruza,BENNE_RADIR_IND
8H7wVsJ31BN7WW6cJBe3DWB7ZJO9,erdo,BENNE_RAGADOZO
vu240s5N1IMDtgWR79UZHs2w0H6C,erdo,BENNE_RAGADOZO
2mf1pytEKj8RM8in6MbEzrMBMAX1,konyv,BENNE_RAJZ
DL3j5JV4aiCT3r9LNq9fctuLkefs,konyv,BENNE_RAJZ
DL3j5JV4aiCT3r9LNq9fctuLkefs,konyv,BENNE_RAJZ
DL3j5JV4aiCT3r9LNq9fctuLkefs,konyv,BENNE_RAJZ
gDJxpFMvaIHBGwkBz6Z9Z5E6rqeQ,jatszoter,BENNE_RAKETA
8H7wVsJ31BN7WW6cJBe3DWB7ZJO9,erdo,BENNE_ROKA
bXeBh3j0gOGpCmEt68bY2NjVKwZS,erdo,BENNE_ROKA
pB2ZvSU9uIZYrVmru0V6dzKTR2AW,erdo,BENNE_ROKA
cR7z9posZ25xSjb6z7sagHS235vn,nappali,BENNE_ROKON
jnjKoAau2JdPFO1Y9PwBO6XlzGha,erdo,BENNE_ROVAR
ve2UV1qBXwAErAfwa7CBZvAjwxAb,lab,BENNE_RUHA
8H7wVsJ31BN7WW6cJBe3DWB7ZJO9,citrom,BENNE_SALATA_IND
8H7wVsJ31BN7WW6cJBe3DWB7ZJO9,erdo,BENNE_SETAL
8H7wVsJ31BN7WW6cJBe3DWB7ZJO9,erdo,BENNE_SETAL
sTZywlkMZzaRE7Uqx1qpacwIHmlG,nappali,BENNE_SOROZAT
wChCSZMZUV5HgFOPQqYJsHLy8yej,erdo,BENNE_SOVENY
bXeBh3j0gOGpCmEt68bY2NjVKwZS,erdo,BENNE_SUNI
bXeBh3j0gOGpCmEt68bY2NjVKwZS,erdo,BENNE_SUNI
bXeBh3j0gOGpCmEt68bY2NjVKwZS,erdo,BENNE_SUNI
pB2ZvSU9uIZYrVmru0V6dzKTR2AW,erdo,BENNE_SUNI
2mf1pytEKj8RM8in6MbEzrMBMAX1,asztal,BENNE_SZALVETA
8H7wVsJ31BN7WW6cJBe3DWB7ZJO9,asztal,BENNE_SZALVETA
cKkzcqwwIFXF6u0LdJBUTL1a4td2,vonat,BENNE_SZAM
bXeBh3j0gOGpCmEt68bY2NjVKwZS,erdo,BENNE_SZARVAS
DL3j5JV4aiCT3r9LNq9fctuLkefs,erdo,BENNE_SZED
vu240s5N1IMDtgWR79UZHs2w0H6C,erdo,BENNE_SZED
hMhC4E5GeWS1zabc77OKHtfz529F,helikopter,BENNE_SZEK
46yfoWhTy2iS3zBBIKYeTkITLWIt,vonat,BENNE_SZEK
2GQsh4qTCle4fioT2ib8QrWmurRt,nappali,BENNE_SZEKRENY
TuiyHopNE0Ns45VopNY0umEgHnon,nappali,BENNE_SZEKRENY
XoMV4gJmAWW8fvZJRlQJoaciIPFJ,nappali,BENNE_SZEKRENY
bJxnk1ZvF1GBnye0bYpBFGuOIcsJ,nappali,BENNE_SZEKRENY
hLKflzDgIt1d1kkYiBgtD6Ildzca,nappali,BENNE_SZEKRENY
2mf1pytEKj8RM8in6MbEzrMBMAX1,erdo,BENNE_SZEL
2mf1pytEKj8RM8in6MbEzrMBMAX1,erdo,BENNE_SZIKLA
d7QNG1DWNJdasfDIeRmdGvEIgJBM,konyv,BENNE_SZO
TuiyHopNE0Ns45VopNY0umEgHnon,nappali,BENNE_SZOBA
NcVfp49U0WugaYJkv4r2Y3PXc7cn,jatszoter,BENNE_SZORAKOZ
ve2UV1qBXwAErAfwa7CBZvAjwxAb,jatszoter,BENNE_SZORAKOZ
XoMV4gJmAWW8fvZJRlQJoaciIPFJ,nappali,BENNE_SZONYEG
cR7z9posZ25xSjb6z7sagHS235vn,nappali,BENNE_SZONYEG
fsUjgv5bHGSiLIc56gAiaFH0Eodm,nappali,BENNE_SZONYEG
jBpNE83rvgjtcjB4lQzfTlkuifEs,nappali,BENNE_SZONYEG
pcKzkYgCUpVc1YGsfcG9cuHwhIFq,nappali,BENNE_SZONYEG
2mf1pytEKj8RM8in6MbEzrMBMAX1,konyv,BENNE_SZOVEG
XoMV4gJmAWW8fvZJRlQJoaciIPFJ,nappali,BENNE_SZULO
2mf1pytEKj8RM8in6MbEzrMBMAX1,erdo,BENNE_TABLA
jnjKoAau2JdPFO1Y9PwBO6XlzGha,asztal,BENNE_TAL
2mf1pytEKj8RM8in6MbEzrMBMAX1,asztal,BENNE_TANSZER
2mf1pytEKj8RM8in6MbEzrMBMAX1,asztal,BENNE_TANYER
2mf1pytEKj8RM8in6MbEzrMBMAX1,asztal,BENNE_TANYER
8H7wVsJ31BN7WW6cJBe3DWB7ZJO9,erdo,BENNE_TAPLALEK
pcKzkYgCUpVc1YGsfcG9cuHwhIFq,nappali,BENNE_TARSASOZIK
2mf1pytEKj8RM8in6MbEzrMBMAX1,asztal,BENNE_TERITO
gwTxL0T8HQFlooQEgkqQvBG4rHtl,asztal,BENNE_TERITO
Vi4tvYPaMpHrJtchbz4qPsufSAd3,szonyeg,BENNE_TERITO
XWItECLFYo8VG5SskW9iQPJI7pRA,erdo,BENNE_TERMES
XWItECLFYo8VG5SskW9iQPJI7pRA,erdo,BENNE_TERMES
2GQsh4qTCle4fioT2ib8QrWmurRt,nappali,BENNE_TESTVER
jBpNE83rvgjtcjB4lQzfTlkuifEs,nappali,BENNE_TESTVER
TuiyHopNE0Ns45VopNY0umEgHnon,nappali,BENNE_TEVE
TuiyHopNE0Ns45VopNY0umEgHnon,nappali,BENNE_TEVE
XnQQOJ6n3tTZgUOBj6SEG8VnkkCr,nappali,BENNE_TEVE
XoMV4gJmAWW8fvZJRlQJoaciIPFJ,nappali,BENNE_TEVE
XoMV4gJmAWW8fvZJRlQJoaciIPFJ,nappali,BENNE_TEVE
aCY8Po3E02wrI4Rrdzzxu9aTgdc7,nappali,BENNE_TEVE
cR7z9posZ25xSjb6z7sagHS235vn,nappali,BENNE_TEVE
fsUjgv5bHGSiLIc56gAiaFH0Eodm,nappali,BENNE_TEVE
gkE2DF9rjk40Tdxikha0B9r2yMvP,nappali,BENNE_TEVE
hLKflzDgIt1d1kkYiBgtD6Ildzca,nappali,BENNE_TEVE
jBpNE83rvgjtcjB4lQzfTlkuifEs,nappali,BENNE_TEVE
jBpNE83rvgjtcjB4lQzfTlkuifEs,nappali,BENNE_TEVE
n8i5leQlntXz4XoA2JVGiOB0X0nS,nappali,BENNE_TEVE
pcKzkYgCUpVc1YGsfcG9cuHwhIFq,nappali,BENNE_TEVE
sTZywlkMZzaRE7Uqx1qpacwIHmlG,nappali,BENNE_TEVE
sTZywlkMZzaRE7Uqx1qpacwIHmlG,nappali,BENNE_TEVE
2GQsh4qTCle4fioT2ib8QrWmurRt,nappali,BENNE_TEVEZ
gkE2DF9rjk40Tdxikha0B9r2yMvP,nappali,BENNE_TEVEZIK
J8IzRk7DYymlKgV6sF7Umb2Wf8kh,asztal,BENNE_TIZORAIZIK
8H7wVsJ31BN7WW6cJBe3DWB7ZJO9,erdo,BENNE_TO
XWItECLFYo8VG5SskW9iQPJI7pRA,erdo,BENNE_TO
2mf1pytEKj8RM8in6MbEzrMBMAX1,konyv,BENNE_TORTENET
Z5DTSVEQk3FtNUWlQHkHPAEBPtsT,erdo,BENNE_TORZS
YsgVSf2DRAuoIzG4hcEwSpkPiPJQ,jatszoter,BENNE_TRAMBULIN
2mf1pytEKj8RM8in6MbEzrMBMAX1,erdo,BENNE_TURAJELZES
2mf1pytEKj8RM8in6MbEzrMBMAX1,erdo,BENNE_TURAUTVONAL
2mf1pytEKj8RM8in6MbEzrMBMAX1,erdo,BENNE_TURAUTVONAL
8H7wVsJ31BN7WW6cJBe3DWB7ZJO9,erdo,BENNE_TURAZIK
8H7wVsJ31BN7WW6cJBe3DWB7ZJO9,erdo,BENNE_TURAZIK
XWItECLFYo8VG5SskW9iQPJI7pRA,erdo,BENNE_TURAZIK
kudJQ7AAOK0KetYJYKSTcQ60xJre,erdo,BENNE_TURAZIK
8H7wVsJ31BN7WW6cJBe3DWB7ZJO9,helikopter,BENNE_TURAZIK
2mf1pytEKj8RM8in6MbEzrMBMAX1,erdo,BENNE_TURISTA
HM7nhqdiyPmEZCyAkPB440Ok3wSG,jatszoter,BENNE_UJBARATOK
D8xwtXbTVptiRPXifIgUyGioQIkY,vonat,BENNE_UTAS
J8IzRk7DYymlKgV6sF7Umb2Wf8kh,vonat,BENNE_UTAS
J8IzRk7DYymlKgV6sF7Umb2Wf8kh,vonat,BENNE_UTAS
cKkzcqwwIFXF6u0LdJBUTL1a4td2,vonat,BENNE_UTAZIK
b6lgi9tN1sInFmZy2YsPCSjxaQID,auto,BENNE_UTAZIK
cKkzcqwwIFXF6u0LdJBUTL1a4td2,jatszoter,BENNE_UZSONNAZIK
J8IzRk7DYymlKgV6sF7Umb2Wf8kh,asztal,BENNE_UZSONNAZIK
jBpNE83rvgjtcjB4lQzfTlkuifEs,nappali,BENNE_UL
jnjKoAau2JdPFO1Y9PwBO6XlzGha,helikopter,BENNE_UL
DL3j5JV4aiCT3r9LNq9fctuLkefs,helikopter,BENNE_ULES
LDiQ49hqAeKCaIZiU4yXQEO9tTmv,auto,BENNE_ULES
TuiyHopNE0Ns45VopNY0umEgHnon,auto,BENNE_ULES
i9zlLDQ6SJh1P1fER1TKU6Wqq2qA,auto,BENNE_ULES
jBpNE83rvgjtcjB4lQzfTlkuifEs,auto,BENNE_ULES
HM7nhqdiyPmEZCyAkPB440Ok3wSG,jatszoter,BENNE_UTO
J8IzRk7DYymlKgV6sF7Umb2Wf8kh,asztal,BENNE_VACSORAZIK
b6lgi9tN1sInFmZy2YsPCSjxaQID,erdo,BENNE_VADALLAT
cKkzcqwwIFXF6u0LdJBUTL1a4td2,jatszoter,BENNE_VADASZ
bXeBh3j0gOGpCmEt68bY2NjVKwZS,erdo,BENNE_VADASZ
gwTxL0T8HQFlooQEgkqQvBG4rHtl,erdo,BENNE_VADDISZNO
ZE4Vso19ws4GQBEbRlAx3gqRf2Ql,erdo,BENNE_VADMALAC
bJxnk1ZvF1GBnye0bYpBFGuOIcsJ,nappali,BENNE_VIRAG
2mf1pytEKj8RM8in6MbEzrMBMAX1,erdo,BENNE_VIRAG
DL3j5JV4aiCT3r9LNq9fctuLkefs,erdo,BENNE_VIRAG
DL3j5JV4aiCT3r9LNq9fctuLkefs,erdo,BENNE_VIRAG
Z5DTSVEQk3FtNUWlQHkHPAEBPtsT,erdo,BENNE_VIRAG
Z5DTSVEQk3FtNUWlQHkHPAEBPtsT,erdo,BENNE_VIRAG
b6lgi9tN1sInFmZy2YsPCSjxaQID,erdo,BENNE_VIRAG
jnjKoAau2JdPFO1Y9PwBO6XlzGha,erdo,BENNE_VIRAG
pB2ZvSU9uIZYrVmru0V6dzKTR2AW,erdo,BENNE_VIRAG
8H7wVsJ31BN7WW6cJBe3DWB7ZJO9,erdo,BENNE_VISZ
46yfoWhTy2iS3zBBIKYeTkITLWIt,alma,BENNE_VITAMIN
8H7wVsJ31BN7WW6cJBe3DWB7ZJO9,citrom,BENNE_VITAMIN
ioDhrsJV22Fym2kwi0Enu6L7qMoB,tuzolto,BENNE_VIZ_IND
8H7wVsJ31BN7WW6cJBe3DWB7ZJO9,erdo,BENNE_VIZESHELY
gDJxpFMvaIHBGwkBz6Z9Z5E6rqeQ,jatszoter,BENNE_VONAT
cKkzcqwwIFXF6u0LdJBUTL1a4td2,jatszoter,BENNE_VODOR
n8i5leQlntXz4XoA2JVGiOB0X0nS,lab,BENNE_ZOKNI
bXeBh3j0gOGpCmEt68bY2NjVKwZS,cipo,BENNE_ZSINOR
gZUIZf0CyPQa4w9Wggvx5cJkQ4C2,citrom,BEVESZ_SZAJ_FOGYASZT
XUQR36tyWgppAe5zdMBRy1MXndde,asztal,BUTOROS_AKCIO
Z5DTSVEQk3FtNUWlQHkHPAEBPtsT,gyerek,CIPO_KI
bXeBh3j0gOGpCmEt68bY2NjVKwZS,hercegno,CIPO_KI
bXeBh3j0gOGpCmEt68bY2NjVKwZS,hercegno,CIPO_KI
pB2ZvSU9uIZYrVmru0V6dzKTR2AW,hercegno,CIPO_KI
8H7wVsJ31BN7WW6cJBe3DWB7ZJO9,citrom,CUKORKA_RESZE
ioDhrsJV22Fym2kwi0Enu6L7qMoB,tuzolto,CSIZMA_KI
8H7wVsJ31BN7WW6cJBe3DWB7ZJO9,citrom,CSOKI_RESZE
LDiQ49hqAeKCaIZiU4yXQEO9tTmv,eper,CSOMAG_BENNE
gDJxpFMvaIHBGwkBz6Z9Z5E6rqeQ,tuzolto,CSO_KI
bXeBh3j0gOGpCmEt68bY2NjVKwZS,asztal,DOLOG_AKCIO
YsgVSf2DRAuoIzG4hcEwSpkPiPJQ,lo,DOLOG_KI
ioDhrsJV22Fym2kwi0Enu6L7qMoB,tuzolto,DOLOG_KI
gwTxL0T8HQFlooQEgkqQvBG4rHtl,lo,EMBER_AKCIO
TuiyHopNE0Ns45VopNY0umEgHnon,szem,EMBER_AKCIO
2mf1pytEKj8RM8in6MbEzrMBMAX1,lab,EMBER_AKCIO
2mf1pytEKj8RM8in6MbEzrMBMAX1,lab,EMBER_AKCIO
pcKzkYgCUpVc1YGsfcG9cuHwhIFq,lab,EMBER_AKCIO
d7QNG1DWNJdasfDIeRmdGvEIgJBM,nadrag,EMBER_AKCIO
LDiQ49hqAeKCaIZiU4yXQEO9tTmv,cipo,EMBER_AKCIO
TuiyHopNE0Ns45VopNY0umEgHnon,cipo,EMBER_AKCIO
hMhC4E5GeWS1zabc77OKHtfz529F,cipo,EMBER_AKCIO
ve2UV1qBXwAErAfwa7CBZvAjwxAb,pulover,EMBER_AKCIO
8H7wVsJ31BN7WW6cJBe3DWB7ZJO9,citrom,EMBER_AKCIO
cR7z9posZ25xSjb6z7sagHS235vn,krumpli,EMBER_AKCIO
pcKzkYgCUpVc1YGsfcG9cuHwhIFq,krumpli,EMBER_AKCIO
gZUIZf0CyPQa4w9Wggvx5cJkQ4C2,asztal,EMBER_AKCIO
gkE2DF9rjk40Tdxikha0B9r2yMvP,szonyeg,EMBER_AKCIO
kudJQ7AAOK0KetYJYKSTcQ60xJre,konyv,EMBER_AKCIO
ZE4Vso19ws4GQBEbRlAx3gqRf2Ql,kard,EMBER_AKCIO
hLKflzDgIt1d1kkYiBgtD6Ildzca,kard,EMBER_AKCIO
wChCSZMZUV5HgFOPQqYJsHLy8yej,helikopter,EMBER_AKCIO
2mf1pytEKj8RM8in6MbEzrMBMAX1,vonat,EMBER_AKCIO
46yfoWhTy2iS3zBBIKYeTkITLWIt,vonat,EMBER_AKCIO
XWItECLFYo8VG5SskW9iQPJI7pRA,vonat,EMBER_AKCIO
ZE4Vso19ws4GQBEbRlAx3gqRf2Ql,vonat,EMBER_AKCIO
gDJxpFMvaIHBGwkBz6Z9Z5E6rqeQ,vonat,EMBER_AKCIO
bJxnk1ZvF1GBnye0bYpBFGuOIcsJ,auto,EMBER_AKCIO
hLKflzDgIt1d1kkYiBgtD6Ildzca,auto,EMBER_AKCIO
pcKzkYgCUpVc1YGsfcG9cuHwhIFq,auto,EMBER_AKCIO
d7QNG1DWNJdasfDIeRmdGvEIgJBM,lab,EMBER_KI
jnjKoAau2JdPFO1Y9PwBO6XlzGha,lab,EMBER_KI
YsgVSf2DRAuoIzG4hcEwSpkPiPJQ,szonyeg,EMBER_KI
i9zlLDQ6SJh1P1fER1TKU6Wqq2qA,ceruza,EMBER_KI
i9zlLDQ6SJh1P1fER1TKU6Wqq2qA,ceruza,EMBER_KI
8H7wVsJ31BN7WW6cJBe3DWB7ZJO9,szem,EMBER_RESZE
8H7wVsJ31BN7WW6cJBe3DWB7ZJO9,szem,EMBER_RESZE
8H7wVsJ31BN7WW6cJBe3DWB7ZJO9,szem,EMBER_RESZE
8H7wVsJ31BN7WW6cJBe3DWB7ZJO9,szem,EMBER_RESZE
NcVfp49U0WugaYJkv4r2Y3PXc7cn,szem,EMBER_RESZE
XUQR36tyWgppAe5zdMBRy1MXndde,kez,EMBER_RESZE
ZE4Vso19ws4GQBEbRlAx3gqRf2Ql,kez,EMBER_RESZE
cKkzcqwwIFXF6u0LdJBUTL1a4td2,kez,EMBER_RESZE
hLKflzDgIt1d1kkYiBgtD6Ildzca,kez,EMBER_RESZE
hyQXyqpwb1eEKNKe7KdXNP9whDUd,kez,EMBER_RESZE
i9zlLDQ6SJh1P1fER1TKU6Wqq2qA,kez,EMBER_RESZE
2mf1pytEKj8RM8in6MbEzrMBMAX1,lab,EMBER_RESZE
d7QNG1DWNJdasfDIeRmdGvEIgJBM,lab,EMBER_RESZE
gkE2DF9rjk40Tdxikha0B9r2yMvP,lab,EMBER_RESZE
pcKzkYgCUpVc1YGsfcG9cuHwhIFq,lab,EMBER_RESZE
ve2UV1qBXwAErAfwa7CBZvAjwxAb,lab,EMBER_RESZE
kudJQ7AAOK0KetYJYKSTcQ60xJre,bab,EN_SZERET
gDJxpFMvaIHBGwkBz6Z9Z5E6rqeQ,gomba,ESO_AKCIO_IND
Vi4tvYPaMpHrJtchbz4qPsufSAd3,tuzolto,ESZKOZ_KI
XWItECLFYo8VG5SskW9iQPJI7pRA,kacsa,FAJTA_ALLAT
XnQQOJ6n3tTZgUOBj6SEG8VnkkCr,kacsa,FAJTA_ALLAT
XnQQOJ6n3tTZgUOBj6SEG8VnkkCr,kacsa,FAJTA_ALLAT
aCY8Po3E02wrI4Rrdzzxu9aTgdc7,kacsa,FAJTA_ALLAT
b6lgi9tN1sInFmZy2YsPCSjxaQID,kacsa,FAJTA_ALLAT
cKkzcqwwIFXF6u0LdJBUTL1a4td2,kacsa,FAJTA_ALLAT
gkE2DF9rjk40Tdxikha0B9r2yMvP,kacsa,FAJTA_ALLAT
hLKflzDgIt1d1kkYiBgtD6Ildzca,kacsa,FAJTA_ALLAT
XoMV4gJmAWW8fvZJRlQJoaciIPFJ,kutya,FAJTA_ALLAT
Z5DTSVEQk3FtNUWlQHkHPAEBPtsT,kutya,FAJTA_ALLAT
ZE4Vso19ws4GQBEbRlAx3gqRf2Ql,kutya,FAJTA_ALLAT
bJxnk1ZvF1GBnye0bYpBFGuOIcsJ,kutya,FAJTA_ALLAT
fsUjgv5bHGSiLIc56gAiaFH0Eodm,kutya,FAJTA_ALLAT
hyQXyqpwb1eEKNKe7KdXNP9whDUd,kutya,FAJTA_ALLAT
ioDhrsJV22Fym2kwi0Enu6L7qMoB,kutya,FAJTA_ALLAT
n8i5leQlntXz4XoA2JVGiOB0X0nS,kutya,FAJTA_ALLAT
sTZywlkMZzaRE7Uqx1qpacwIHmlG,kutya,FAJTA_ALLAT
wChCSZMZUV5HgFOPQqYJsHLy8yej,kutya,FAJTA_ALLAT
wChCSZMZUV5HgFOPQqYJsHLy8yej,kutya,FAJTA_ALLAT
2GQsh4qTCle4fioT2ib8QrWmurRt,lo,FAJTA_ALLAT
2GQsh4qTCle4fioT2ib8QrWmurRt,lo,FAJTA_ALLAT
2mf1pytEKj8RM8in6MbEzrMBMAX1,lo,FAJTA_ALLAT
46yfoWhTy2iS3zBBIKYeTkITLWIt,lo,FAJTA_ALLAT
8H7wVsJ31BN7WW6cJBe3DWB7ZJO9,lo,FAJTA_ALLAT
HM7nhqdiyPmEZCyAkPB440Ok3wSG,lo,FAJTA_ALLAT
NcVfp49U0WugaYJkv4r2Y3PXc7cn,lo,FAJTA_ALLAT
Vi4tvYPaMpHrJtchbz4qPsufSAd3,lo,FAJTA_ALLAT
XUQR36tyWgppAe5zdMBRy1MXndde,lo,FAJTA_ALLAT
YsgVSf2DRAuoIzG4hcEwSpkPiPJQ,lo,FAJTA_ALLAT
cR7z9posZ25xSjb6z7sagHS235vn,lo,FAJTA_ALLAT
gZUIZf0CyPQa4w9Wggvx5cJkQ4C2,lo,FAJTA_ALLAT
gwTxL0T8HQFlooQEgkqQvBG4rHtl,lo,FAJTA_ALLAT
pB2ZvSU9uIZYrVmru0V6dzKTR2AW,lo,FAJTA_ALLAT
pcKzkYgCUpVc1YGsfcG9cuHwhIFq,lo,FAJTA_ALLAT
XWItECLFYo8VG5SskW9iQPJI7pRA,erdo,FAJTA_ALLAT
wChCSZMZUV5HgFOPQqYJsHLy8yej,erdo,FAJTA_ALLAT
aCY8Po3E02wrI4Rrdzzxu9aTgdc7,szonyeg,FAJTA_ALLAT
NcVfp49U0WugaYJkv4r2Y3PXc7cn,pulover,FAJTA_ANYAG
n8i5leQlntXz4XoA2JVGiOB0X0nS,auto,FAJTA_ARAMOS
gkE2DF9rjk40Tdxikha0B9r2yMvP,bab,FAJTA_BANAN
XWItECLFYo8VG5SskW9iQPJI7pRA,sepru,FAJTA_BOT
cR7z9posZ25xSjb6z7sagHS235vn,nappali,FAJTA_BUTOR
n8i5leQlntXz4XoA2JVGiOB0X0nS,nappali,FAJTA_BUTOR
bXeBh3j0gOGpCmEt68bY2NjVKwZS,asztal,FAJTA_BUTOR
gZUIZf0CyPQa4w9Wggvx5cJkQ4C2,asztal,FAJTA_BUTOR
HM7nhqdiyPmEZCyAkPB440Ok3wSG,citrom,FAJTA_CITRUSFELE
2mf1pytEKj8RM8in6MbEzrMBMAX1,lab,FAJTA_COMB
Z5DTSVEQk3FtNUWlQHkHPAEBPtsT,lab,FAJTA_COMB
8H7wVsJ31BN7WW6cJBe3DWB7ZJO9,szem,FAJTA_DOLOG
hMhC4E5GeWS1zabc77OKHtfz529F,szem,FAJTA_DOLOG
ZE4Vso19ws4GQBEbRlAx3gqRf2Ql,kez,FAJTA_DOLOG
bXeBh3j0gOGpCmEt68bY2NjVKwZS,lab,FAJTA_DOLOG
gwTxL0T8HQFlooQEgkqQvBG4rHtl,cipo,FAJTA_DOLOG
cKkzcqwwIFXF6u0LdJBUTL1a4td2,eper,FAJTA_DOLOG
n8i5leQlntXz4XoA2JVGiOB0X0nS,krumpli,FAJTA_DOLOG
HM7nhqdiyPmEZCyAkPB440Ok3wSG,asztal,FAJTA_DOLOG
2GQsh4qTCle4fioT2ib8QrWmurRt,ceruza,FAJTA_DOLOG
2GQsh4qTCle4fioT2ib8QrWmurRt,ceruza,FAJTA_DOLOG
HM7nhqdiyPmEZCyAkPB440Ok3wSG,ceruza,FAJTA_DOLOG
NcVfp49U0WugaYJkv4r2Y3PXc7cn,kard,FAJTA_DOLOG
aCY8Po3E02wrI4Rrdzzxu9aTgdc7,kard,FAJTA_DOLOG
sTZywlkMZzaRE7Uqx1qpacwIHmlG,helikopter,FAJTA_DOLOG
aCY8Po3E02wrI4Rrdzzxu9aTgdc7,vonat,FAJTA_DOLOG
0ayEKzKAhgI7kLaya0CVdQ0WaTdh,kacsa,FAJTA_ELOLENY
TuiyHopNE0Ns45VopNY0umEgHnon,kacsa,FAJTA_ELOLENY
jBpNE83rvgjtcjB4lQzfTlkuifEs,kacsa,FAJTA_ELOLENY
XoMV4gJmAWW8fvZJRlQJoaciIPFJ,kutya,FAJTA_ELOLENY
d7QNG1DWNJdasfDIeRmdGvEIgJBM,kutya,FAJTA_ELOLENY
hMhC4E5GeWS1zabc77OKHtfz529F,kutya,FAJTA_ELOLENY
kudJQ7AAOK0KetYJYKSTcQ60xJre,kutya,FAJTA_ELOLENY
ve2UV1qBXwAErAfwa7CBZvAjwxAb,kutya,FAJTA_ELOLENY
DL3j5JV4aiCT3r9LNq9fctuLkefs,lo,FAJTA_ELOLENY
gZUIZf0CyPQa4w9Wggvx5cJkQ4C2,lo,FAJTA_ELOLENY
gkE2DF9rjk40Tdxikha0B9r2yMvP,gyerek,FAJTA_ELOLENY
gZUIZf0CyPQa4w9Wggvx5cJkQ4C2,hercegno,FAJTA_ELOLENY
XnQQOJ6n3tTZgUOBj6SEG8VnkkCr,gomba,FAJTA_ELOLENY
8H7wVsJ31BN7WW6cJBe3DWB7ZJO9,gyerek,FAJTA_EMBER
DL3j5JV4aiCT3r9LNq9fctuLkefs,gyerek,FAJTA_EMBER
XWItECLFYo8VG5SskW9iQPJI7pRA,gyerek,FAJTA_EMBER
cR7z9posZ25xSjb6z7sagHS235vn,gyerek,FAJTA_EMBER
gkE2DF9rjk40Tdxikha0B9r2yMvP,gyerek,FAJTA_EMBER
jnjKoAau2JdPFO1Y9PwBO6XlzGha,gyerek,FAJTA_EMBER
pcKzkYgCUpVc1YGsfcG9cuHwhIFq,gyerek,FAJTA_EMBER
HM7nhqdiyPmEZCyAkPB440Ok3wSG,tuzolto,FAJTA_EMBER
gwTxL0T8HQFlooQEgkqQvBG4rHtl,tuzolto,FAJTA_EMBER
ioDhrsJV22Fym2kwi0Enu6L7qMoB,tuzolto,FAJTA_EMBER
WukuItBR0pKip9BVBEXWLXAS465F,hercegno,FAJTA_EMBER
XoMV4gJmAWW8fvZJRlQJoaciIPFJ,kutya,FAJTA_EMLOS
gZUIZf0CyPQa4w9Wggvx5cJkQ4C2,lo,FAJTA_EMLOS
pB2ZvSU9uIZYrVmru0V6dzKTR2AW,lo,FAJTA_EMLOS
XUQR36tyWgppAe5zdMBRy1MXndde,alma,FAJTA_ENNIVALO
ve2UV1qBXwAErAfwa7CBZvAjwxAb,eper,FAJTA_ENNIVALO
XUQR36tyWgppAe5zdMBRy1MXndde,bab,FAJTA_ENNIVALO
fsUjgv5bHGSiLIc56gAiaFH0Eodm,bab,FAJTA_ENNIVALO
pB2ZvSU9uIZYrVmru0V6dzKTR2AW,szem,FAJTA_ERZEKSZERV
XUQR36tyWgppAe5zdMBRy1MXndde,helikopter,FAJTA_ESZKOZ
ioDhrsJV22Fym2kwi0Enu6L7qMoB,vonat,FAJTA_ESZKOZ
fsUjgv5bHGSiLIc56gAiaFH0Eodm,auto,FAJTA_ESZKOZ
0ayEKzKAhgI7kLaya0CVdQ0WaTdh,kacsa,FAJTA_ETEL
J8IzRk7DYymlKgV6sF7Umb2Wf8kh,alma,FAJTA_ETEL
gkE2DF9rjk40Tdxikha0B9r2yMvP,alma,FAJTA_ETEL
hMhC4E5GeWS1zabc77OKHtfz529F,alma,FAJTA_ETEL
XnQQOJ6n3tTZgUOBj6SEG8VnkkCr,citrom,FAJTA_ETEL
d7QNG1DWNJdasfDIeRmdGvEIgJBM,citrom,FAJTA_ETEL
2GQsh4qTCle4fioT2ib8QrWmurRt,eper,FAJTA_ETEL
0ayEKzKAhgI7kLaya0CVdQ0WaTdh,krumpli,FAJTA_ETEL
8H7wVsJ31BN7WW6cJBe3DWB7ZJO9,krumpli,FAJTA_ETEL
8H7wVsJ31BN7WW6cJBe3DWB7ZJO9,krumpli,FAJTA_ETEL
XWItECLFYo8VG5SskW9iQPJI7pRA,krumpli,FAJTA_ETEL
bXeBh3j0gOGpCmEt68bY2NjVKwZS,krumpli,FAJTA_ETEL
cKkzcqwwIFXF6u0LdJBUTL1a4td2,krumpli,FAJTA_ETEL
hMhC4E5GeWS1zabc77OKHtfz529F,krumpli,FAJTA_ETEL
2GQsh4qTCle4fioT2ib8QrWmurRt,bab,FAJTA_ETEL
WukuItBR0pKip9BVBEXWLXAS465F,bab,FAJTA_ETEL
Z5DTSVEQk3FtNUWlQHkHPAEBPtsT,bab,FAJTA_ETEL
ZE4Vso19ws4GQBEbRlAx3gqRf2Ql,bab,FAJTA_ETEL
gkE2DF9rjk40Tdxikha0B9r2yMvP,bab,FAJTA_ETEL
hLKflzDgIt1d1kkYiBgtD6Ildzca,bab,FAJTA_ETEL
b6lgi9tN1sInFmZy2YsPCSjxaQID,kard,FAJTA_FEGYVER
hLKflzDgIt1d1kkYiBgtD6Ildzca,kard,FAJTA_FEGYVER
n8i5leQlntXz4XoA2JVGiOB0X0nS,kard,FAJTA_FEGYVER
0ayEKzKAhgI7kLaya0CVdQ0WaTdh,gyerek,FAJTA_FELNOTT
XWItECLFYo8VG5SskW9iQPJI7pRA,gyerek,FAJTA_FELNOTT
XWItECLFYo8VG5SskW9iQPJI7pRA,gyerek,FAJTA_FELNOTT
ve2UV1qBXwAErAfwa7CBZvAjwxAb,tuzolto,FAJTA_FOGLALKOZAS
ve2UV1qBXwAErAfwa7CBZvAjwxAb,tuzolto,FAJTA_FOGLALKOZAS
YsgVSf2DRAuoIzG4hcEwSpkPiPJQ,lab,FAJTA_GATYA
hLKflzDgIt1d1kkYiBgtD6Ildzca,tuzolto,FAJTA_GEP
Z5DTSVEQk3FtNUWlQHkHPAEBPtsT,helikopter,FAJTA_GEP
DL3j5JV4aiCT3r9LNq9fctuLkefs,szem,FAJTA_GOLYO
WukuItBR0pKip9BVBEXWLXAS465F,alma,FAJTA_GYUMOLCS
XUQR36tyWgppAe5zdMBRy1MXndde,alma,FAJTA_GYUMOLCS
XWItECLFYo8VG5SskW9iQPJI7pRA,alma,FAJTA_GYUMOLCS
cR7z9posZ25xSjb6z7sagHS235vn,alma,FAJTA_GYUMOLCS
gkE2DF9rjk40Tdxikha0B9r2yMvP,alma,FAJTA_GYUMOLCS
gwTxL0T8HQFlooQEgkqQvBG4rHtl,alma,FAJTA_GYUMOLCS
hMhC4E5GeWS1zabc77OKHtfz529F,alma,FAJTA_GYUMOLCS
ioDhrsJV22Fym2kwi0Enu6L7qMoB,alma,FAJTA_GYUMOLCS
jBpNE83rvgjtcjB4lQzfTlkuifEs,alma,FAJTA_GYUMOLCS
jnjKoAau2JdPFO1Y9PwBO6XlzGha,alma,FAJTA_GYUMOLCS
pcKzkYgCUpVc1YGsfcG9cuHwhIFq,alma,FAJTA_GYUMOLCS
wChCSZMZUV5HgFOPQqYJsHLy8yej,alma,FAJTA_GYUMOLCS
8H7wVsJ31BN7WW6cJBe3DWB7ZJO9,citrom,FAJTA_GYUMOLCS
8H7wVsJ31BN7WW6cJBe3DWB7ZJO9,citrom,FAJTA_GYUMOLCS
8H7wVsJ31BN7WW6cJBe3DWB7ZJO9,citrom,FAJTA_GYUMOLCS
DL3j5JV4aiCT3r9LNq9fctuLkefs,citrom,FAJTA_GYUMOLCS
HM7nhqdiyPmEZCyAkPB440Ok3wSG,citrom,FAJTA_GYUMOLCS
TuiyHopNE0Ns45VopNY0umEgHnon,citrom,FAJTA_GYUMOLCS
XoMV4gJmAWW8fvZJRlQJoaciIPFJ,citrom,FAJTA_GYUMOLCS
aCY8Po3E02wrI4Rrdzzxu9aTgdc7,citrom,FAJTA_GYUMOLCS
b6lgi9tN1sInFmZy2YsPCSjxaQID,citrom,FAJTA_GYUMOLCS
fsUjgv5bHGSiLIc56gAiaFH0Eodm,citrom,FAJTA_GYUMOLCS
gZUIZf0CyPQa4w9Wggvx5cJkQ4C2,citrom,FAJTA_GYUMOLCS
hyQXyqpwb1eEKNKe7KdXNP9whDUd,citrom,FAJTA_GYUMOLCS
hyQXyqpwb1eEKNKe7KdXNP9whDUd,citrom,FAJTA_GYUMOLCS
i9zlLDQ6SJh1P1fER1TKU6Wqq2qA,citrom,FAJTA_GYUMOLCS
pB2ZvSU9uIZYrVmru0V6dzKTR2AW,citrom,FAJTA_GYUMOLCS
vu240s5N1IMDtgWR79UZHs2w0H6C,citrom,FAJTA_GYUMOLCS
2mf1pytEKj8RM8in6MbEzrMBMAX1,eper,FAJTA_GYUMOLCS
Vi4tvYPaMpHrJtchbz4qPsufSAd3,eper,FAJTA_GYUMOLCS
ZE4Vso19ws4GQBEbRlAx3gqRf2Ql,eper,FAJTA_GYUMOLCS
bJxnk1ZvF1GBnye0bYpBFGuOIcsJ,eper,FAJTA_GYUMOLCS
gDJxpFMvaIHBGwkBz6Z9Z5E6rqeQ,eper,FAJTA_GYUMOLCS
hLKflzDgIt1d1kkYiBgtD6Ildzca,eper,FAJTA_GYUMOLCS
kudJQ7AAOK0KetYJYKSTcQ60xJre,eper,FAJTA_GYUMOLCS
sTZywlkMZzaRE7Uqx1qpacwIHmlG,eper,FAJTA_GYUMOLCS
kudJQ7AAOK0KetYJYKSTcQ60xJre,erdo,FAJTA_GYUMOLCS
XoMV4gJmAWW8fvZJRlQJoaciIPFJ,kutya,FAJTA_HAZIALLAT
bJxnk1ZvF1GBnye0bYpBFGuOIcsJ,kutya,FAJTA_HAZIALLAT
gDJxpFMvaIHBGwkBz6Z9Z5E6rqeQ,kutya,FAJTA_HAZIALLAT
kudJQ7AAOK0KetYJYKSTcQ60xJre,kutya,FAJTA_HAZORZO
gZUIZf0CyPQa4w9Wggvx5cJkQ4C2,jatszoter,FAJTA_HELY
fsUjgv5bHGSiLIc56gAiaFH0Eodm,nappali,FAJTA_HELY
8H7wVsJ31BN7WW6cJBe3DWB7ZJO9,erdo,FAJTA_HELY
8H7wVsJ31BN7WW6cJBe3DWB7ZJO9,erdo,FAJTA_HELY
XWItECLFYo8VG5SskW9iQPJI7pRA,erdo,FAJTA_HELY
ZE4Vso19ws4GQBEbRlAx3gqRf2Ql,erdo,FAJTA_HELY
2GQsh4qTCle4fioT2ib8QrWmurRt,nappali,FAJTA_HELYISEG
TuiyHopNE0Ns45VopNY0umEgHnon,nappali,FAJTA_HELYISEG
b6lgi9tN1sInFmZy2YsPCSjxaQID,tuzolto,FAJTA_HOS
cR7z9posZ25xSjb6z7sagHS235vn,auto,FAJTA_JARGANY
8H7wVsJ31BN7WW6cJBe3DWB7ZJO9,helikopter,FAJTA_JARMU
8H7wVsJ31BN7WW6cJBe3DWB7ZJO9,helikopter,FAJTA_JARMU
gZUIZf0CyPQa4w9Wggvx5cJkQ4C2,helikopter,FAJTA_JARMU
gwTxL0T8HQFlooQEgkqQvBG4rHtl,helikopter,FAJTA_JARMU
HM7nhqdiyPmEZCyAkPB440Ok3wSG,vonat,FAJTA_JARMU
XWItECLFYo8VG5SskW9iQPJI7pRA,vonat,FAJTA_JARMU
ZE4Vso19ws4GQBEbRlAx3gqRf2Ql,vonat,FAJTA_JARMU
gkE2DF9rjk40Tdxikha0B9r2yMvP,vonat,FAJTA_JARMU
kudJQ7AAOK0KetYJYKSTcQ60xJre,vonat,FAJTA_JARMU
vu240s5N1IMDtgWR79UZHs2w0H6C,vonat,FAJTA_JARMU
XnQQOJ6n3tTZgUOBj6SEG8VnkkCr,auto,FAJTA_JARMU
b6lgi9tN1sInFmZy2YsPCSjxaQID,auto,FAJTA_JARMU
d7QNG1DWNJdasfDIeRmdGvEIgJBM,auto,FAJTA_JARMU
hLKflzDgIt1d1kkYiBgtD6Ildzca,auto,FAJTA_JARMU
hyQXyqpwb1eEKNKe7KdXNP9whDUd,auto,FAJTA_JARMU
i9zlLDQ6SJh1P1fER1TKU6Wqq2qA,auto,FAJTA_JARMU
ZE4Vso19ws4GQBEbRlAx3gqRf2Ql,eper,FAJTA_KAJA
XnQQOJ6n3tTZgUOBj6SEG8VnkkCr,kard,FAJTA_KES
XnQQOJ6n3tTZgUOBj6SEG8VnkkCr,kacsa,FAJTA_KETELTU
2mf1pytEKj8RM8in6MbEzrMBMAX1,hercegno,FAJTA_KIRALY
XWItECLFYo8VG5SskW9iQPJI7pRA,alma,FAJTA_KISLANY
2mf1pytEKj8RM8in6MbEzrMBMAX1,hercegno,FAJTA_KISLANY
n8i5leQlntXz4XoA2JVGiOB0X0nS,auto,FAJTA_KOCSI
2GQsh4qTCle4fioT2ib8QrWmurRt,bab,FAJTA_KOR
fsUjgv5bHGSiLIc56gAiaFH0Eodm,auto,FAJTA_KOZLEKEDESI
WukuItBR0pKip9BVBEXWLXAS465F,hercegno,FAJTA_LANY
d7QNG1DWNJdasfDIeRmdGvEIgJBM,hercegno,FAJTA_LANY
sTZywlkMZzaRE7Uqx1qpacwIHmlG,hercegno,FAJTA_LANY
vu240s5N1IMDtgWR79UZHs2w0H6C,hercegno,FAJTA_LANY
kudJQ7AAOK0KetYJYKSTcQ60xJre,erdo,FAJTA_LEVEGO
WukuItBR0pKip9BVBEXWLXAS465F,kacsa,FAJTA_MADAR
b6lgi9tN1sInFmZy2YsPCSjxaQID,kacsa,FAJTA_MADAR
jnjKoAau2JdPFO1Y9PwBO6XlzGha,kacsa,FAJTA_MADAR
pB2ZvSU9uIZYrVmru0V6dzKTR2AW,erdo,FAJTA_MADAR
XWItECLFYo8VG5SskW9iQPJI7pRA,kacsa,FAJTA_MADARFAJTA
HM7nhqdiyPmEZCyAkPB440Ok3wSG,tuzolto,FAJTA_MENTOSZOLGALAT
pB2ZvSU9uIZYrVmru0V6dzKTR2AW,hercegno,FAJTA_MESESZEREPLO
hMhC4E5GeWS1zabc77OKHtfz529F,szem,FAJTA_MONDAT
8H7wVsJ31BN7WW6cJBe3DWB7ZJO9,konyv,FAJTA_MUNKAFUZET
LDiQ49hqAeKCaIZiU4yXQEO9tTmv,lo,FAJTA_NEGYLABAS
gwTxL0T8HQFlooQEgkqQvBG4rHtl,lo,FAJTA_NEGYLABU
XWItECLFYo8VG5SskW9iQPJI7pRA,alma,FAJTA_NEV
XnQQOJ6n3tTZgUOBj6SEG8VnkkCr,hercegno,FAJTA_NO
jBpNE83rvgjtcjB4lQzfTlkuifEs,hercegno,FAJTA_NO
XoMV4gJmAWW8fvZJRlQJoaciIPFJ,gomba,FAJTA_NOVENY
pB2ZvSU9uIZYrVmru0V6dzKTR2AW,gomba,FAJTA_NOVENY
HM7nhqdiyPmEZCyAkPB440Ok3wSG,lo,FAJTA_PAROSUJJU
HM7nhqdiyPmEZCyAkPB440Ok3wSG,lo,FAJTA_PATAS
LDiQ49hqAeKCaIZiU4yXQEO9tTmv,lo,FAJTA_PATAS
vu240s5N1IMDtgWR79UZHs2w0H6C,kacsa,FAJTA_RAGADOZO
XoMV4gJmAWW8fvZJRlQJoaciIPFJ,helikopter,FAJTA_REFLEKTOR
jnjKoAau2JdPFO1Y9PwBO6XlzGha,helikopter,FAJTA_REPULO
d7QNG1DWNJdasfDIeRmdGvEIgJBM,nadrag,FAJTA_RUHA
8H7wVsJ31BN7WW6cJBe3DWB7ZJO9,pulover,FAJTA_RUHA
8H7wVsJ31BN7WW6cJBe3DWB7ZJO9,pulover,FAJTA_RUHA
i9zlLDQ6SJh1P1fER1TKU6Wqq2qA,pulover,FAJTA_RUHA
HM7nhqdiyPmEZCyAkPB440Ok3wSG,nadrag,FAJTA_RUHADARAB
Vi4tvYPaMpHrJtchbz4qPsufSAd3,nadrag,FAJTA_RUHADARAB
fsUjgv5bHGSiLIc56gAiaFH0Eodm,nadrag,FAJTA_RUHADARAB
jnjKoAau2JdPFO1Y9PwBO6XlzGha,cipo,FAJTA_RUHADARAB
hyQXyqpwb1eEKNKe7KdXNP9whDUd,pulover,FAJTA_RUHADARAB
ve2UV1qBXwAErAfwa7CBZvAjwxAb,pulover,FAJTA_RUHADARAB
vu240s5N1IMDtgWR79UZHs2w0H6C,pulover,FAJTA_RUHADARAB
J8IzRk7DYymlKgV6sF7Umb2Wf8kh,kacsa,FAJTA_SZARNYAS
gwTxL0T8HQFlooQEgkqQvBG4rHtl,szem,FAJTA_SZERV
XnQQOJ6n3tTZgUOBj6SEG8VnkkCr,nappali,FAJTA_SZOBA
XoMV4gJmAWW8fvZJRlQJoaciIPFJ,nappali,FAJTA_SZOBA
XoMV4gJmAWW8fvZJRlQJoaciIPFJ,nappali,FAJTA_SZOBA
cR7z9posZ25xSjb6z7sagHS235vn,nappali,FAJTA_SZOBA
cR7z9posZ25xSjb6z7sagHS235vn,nappali,FAJTA_SZOBA
gkE2DF9rjk40Tdxikha0B9r2yMvP,nappali,FAJTA_SZOBA
hLKflzDgIt1d1kkYiBgtD6Ildzca,nappali,FAJTA_SZOBA
i9zlLDQ6SJh1P1fER1TKU6Wqq2qA,nappali,FAJTA_SZOBA
ioDhrsJV22Fym2kwi0Enu6L7qMoB,nappali,FAJTA_SZOBA
ioDhrsJV22Fym2kwi0Enu6L7qMoB,nappali,FAJTA_SZOBA
n8i5leQlntXz4XoA2JVGiOB0X0nS,nappali,FAJTA_SZOBA
XUQR36tyWgppAe5zdMBRy1MXndde,hercegno,FAJTA_SZOKNYAS
HM7nhqdiyPmEZCyAkPB440Ok3wSG,tuzolto,FAJTA_SZOLGALAT
gwTxL0T8HQFlooQEgkqQvBG4rHtl,cipo,FAJTA_SZOVET
XoMV4gJmAWW8fvZJRlQJoaciIPFJ,szonyeg,FAJTA_TAKARO
8H7wVsJ31BN7WW6cJBe3DWB7ZJO9,krumpli,FAJTA_TAPANYAG
XUQR36tyWgppAe5zdMBRy1MXndde,cipo,FAJTA_TARGY
gZUIZf0CyPQa4w9Wggvx5cJkQ4C2,cipo,FAJTA_TARGY
hLKflzDgIt1d1kkYiBgtD6Ildzca,cipo,FAJTA_TARGY
DL3j5JV4aiCT3r9LNq9fctuLkefs,asztal,FAJTA_TARGY
HM7nhqdiyPmEZCyAkPB440Ok3wSG,asztal,FAJTA_TARGY
XUQR36tyWgppAe5zdMBRy1MXndde,asztal,FAJTA_TARGY
gZUIZf0CyPQa4w9Wggvx5cJkQ4C2,asztal,FAJTA_TARGY
jnjKoAau2JdPFO1Y9PwBO6XlzGha,asztal,FAJTA_TARGY
d7QNG1DWNJdasfDIeRmdGvEIgJBM,szonyeg,FAJTA_TARGY
b6lgi9tN1sInFmZy2YsPCSjxaQID,sepru,FAJTA_TARGY
HM7nhqdiyPmEZCyAkPB440Ok3wSG,ceruza,FAJTA_TARGY
XUQR36tyWgppAe5zdMBRy1MXndde,ceruza,FAJTA_TARGY
8H7wVsJ31BN7WW6cJBe3DWB7ZJO9,konyv,FAJTA_TARGY
DL3j5JV4aiCT3r9LNq9fctuLkefs,konyv,FAJTA_TARGY
TuiyHopNE0Ns45VopNY0umEgHnon,kard,FAJTA_TARGY
DL3j5JV4aiCT3r9LNq9fctuLkefs,helikopter,FAJTA_TARGY
HM7nhqdiyPmEZCyAkPB440Ok3wSG,jatszoter,FAJTA_TER
ve2UV1qBXwAErAfwa7CBZvAjwxAb,jatszoter,FAJTA_TER
n8i5leQlntXz4XoA2JVGiOB0X0nS,krumpli,FAJTA_TERMES
XUQR36tyWgppAe5zdMBRy1MXndde,erdo,FAJTA_TERULET
kudJQ7AAOK0KetYJYKSTcQ60xJre,erdo,FAJTA_TERULET
8H7wVsJ31BN7WW6cJBe3DWB7ZJO9,szem,FAJTA_TESTRESZ
hMhC4E5GeWS1zabc77OKHtfz529F,szem,FAJTA_TESTRESZ
hLKflzDgIt1d1kkYiBgtD6Ildzca,kez,FAJTA_TESTRESZ
i9zlLDQ6SJh1P1fER1TKU6Wqq2qA,kez,FAJTA_TESTRESZ
2GQsh4qTCle4fioT2ib8QrWmurRt,lab,FAJTA_TESTRESZ
J8IzRk7DYymlKgV6sF7Umb2Wf8kh,lab,FAJTA_TESTRESZ
bXeBh3j0gOGpCmEt68bY2NjVKwZS,lab,FAJTA_TESTRESZ
fsUjgv5bHGSiLIc56gAiaFH0Eodm,lab,FAJTA_TESTRESZ
gkE2DF9rjk40Tdxikha0B9r2yMvP,lab,FAJTA_TESTRESZ
ioDhrsJV22Fym2kwi0Enu6L7qMoB,lab,FAJTA_TESTRESZ
n8i5leQlntXz4XoA2JVGiOB0X0nS,alma,FAJTA_TESTRESZ
8H7wVsJ31BN7WW6cJBe3DWB7ZJO9,gyerek,FAJTA_TESTRESZ
gZUIZf0CyPQa4w9Wggvx5cJkQ4C2,kez,FAJTA_VEGTAG
HM7nhqdiyPmEZCyAkPB440Ok3wSG,lab,FAJTA_VEGTAG
ve2UV1qBXwAErAfwa7CBZvAjwxAb,lab,FAJTA_VEGTAG
HM7nhqdiyPmEZCyAkPB440Ok3wSG,tuzolto,FAJTA_VERCSOPP
pB2ZvSU9uIZYrVmru0V6dzKTR2AW,erdo,FAJTA_VIRAG
NcVfp49U0WugaYJkv4r2Y3PXc7cn,citrom,FAJTA_ZOLDSEG
d7QNG1DWNJdasfDIeRmdGvEIgJBM,citrom,FAJTA_ZOLDSEG
ZE4Vso19ws4GQBEbRlAx3gqRf2Ql,eper,FAJTA_ZOLDSEG
8H7wVsJ31BN7WW6cJBe3DWB7ZJO9,krumpli,FAJTA_ZOLDSEG
HM7nhqdiyPmEZCyAkPB440Ok3wSG,krumpli,FAJTA_ZOLDSEG
XWItECLFYo8VG5SskW9iQPJI7pRA,krumpli,FAJTA_ZOLDSEG
b6lgi9tN1sInFmZy2YsPCSjxaQID,krumpli,FAJTA_ZOLDSEG
gwTxL0T8HQFlooQEgkqQvBG4rHtl,krumpli,FAJTA_ZOLDSEG
hMhC4E5GeWS1zabc77OKHtfz529F,krumpli,FAJTA_ZOLDSEG
hyQXyqpwb1eEKNKe7KdXNP9whDUd,krumpli,FAJTA_ZOLDSEG
hyQXyqpwb1eEKNKe7KdXNP9whDUd,krumpli,FAJTA_ZOLDSEG
gZUIZf0CyPQa4w9Wggvx5cJkQ4C2,bab,FAJTA_ZOLDSEG
ioDhrsJV22Fym2kwi0Enu6L7qMoB,bab,FAJTA_ZOLDSEG
bXeBh3j0gOGpCmEt68bY2NjVKwZS,krumpli,FARMOS_AKCIO
ve2UV1qBXwAErAfwa7CBZvAjwxAb,jatszoter,FELNOTT_AKCIO
gwTxL0T8HQFlooQEgkqQvBG4rHtl,konyv,FELNOTT_KI
cR7z9posZ25xSjb6z7sagHS235vn,nappali,FILM_AKCIO_IND
2mf1pytEKj8RM8in6MbEzrMBMAX1,lo,FOGYASZT_ALMA
DL3j5JV4aiCT3r9LNq9fctuLkefs,lo,FOGYASZT_ALMA
pcKzkYgCUpVc1YGsfcG9cuHwhIFq,lo,FOGYASZT_ALMA
cR7z9posZ25xSjb6z7sagHS235vn,alma,FOGYASZT_ALMA
pcKzkYgCUpVc1YGsfcG9cuHwhIFq,alma,FOGYASZT_ALMA
pcKzkYgCUpVc1YGsfcG9cuHwhIFq,alma,FOGYASZT_ALMA
kudJQ7AAOK0KetYJYKSTcQ60xJre,kutya,FOGYASZT_CSONT
hMhC4E5GeWS1zabc77OKHtfz529F,kutya,FOGYASZT_ESO
8H7wVsJ31BN7WW6cJBe3DWB7ZJO9,lo,FOGYASZT_FU
XUQR36tyWgppAe5zdMBRy1MXndde,lo,FOGYASZT_FU
gZUIZf0CyPQa4w9Wggvx5cJkQ4C2,lo,FOGYASZT_FU
8H7wVsJ31BN7WW6cJBe3DWB7ZJO9,lo,FOGYASZT_GYUMOLCS
hLKflzDgIt1d1kkYiBgtD6Ildzca,kacsa,FOGYASZT_HAL
kudJQ7AAOK0KetYJYKSTcQ60xJre,kutya,FOGYASZT_HUS
TuiyHopNE0Ns45VopNY0umEgHnon,kacsa,FOGYASZT_KUKAC
hMhC4E5GeWS1zabc77OKHtfz529F,kutya,FOGYASZT_KUTYAELEDEL
gDJxpFMvaIHBGwkBz6Z9Z5E6rqeQ,kutya,FOGYASZT_KUTYAKAJA
bXeBh3j0gOGpCmEt68bY2NjVKwZS,kacsa,FOGYASZT_NOVENY
2mf1pytEKj8RM8in6MbEzrMBMAX1,lo,FOGYASZT_REPA
DL3j5JV4aiCT3r9LNq9fctuLkefs,lo,FOGYASZT_REPA
pcKzkYgCUpVc1YGsfcG9cuHwhIFq,lo,FOGYASZT_REPA
bXeBh3j0gOGpCmEt68bY2NjVKwZS,kacsa,FOGYASZT_ROVAR
8H7wVsJ31BN7WW6cJBe3DWB7ZJO9,lo,FOGYASZT_SALATA
8H7wVsJ31BN7WW6cJBe3DWB7ZJO9,lo,FOGYASZT_SZALMA
2mf1pytEKj8RM8in6MbEzrMBMAX1,lo,FOGYASZT_SZENA
hMhC4E5GeWS1zabc77OKHtfz529F,kutya,FOGYASZT_VIZ
2mf1pytEKj8RM8in6MbEzrMBMAX1,lo,FOGYASZT_VIZ
8H7wVsJ31BN7WW6cJBe3DWB7ZJO9,lo,FOGYASZT_VIZ
HM7nhqdiyPmEZCyAkPB440Ok3wSG,lo,FOGYASZT_ZAB
2mf1pytEKj8RM8in6MbEzrMBMAX1,gomba,GOMBASZ_AKCIO
cKkzcqwwIFXF6u0LdJBUTL1a4td2,kacsa,GYEREK_KI
jnjKoAau2JdPFO1Y9PwBO6XlzGha,lab,GYEREK_RESZE
Vi4tvYPaMpHrJtchbz4qPsufSAd3,vonat,HAMU_AKCIO
2mf1pytEKj8RM8in6MbEzrMBMAX1,vonat,HANGJA_CSIKOROG
jBpNE83rvgjtcjB4lQzfTlkuifEs,kacsa,HANGJA_GAGOGO
cKkzcqwwIFXF6u0LdJBUTL1a4td2,kacsa,HANGJA_HAPHAP
gkE2DF9rjk40Tdxikha0B9r2yMvP,kacsa,HANGJA_HAPHAP
jnjKoAau2JdPFO1Y9PwBO6XlzGha,kacsa,HANGJA_HAPHAP
XWItECLFYo8VG5SskW9iQPJI7pRA,kacsa,HANGJA_HAPOG
bXeBh3j0gOGpCmEt68bY2NjVKwZS,kacsa,HANGJA_KVAK
8H7wVsJ31BN7WW6cJBe3DWB7ZJO9,lo,HANGJA_NEJ
LDiQ49hqAeKCaIZiU4yXQEO9tTmv,lo,HANGJA_NYEHEHE
2GQsh4qTCle4fioT2ib8QrWmurRt,lo,HANGJA_NYIHAHA
2mf1pytEKj8RM8in6MbEzrMBMAX1,lo,HANGJA_NYIHAHA
HM7nhqdiyPmEZCyAkPB440Ok3wSG,lo,HANGJA_NYIHAHA
LDiQ49hqAeKCaIZiU4yXQEO9tTmv,lo,HANGJA_NYIHAHA
NcVfp49U0WugaYJkv4r2Y3PXc7cn,lo,HANGJA_NYIHAHA
gZUIZf0CyPQa4w9Wggvx5cJkQ4C2,lo,HANGJA_NYIHAHA
pcKzkYgCUpVc1YGsfcG9cuHwhIFq,lo,HANGJA_NYIHAHA
Vi4tvYPaMpHrJtchbz4qPsufSAd3,lo,HANGJA_NYIHAHAHA
LDiQ49hqAeKCaIZiU4yXQEO9tTmv,bab,HANGJA_PAFF
XUQR36tyWgppAe5zdMBRy1MXndde,lo,HANGJA_PRUSZKOLO
gDJxpFMvaIHBGwkBz6Z9Z5E6rqeQ,vonat,HANGJA_SIHUHU
n8i5leQlntXz4XoA2JVGiOB0X0nS,kutya,HANGJA_VAFF
Z5DTSVEQk3FtNUWlQHkHPAEBPtsT,kutya,HANGJA_VAUVAU
gDJxpFMvaIHBGwkBz6Z9Z5E6rqeQ,kutya,HANGJA_VAUVAU
gDJxpFMvaIHBGwkBz6Z9Z5E6rqeQ,kutya,HANGJA_VAUVAU
2mf1pytEKj8RM8in6MbEzrMBMAX1,eper,HANGYA_SZERET
2mf1pytEKj8RM8in6MbEzrMBMAX1,eper,HARAP_SZAJ_FOGYASZT
Vi4tvYPaMpHrJtchbz4qPsufSAd3,eper,HARAP_SZAJ_FOGYASZT
8H7wVsJ31BN7WW6cJBe3DWB7ZJO9,helikopter,HAROM_PROPELLER
bXeBh3j0gOGpCmEt68bY2NjVKwZS,helikopter,HAROM_PROPELLER
bXeBh3j0gOGpCmEt68bY2NjVKwZS,kacsa,HAROM_UJJ
WukuItBR0pKip9BVBEXWLXAS465F,bab,HASONLIT_BANAN
cR7z9posZ25xSjb6z7sagHS235vn,gyerek,HASONLIT_BARBIE
gZUIZf0CyPQa4w9Wggvx5cJkQ4C2,bab,HASONLIT_BOGYO
hMhC4E5GeWS1zabc77OKHtfz529F,kutya,HASONLIT_CICA
DL3j5JV4aiCT3r9LNq9fctuLkefs,pulover,HASONLIT_EMBER
LDiQ49hqAeKCaIZiU4yXQEO9tTmv,gyerek,HASONLIT_EMBER
WukuItBR0pKip9BVBEXWLXAS465F,hercegno,HASONLIT_EMBER
WukuItBR0pKip9BVBEXWLXAS465F,hercegno,HASONLIT_EMBER
gDJxpFMvaIHBGwkBz6Z9Z5E6rqeQ,tuzolto,HASONLIT_EPER
DL3j5JV4aiCT3r9LNq9fctuLkefs,gomba,HASONLIT_ESERNYO
DL3j5JV4aiCT3r9LNq9fctuLkefs,helikopter,HASONLIT_ESOCSEPP
DL3j5JV4aiCT3r9LNq9fctuLkefs,gomba,HASONLIT_FA
gZUIZf0CyPQa4w9Wggvx5cJkQ4C2,ceruza,HASONLIT_FADARABKA
cR7z9posZ25xSjb6z7sagHS235vn,sepru,HASONLIT_FARUD
gDJxpFMvaIHBGwkBz6Z9Z5E6rqeQ,szonyeg,HASONLIT_FEKVORENDOR
TuiyHopNE0Ns45VopNY0umEgHnon,gyerek,HASONLIT_FELNOTT
pcKzkYgCUpVc1YGsfcG9cuHwhIFq,gyerek,HASONLIT_FELNOTT
ZE4Vso19ws4GQBEbRlAx3gqRf2Ql,vonat,HASONLIT_GILISZTA
cR7z9posZ25xSjb6z7sagHS235vn,szem,HASONLIT_GOLYO
ZE4Vso19ws4GQBEbRlAx3gqRf2Ql,eper,HASONLIT_GOROGDINNYE
WukuItBR0pKip9BVBEXWLXAS465F,alma,HASONLIT_GYUMOLCS
J8IzRk7DYymlKgV6sF7Umb2Wf8kh,krumpli,HASONLIT_HAJOTEST
WukuItBR0pKip9BVBEXWLXAS465F,nadrag,HASONLIT_HARISNYA
WukuItBR0pKip9BVBEXWLXAS465F,bab,HASONLIT_HUVELYKUJJ
cKkzcqwwIFXF6u0LdJBUTL1a4td2,jatszoter,HASONLIT_JATSZOHAZ
XoMV4gJmAWW8fvZJRlQJoaciIPFJ,pulover,HASONLIT_KABAT
kudJQ7AAOK0KetYJYKSTcQ60xJre,pulover,HASONLIT_KABAT
bXeBh3j0gOGpCmEt68bY2NjVKwZS,asztal,HASONLIT_KALAP
bXeBh3j0gOGpCmEt68bY2NjVKwZS,ceruza,HASONLIT_KARIKA
bJxnk1ZvF1GBnye0bYpBFGuOIcsJ,kard,HASONLIT_KERESZT
ioDhrsJV22Fym2kwi0Enu6L7qMoB,bab,HASONLIT_KIFLI
2mf1pytEKj8RM8in6MbEzrMBMAX1,hercegno,HASONLIT_KIRALYNO
2GQsh4qTCle4fioT2ib8QrWmurRt,vonat,HASONLIT_KOCSI
gZUIZf0CyPQa4w9Wggvx5cJkQ4C2,citrom,HASONLIT_KOR
bXeBh3j0gOGpCmEt68bY2NjVKwZS,ceruza,HASONLIT_KUKAC
cKkzcqwwIFXF6u0LdJBUTL1a4td2,ceruza,HASONLIT_KUKAC
ZE4Vso19ws4GQBEbRlAx3gqRf2Ql,vonat,HASONLIT_MAG_IND
bXeBh3j0gOGpCmEt68bY2NjVKwZS,ceruza,HASONLIT_MEDENCE_IND
DL3j5JV4aiCT3r9LNq9fctuLkefs,pulover,HASONLIT_MELLENY
8H7wVsJ31BN7WW6cJBe3DWB7ZJO9,citrom,HASONLIT_NARANCS
8H7wVsJ31BN7WW6cJBe3DWB7ZJO9,citrom,HASONLIT_NARANCS
8H7wVsJ31BN7WW6cJBe3DWB7ZJO9,citrom,HASONLIT_NARANCS
NcVfp49U0WugaYJkv4r2Y3PXc7cn,citrom,HASONLIT_NARANCS
hLKflzDgIt1d1kkYiBgtD6Ildzca,bab,HASONLIT_NULLA
hLKflzDgIt1d1kkYiBgtD6Ildzca,bab,HASONLIT_NULLA
ioDhrsJV22Fym2kwi0Enu6L7qMoB,lab,HASONLIT_PALCIKA
gkE2DF9rjk40Tdxikha0B9r2yMvP,gyerek,HASONLIT_PATKANY
gDJxpFMvaIHBGwkBz6Z9Z5E6rqeQ,kard,HASONLIT_PISZTOLY
ve2UV1qBXwAErAfwa7CBZvAjwxAb,pulover,HASONLIT_POLO
gDJxpFMvaIHBGwkBz6Z9Z5E6rqeQ,kard,HASONLIT_PUSKA
WukuItBR0pKip9BVBEXWLXAS465F,helikopter,HASONLIT_REPULO
gZUIZf0CyPQa4w9Wggvx5cJkQ4C2,helikopter,HASONLIT_REPULO
wChCSZMZUV5HgFOPQqYJsHLy8yej,helikopter,HASONLIT_REPULO
pcKzkYgCUpVc1YGsfcG9cuHwhIFq,auto,HASONLIT_ROBOT
2mf1pytEKj8RM8in6MbEzrMBMAX1,pulover,HASONLIT_SAL
cKkzcqwwIFXF6u0LdJBUTL1a4td2,szonyeg,HASONLIT_SAL
bXeBh3j0gOGpCmEt68bY2NjVKwZS,asztal,HASONLIT_SIKSAG
sTZywlkMZzaRE7Uqx1qpacwIHmlG,nadrag,HASONLIT_SZALMA
DL3j5JV4aiCT3r9LNq9fctuLkefs,lo,HASONLIT_SZAMAR
n8i5leQlntXz4XoA2JVGiOB0X0nS,cipo,HASONLIT_SZANDAL
LDiQ49hqAeKCaIZiU4yXQEO9tTmv,bab,HASONLIT_SZIKLA
bXeBh3j0gOGpCmEt68bY2NjVKwZS,helikopter,HASONLIT_SZITAKOTO
hLKflzDgIt1d1kkYiBgtD6Ildzca,asztal,HASONLIT_TALCA
DL3j5JV4aiCT3r9LNq9fctuLkefs,asztal,HASONLIT_TEGLA
DL3j5JV4aiCT3r9LNq9fctuLkefs,pulover,HASONLIT_TEST
cKkzcqwwIFXF6u0LdJBUTL1a4td2,ceruza,HASONLIT_TESZTA
TuiyHopNE0Ns45VopNY0umEgHnon,citrom,HASONLIT_TOJAS
LDiQ49hqAeKCaIZiU4yXQEO9tTmv,bab,HASONLIT_VARGA
HM7nhqdiyPmEZCyAkPB440Ok3wSG,tuzolto,HASONLIT_VER_IND
kudJQ7AAOK0KetYJYKSTcQ60xJre,vonat,HASONLIT_VILLAMOS
Z5DTSVEQk3FtNUWlQHkHPAEBPtsT,kutya,HASONLIT_VIRSLI
pcKzkYgCUpVc1YGsfcG9cuHwhIFq,sepru,HASONLO_FELNOTT
NcVfp49U0WugaYJkv4r2Y3PXc7cn,citrom,HASONLO_LIME
gkE2DF9rjk40Tdxikha0B9r2yMvP,alma,HASONLO_REPA
bXeBh3j0gOGpCmEt68bY2NjVKwZS,cipo,HAZIALLAT_AKCIO
WukuItBR0pKip9BVBEXWLXAS465F,ceruza,HEGYEZO_AKCIO
wChCSZMZUV5HgFOPQqYJsHLy8yej,ceruza,HEGYEZO_AKCIO
gDJxpFMvaIHBGwkBz6Z9Z5E6rqeQ,tuzolto,HIVOSZAM_KI
DL3j5JV4aiCT3r9LNq9fctuLkefs,citrom,HOGYAN_LESZED_HEJ_FOGYASZT
Z5DTSVEQk3FtNUWlQHkHPAEBPtsT,eper,HOGYAN_LESZED_SZAR_FOGYASZT
WukuItBR0pKip9BVBEXWLXAS465F,alma,HOL_AG
8H7wVsJ31BN7WW6cJBe3DWB7ZJO9,gyerek,HOL_AGY
HM7nhqdiyPmEZCyAkPB440Ok3wSG,krumpli,HOL_AGYAS
2mf1pytEKj8RM8in6MbEzrMBMAX1,lab,HOL_ALJ
d7QNG1DWNJdasfDIeRmdGvEIgJBM,lab,HOL_ALJ
n8i5leQlntXz4XoA2JVGiOB0X0nS,lab,HOL_ALJ
LDiQ49hqAeKCaIZiU4yXQEO9tTmv,sepru,HOL_ALJ_IND
Z5DTSVEQk3FtNUWlQHkHPAEBPtsT,lab,HOL_ALLAT
Z5DTSVEQk3FtNUWlQHkHPAEBPtsT,kutya,HOL_ALLATBOLT
XWItECLFYo8VG5SskW9iQPJI7pRA,kacsa,HOL_ALLATKERT
NcVfp49U0WugaYJkv4r2Y3PXc7cn,lo,HOL_ALLATKERT
gwTxL0T8HQFlooQEgkqQvBG4rHtl,lo,HOL_ALLATKERT
LDiQ49hqAeKCaIZiU4yXQEO9tTmv,jatszoter,HOL_ALLATKERT
2mf1pytEKj8RM8in6MbEzrMBMAX1,vonat,HOL_ALLOMAS
kudJQ7AAOK0KetYJYKSTcQ60xJre,vonat,HOL_ALLOMAS
J8IzRk7DYymlKgV6sF7Umb2Wf8kh,alma,HOL_ALMAFA
WukuItBR0pKip9BVBEXWLXAS465F,alma,HOL_ALMAFA
jBpNE83rvgjtcjB4lQzfTlkuifEs,alma,HOL_ALMAFA
jBpNE83rvgjtcjB4lQzfTlkuifEs,alma,HOL_ALMAFA
jnjKoAau2JdPFO1Y9PwBO6XlzGha,alma,HOL_ALMAFA
n8i5leQlntXz4XoA2JVGiOB0X0nS,alma,HOL_ALMAFA
Vi4tvYPaMpHrJtchbz4qPsufSAd3,eper,HOL_AMERIKA
ve2UV1qBXwAErAfwa7CBZvAjwxAb,kutya,HOL_ANGLIA
2mf1pytEKj8RM8in6MbEzrMBMAX1,hercegno,HOL_ANGLIA
LDiQ49hqAeKCaIZiU4yXQEO9tTmv,gyerek,HOL_ANGOLORA
8H7wVsJ31BN7WW6cJBe3DWB7ZJO9,szem,HOL_ARC
LDiQ49hqAeKCaIZiU4yXQEO9tTmv,szem,HOL_ARC
WukuItBR0pKip9BVBEXWLXAS465F,szem,HOL_ARC
cR7z9posZ25xSjb6z7sagHS235vn,szem,HOL_ARC
cR7z9posZ25xSjb6z7sagHS235vn,szem,HOL_ARC
kudJQ7AAOK0KetYJYKSTcQ60xJre,szem,HOL_ARC
pB2ZvSU9uIZYrVmru0V6dzKTR2AW,szem,HOL_ARC
2mf1pytEKj8RM8in6MbEzrMBMAX1,asztal,HOL_ARUHAZ
HM7nhqdiyPmEZCyAkPB440Ok3wSG,asztal,HOL_ARUHAZ
gZUIZf0CyPQa4w9Wggvx5cJkQ4C2,ceruza,HOL_ARUHAZ
Z5DTSVEQk3FtNUWlQHkHPAEBPtsT,asztal,HOL_ASZTALOS
fsUjgv5bHGSiLIc56gAiaFH0Eodm,auto,HOL_AUTOBOLT
cR7z9posZ25xSjb6z7sagHS235vn,auto,HOL_AUTOKERESKEDES
gwTxL0T8HQFlooQEgkqQvBG4rHtl,tuzolto,HOL_AUTOPALYA
XnQQOJ6n3tTZgUOBj6SEG8VnkkCr,auto,HOL_AUTOPALYA
hLKflzDgIt1d1kkYiBgtD6Ildzca,auto,HOL_AUTOPALYA
hyQXyqpwb1eEKNKe7KdXNP9whDUd,auto,HOL_AUTOPALYA
8H7wVsJ31BN7WW6cJBe3DWB7ZJO9,szem,HOL_BABA
NcVfp49U0WugaYJkv4r2Y3PXc7cn,tuzolto,HOL_BAJ
YsgVSf2DRAuoIzG4hcEwSpkPiPJQ,helikopter,HOL_BAJ
hMhC4E5GeWS1zabc77OKHtfz529F,helikopter,HOL_BAJ
gwTxL0T8HQFlooQEgkqQvBG4rHtl,tuzolto,HOL_BALESET
n8i5leQlntXz4XoA2JVGiOB0X0nS,tuzolto,HOL_BALESET
ve2UV1qBXwAErAfwa7CBZvAjwxAb,eper,HOL_BEVASARLOKOZPONT
XoMV4gJmAWW8fvZJRlQJoaciIPFJ,citrom,HOL_BOKOR
bJxnk1ZvF1GBnye0bYpBFGuOIcsJ,eper,HOL_BOKOR
kudJQ7AAOK0KetYJYKSTcQ60xJre,eper,HOL_BOKOR
sTZywlkMZzaRE7Uqx1qpacwIHmlG,eper,HOL_BOKOR
kudJQ7AAOK0KetYJYKSTcQ60xJre,bab,HOL_BOKOR
hMhC4E5GeWS1zabc77OKHtfz529F,kutya,HOL_BOLT
0ayEKzKAhgI7kLaya0CVdQ0WaTdh,nadrag,HOL_BOLT
2GQsh4qTCle4fioT2ib8QrWmurRt,nadrag,HOL_BOLT
Vi4tvYPaMpHrJtchbz4qPsufSAd3,nadrag,HOL_BOLT
WukuItBR0pKip9BVBEXWLXAS465F,nadrag,HOL_BOLT
XWItECLFYo8VG5SskW9iQPJI7pRA,nadrag,HOL_BOLT
cKkzcqwwIFXF6u0LdJBUTL1a4td2,nadrag,HOL_BOLT
fsUjgv5bHGSiLIc56gAiaFH0Eodm,nadrag,HOL_BOLT
XUQR36tyWgppAe5zdMBRy1MXndde,cipo,HOL_BOLT
bXeBh3j0gOGpCmEt68bY2NjVKwZS,cipo,HOL_BOLT
gZUIZf0CyPQa4w9Wggvx5cJkQ4C2,cipo,HOL_BOLT
46yfoWhTy2iS3zBBIKYeTkITLWIt,pulover,HOL_BOLT
8H7wVsJ31BN7WW6cJBe3DWB7ZJO9,pulover,HOL_BOLT
DL3j5JV4aiCT3r9LNq9fctuLkefs,pulover,HOL_BOLT
NcVfp49U0WugaYJkv4r2Y3PXc7cn,pulover,HOL_BOLT
jBpNE83rvgjtcjB4lQzfTlkuifEs,pulover,HOL_BOLT
vu240s5N1IMDtgWR79UZHs2w0H6C,pulover,HOL_BOLT
WukuItBR0pKip9BVBEXWLXAS465F,alma,HOL_BOLT
XUQR36tyWgppAe5zdMBRy1MXndde,alma,HOL_BOLT
cR7z9posZ25xSjb6z7sagHS235vn,alma,HOL_BOLT
gwTxL0T8HQFlooQEgkqQvBG4rHtl,alma,HOL_BOLT
ioDhrsJV22Fym2kwi0Enu6L7qMoB,alma,HOL_BOLT
n8i5leQlntXz4XoA2JVGiOB0X0nS,alma,HOL_BOLT
8H7wVsJ31BN7WW6cJBe3DWB7ZJO9,citrom,HOL_BOLT
DL3j5JV4aiCT3r9LNq9fctuLkefs,citrom,HOL_BOLT
NcVfp49U0WugaYJkv4r2Y3PXc7cn,citrom,HOL_BOLT
2GQsh4qTCle4fioT2ib8QrWmurRt,eper,HOL_BOLT
2mf1pytEKj8RM8in6MbEzrMBMAX1,eper,HOL_BOLT
LDiQ49hqAeKCaIZiU4yXQEO9tTmv,eper,HOL_BOLT
kudJQ7AAOK0KetYJYKSTcQ60xJre,eper,HOL_BOLT
sTZywlkMZzaRE7Uqx1qpacwIHmlG,eper,HOL_BOLT
ve2UV1qBXwAErAfwa7CBZvAjwxAb,eper,HOL_BOLT
8H7wVsJ31BN7WW6cJBe3DWB7ZJO9,gyerek,HOL_BOLT
2mf1pytEKj8RM8in6MbEzrMBMAX1,gomba,HOL_BOLT
2mf1pytEKj8RM8in6MbEzrMBMAX1,gomba,HOL_BOLT
8H7wVsJ31BN7WW6cJBe3DWB7ZJO9,krumpli,HOL_BOLT
8H7wVsJ31BN7WW6cJBe3DWB7ZJO9,krumpli,HOL_BOLT
8H7wVsJ31BN7WW6cJBe3DWB7ZJO9,krumpli,HOL_BOLT
NcVfp49U0WugaYJkv4r2Y3PXc7cn,krumpli,HOL_BOLT
cR7z9posZ25xSjb6z7sagHS235vn,krumpli,HOL_BOLT
gwTxL0T8HQFlooQEgkqQvBG4rHtl,krumpli,HOL_BOLT
n8i5leQlntXz4XoA2JVGiOB0X0nS,krumpli,HOL_BOLT
2GQsh4qTCle4fioT2ib8QrWmurRt,bab,HOL_BOLT
TuiyHopNE0Ns45VopNY0umEgHnon,bab,HOL_BOLT
XUQR36tyWgppAe5zdMBRy1MXndde,bab,HOL_BOLT
kudJQ7AAOK0KetYJYKSTcQ60xJre,bab,HOL_BOLT
8H7wVsJ31BN7WW6cJBe3DWB7ZJO9,asztal,HOL_BOLT
DL3j5JV4aiCT3r9LNq9fctuLkefs,asztal,HOL_BOLT
XnQQOJ6n3tTZgUOBj6SEG8VnkkCr,szonyeg,HOL_BOLT
kudJQ7AAOK0KetYJYKSTcQ60xJre,szonyeg,HOL_BOLT
2GQsh4qTCle4fioT2ib8QrWmurRt,sepru,HOL_BOLT
NcVfp49U0WugaYJkv4r2Y3PXc7cn,sepru,HOL_BOLT
WukuItBR0pKip9BVBEXWLXAS465F,sepru,HOL_BOLT
XWItECLFYo8VG5SskW9iQPJI7pRA,sepru,HOL_BOLT
ZE4Vso19ws4GQBEbRlAx3gqRf2Ql,sepru,HOL_BOLT
cR7z9posZ25xSjb6z7sagHS235vn,sepru,HOL_BOLT
2GQsh4qTCle4fioT2ib8QrWmurRt,ceruza,HOL_BOLT
LDiQ49hqAeKCaIZiU4yXQEO9tTmv,ceruza,HOL_BOLT
WukuItBR0pKip9BVBEXWLXAS465F,ceruza,HOL_BOLT
Z5DTSVEQk3FtNUWlQHkHPAEBPtsT,ceruza,HOL_BOLT
bXeBh3j0gOGpCmEt68bY2NjVKwZS,ceruza,HOL_BOLT
gZUIZf0CyPQa4w9Wggvx5cJkQ4C2,ceruza,HOL_BOLT
vu240s5N1IMDtgWR79UZHs2w0H6C,ceruza,HOL_BOLT
vu240s5N1IMDtgWR79UZHs2w0H6C,ceruza,HOL_BOLT
DL3j5JV4aiCT3r9LNq9fctuLkefs,konyv,HOL_BOLT
Vi4tvYPaMpHrJtchbz4qPsufSAd3,konyv,HOL_BOLT
cR7z9posZ25xSjb6z7sagHS235vn,konyv,HOL_BOLT
XWItECLFYo8VG5SskW9iQPJI7pRA,kard,HOL_BOLT
bJxnk1ZvF1GBnye0bYpBFGuOIcsJ,kard,HOL_BOLT
8H7wVsJ31BN7WW6cJBe3DWB7ZJO9,gyerek,HOL_BOLCSI
Z5DTSVEQk3FtNUWlQHkHPAEBPtsT,gyerek,HOL_BOLCSI
pcKzkYgCUpVc1YGsfcG9cuHwhIFq,gyerek,HOL_BOLCSI
8H7wVsJ31BN7WW6cJBe3DWB7ZJO9,gyerek,HOL_BOLCSODE
Z5DTSVEQk3FtNUWlQHkHPAEBPtsT,erdo,HOL_BUDAKESZI
LDiQ49hqAeKCaIZiU4yXQEO9tTmv,lo,HOL_BUDAPEST
wChCSZMZUV5HgFOPQqYJsHLy8yej,helikopter,HOL_CEL
HM7nhqdiyPmEZCyAkPB440Ok3wSG,ceruza,HOL_CERUZABOLT
XUQR36tyWgppAe5zdMBRy1MXndde,ceruza,HOL_CERUZABOLT
LDiQ49hqAeKCaIZiU4yXQEO9tTmv,cipo,HOL_CIPOBOLT
XUQR36tyWgppAe5zdMBRy1MXndde,cipo,HOL_CIPOBOLT
aCY8Po3E02wrI4Rrdzzxu9aTgdc7,cipo,HOL_CIPOBOLT
gZUIZf0CyPQa4w9Wggvx5cJkQ4C2,citrom,HOL_CITROMFA
hLKflzDgIt1d1kkYiBgtD6Ildzca,kard,HOL_CSATA
gZUIZf0CyPQa4w9Wggvx5cJkQ4C2,lo,HOL_CSORDA
XoMV4gJmAWW8fvZJRlQJoaciIPFJ,gomba,HOL_DAL
ZE4Vso19ws4GQBEbRlAx3gqRf2Ql,erdo,HOL_DEBRECEN
2GQsh4qTCle4fioT2ib8QrWmurRt,eper,HOL_DOBOZ
2GQsh4qTCle4fioT2ib8QrWmurRt,bab,HOL_DOBOZ
8H7wVsJ31BN7WW6cJBe3DWB7ZJO9,krumpli,HOL_EBEDLO
DL3j5JV4aiCT3r9LNq9fctuLkefs,helikopter,HOL_EG
WukuItBR0pKip9BVBEXWLXAS465F,helikopter,HOL_EG
WukuItBR0pKip9BVBEXWLXAS465F,helikopter,HOL_EG
YsgVSf2DRAuoIzG4hcEwSpkPiPJQ,helikopter,HOL_EG
YsgVSf2DRAuoIzG4hcEwSpkPiPJQ,helikopter,HOL_EG
Z5DTSVEQk3FtNUWlQHkHPAEBPtsT,helikopter,HOL_EG
jnjKoAau2JdPFO1Y9PwBO6XlzGha,helikopter,HOL_EG
jnjKoAau2JdPFO1Y9PwBO6XlzGha,helikopter,HOL_EG
pB2ZvSU9uIZYrVmru0V6dzKTR2AW,helikopter,HOL_EG
wChCSZMZUV5HgFOPQqYJsHLy8yej,helikopter,HOL_EG
cR7z9posZ25xSjb6z7sagHS235vn,sepru,HOL_ELELMISZERBOLT
D8xwtXbTVptiRPXifIgUyGioQIkY,cipo,HOL_ELOSZOBA
TuiyHopNE0Ns45VopNY0umEgHnon,cipo,HOL_ELOSZOBA
8H7wVsJ31BN7WW6cJBe3DWB7ZJO9,szem,HOL_EMBER
DL3j5JV4aiCT3r9LNq9fctuLkefs,szem,HOL_EMBER
hMhC4E5GeWS1zabc77OKHtfz529F,szem,HOL_EMBER
gZUIZf0CyPQa4w9Wggvx5cJkQ4C2,kez,HOL_EMBER
hLKflzDgIt1d1kkYiBgtD6Ildzca,kez,HOL_EMBER
2GQsh4qTCle4fioT2ib8QrWmurRt,lab,HOL_EMBER
Z5DTSVEQk3FtNUWlQHkHPAEBPtsT,lab,HOL_EMBER
jnjKoAau2JdPFO1Y9PwBO6XlzGha,lab,HOL_EMBER
n8i5leQlntXz4XoA2JVGiOB0X0nS,lab,HOL_EMBER
pcKzkYgCUpVc1YGsfcG9cuHwhIFq,lab,HOL_EMBER
XnQQOJ6n3tTZgUOBj6SEG8VnkkCr,nadrag,HOL_EMBER
gDJxpFMvaIHBGwkBz6Z9Z5E6rqeQ,nadrag,HOL_EMBER
gkE2DF9rjk40Tdxikha0B9r2yMvP,nadrag,HOL_EMBER
sTZywlkMZzaRE7Uqx1qpacwIHmlG,nadrag,HOL_EMBER
bJxnk1ZvF1GBnye0bYpBFGuOIcsJ,cipo,HOL_EMBER
hMhC4E5GeWS1zabc77OKHtfz529F,cipo,HOL_EMBER
n8i5leQlntXz4XoA2JVGiOB0X0nS,cipo,HOL_EMBER
n8i5leQlntXz4XoA2JVGiOB0X0nS,cipo,HOL_EMBER
DL3j5JV4aiCT3r9LNq9fctuLkefs,pulover,HOL_EMBER
wChCSZMZUV5HgFOPQqYJsHLy8yej,pulover,HOL_EMBER
kudJQ7AAOK0KetYJYKSTcQ60xJre,eper,HOL_EPERFA
ve2UV1qBXwAErAfwa7CBZvAjwxAb,tuzolto,HOL_EPULET
n8i5leQlntXz4XoA2JVGiOB0X0nS,kutya,HOL_ERDO
gDJxpFMvaIHBGwkBz6Z9Z5E6rqeQ,eper,HOL_ERDO
kudJQ7AAOK0KetYJYKSTcQ60xJre,eper,HOL_ERDO
sTZywlkMZzaRE7Uqx1qpacwIHmlG,eper,HOL_ERDO
ve2UV1qBXwAErAfwa7CBZvAjwxAb,eper,HOL_ERDO
2mf1pytEKj8RM8in6MbEzrMBMAX1,gomba,HOL_ERDO
46yfoWhTy2iS3zBBIKYeTkITLWIt,gomba,HOL_ERDO
DL3j5JV4aiCT3r9LNq9fctuLkefs,gomba,HOL_ERDO
XnQQOJ6n3tTZgUOBj6SEG8VnkkCr,gomba,HOL_ERDO
XoMV4gJmAWW8fvZJRlQJoaciIPFJ,gomba,HOL_ERDO
aCY8Po3E02wrI4Rrdzzxu9aTgdc7,gomba,HOL_ERDO
d7QNG1DWNJdasfDIeRmdGvEIgJBM,gomba,HOL_ERDO
gDJxpFMvaIHBGwkBz6Z9Z5E6rqeQ,gomba,HOL_ERDO
i9zlLDQ6SJh1P1fER1TKU6Wqq2qA,gomba,HOL_ERDO
pB2ZvSU9uIZYrVmru0V6dzKTR2AW,gomba,HOL_ERDO
sTZywlkMZzaRE7Uqx1qpacwIHmlG,gomba,HOL_ERDO
wChCSZMZUV5HgFOPQqYJsHLy8yej,gomba,HOL_ERDO
8H7wVsJ31BN7WW6cJBe3DWB7ZJO9,helikopter,HOL_ERDO
8H7wVsJ31BN7WW6cJBe3DWB7ZJO9,helikopter,HOL_ERDO
gDJxpFMvaIHBGwkBz6Z9Z5E6rqeQ,tuzolto,HOL_ERDOTUZ
2mf1pytEKj8RM8in6MbEzrMBMAX1,gomba,HOL_ESO
D8xwtXbTVptiRPXifIgUyGioQIkY,gomba,HOL_ESO
D8xwtXbTVptiRPXifIgUyGioQIkY,gomba,HOL_ESO
XoMV4gJmAWW8fvZJRlQJoaciIPFJ,gomba,HOL_ESO
n8i5leQlntXz4XoA2JVGiOB0X0nS,auto,HOL_ESO
DL3j5JV4aiCT3r9LNq9fctuLkefs,erdo,HOL_ESO_IND
Z5DTSVEQk3FtNUWlQHkHPAEBPtsT,erdo,HOL_ESOERDO
XnQQOJ6n3tTZgUOBj6SEG8VnkkCr,szem,HOL_ESTE
jBpNE83rvgjtcjB4lQzfTlkuifEs,asztal,HOL_ETKEZO
hMhC4E5GeWS1zabc77OKHtfz529F,asztal,HOL_ETKEZOSZOBA
8H7wVsJ31BN7WW6cJBe3DWB7ZJO9,citrom,HOL_ETTEREM
8H7wVsJ31BN7WW6cJBe3DWB7ZJO9,citrom,HOL_ETTEREM
8H7wVsJ31BN7WW6cJBe3DWB7ZJO9,krumpli,HOL_ETTEREM
vu240s5N1IMDtgWR79UZHs2w0H6C,krumpli,HOL_ETTEREM
8H7wVsJ31BN7WW6cJBe3DWB7ZJO9,asztal,HOL_ETTEREM
DL3j5JV4aiCT3r9LNq9fctuLkefs,asztal,HOL_ETTEREM
gwTxL0T8HQFlooQEgkqQvBG4rHtl,asztal,HOL_ETTEREM
8H7wVsJ31BN7WW6cJBe3DWB7ZJO9,pulover,HOL_EVSZAK
46yfoWhTy2iS3zBBIKYeTkITLWIt,alma,HOL_FA
46yfoWhTy2iS3zBBIKYeTkITLWIt,alma,HOL_FA
WukuItBR0pKip9BVBEXWLXAS465F,alma,HOL_FA
cR7z9posZ25xSjb6z7sagHS235vn,alma,HOL_FA
cR7z9posZ25xSjb6z7sagHS235vn,alma,HOL_FA
hMhC4E5GeWS1zabc77OKHtfz529F,alma,HOL_FA
ioDhrsJV22Fym2kwi0Enu6L7qMoB,alma,HOL_FA
jBpNE83rvgjtcjB4lQzfTlkuifEs,alma,HOL_FA
pcKzkYgCUpVc1YGsfcG9cuHwhIFq,alma,HOL_FA
pcKzkYgCUpVc1YGsfcG9cuHwhIFq,alma,HOL_FA
wChCSZMZUV5HgFOPQqYJsHLy8yej,alma,HOL_FA
i9zlLDQ6SJh1P1fER1TKU6Wqq2qA,citrom,HOL_FA
Z5DTSVEQk3FtNUWlQHkHPAEBPtsT,eper,HOL_FA
2mf1pytEKj8RM8in6MbEzrMBMAX1,gomba,HOL_FA
aCY8Po3E02wrI4Rrdzzxu9aTgdc7,gomba,HOL_FA
sTZywlkMZzaRE7Uqx1qpacwIHmlG,gomba,HOL_FA
ioDhrsJV22Fym2kwi0Enu6L7qMoB,bab,HOL_FA
WukuItBR0pKip9BVBEXWLXAS465F,alma,HOL_FA_IND
n8i5leQlntXz4XoA2JVGiOB0X0nS,kutya,HOL_FALU
HM7nhqdiyPmEZCyAkPB440Ok3wSG,jatszoter,HOL_FALU
pB2ZvSU9uIZYrVmru0V6dzKTR2AW,erdo,HOL_FALU
gkE2DF9rjk40Tdxikha0B9r2yMvP,gyerek,HOL_FALU
2GQsh4qTCle4fioT2ib8QrWmurRt,lo,HOL_FARM
46yfoWhTy2iS3zBBIKYeTkITLWIt,lo,HOL_FARM
8H7wVsJ31BN7WW6cJBe3DWB7ZJO9,lo,HOL_FARM
8H7wVsJ31BN7WW6cJBe3DWB7ZJO9,lo,HOL_FARM
DL3j5JV4aiCT3r9LNq9fctuLkefs,lo,HOL_FARM
Vi4tvYPaMpHrJtchbz4qPsufSAd3,lo,HOL_FARM
YsgVSf2DRAuoIzG4hcEwSpkPiPJQ,lo,HOL_FARM
cR7z9posZ25xSjb6z7sagHS235vn,lo,HOL_FARM
pB2ZvSU9uIZYrVmru0V6dzKTR2AW,lo,HOL_FARM
vu240s5N1IMDtgWR79UZHs2w0H6C,citrom,HOL_FARM
bXeBh3j0gOGpCmEt68bY2NjVKwZS,eper,HOL_FARM
bXeBh3j0gOGpCmEt68bY2NjVKwZS,krumpli,HOL_FARM
0ayEKzKAhgI7kLaya0CVdQ0WaTdh,szem,HOL_FEJ
46yfoWhTy2iS3zBBIKYeTkITLWIt,szem,HOL_FEJ
DL3j5JV4aiCT3r9LNq9fctuLkefs,szem,HOL_FEJ
TuiyHopNE0Ns45VopNY0umEgHnon,szem,HOL_FEJ
XWItECLFYo8VG5SskW9iQPJI7pRA,szem,HOL_FEJ
XnQQOJ6n3tTZgUOBj6SEG8VnkkCr,szem,HOL_FEJ
XoMV4gJmAWW8fvZJRlQJoaciIPFJ,szem,HOL_FEJ
kudJQ7AAOK0KetYJYKSTcQ60xJre,szem,HOL_FEJ
8H7wVsJ31BN7WW6cJBe3DWB7ZJO9,pulover,HOL_FEJ
gkE2DF9rjk40Tdxikha0B9r2yMvP,kacsa,HOL_FELHO
jBpNE83rvgjtcjB4lQzfTlkuifEs,kacsa,HOL_FELSZIN
2mf1pytEKj8RM8in6MbEzrMBMAX1,gomba,HOL_FENYVES
Z5DTSVEQk3FtNUWlQHkHPAEBPtsT,ceruza,HOL_FESTOKESZLET
bXeBh3j0gOGpCmEt68bY2NjVKwZS,helikopter,HOL_FESZTIVAL
8H7wVsJ31BN7WW6cJBe3DWB7ZJO9,szem,HOL_FIGURA
8H7wVsJ31BN7WW6cJBe3DWB7ZJO9,szem,HOL_FIGURA
XnQQOJ6n3tTZgUOBj6SEG8VnkkCr,kard,HOL_FILM
2mf1pytEKj8RM8in6MbEzrMBMAX1,konyv,HOL_FIOK
YsgVSf2DRAuoIzG4hcEwSpkPiPJQ,szonyeg,HOL_FOLD
d7QNG1DWNJdasfDIeRmdGvEIgJBM,szonyeg,HOL_FOLD
46yfoWhTy2iS3zBBIKYeTkITLWIt,alma,HOL_FOLD
aCY8Po3E02wrI4Rrdzzxu9aTgdc7,citrom,HOL_FOLD
d7QNG1DWNJdasfDIeRmdGvEIgJBM,jatszoter,HOL_FOLD
ZE4Vso19ws4GQBEbRlAx3gqRf2Ql,gyerek,HOL_FOLD
2mf1pytEKj8RM8in6MbEzrMBMAX1,gomba,HOL_FOLD
46yfoWhTy2iS3zBBIKYeTkITLWIt,gomba,HOL_FOLD
d7QNG1DWNJdasfDIeRmdGvEIgJBM,gomba,HOL_FOLD
sTZywlkMZzaRE7Uqx1qpacwIHmlG,gomba,HOL_FOLD
hMhC4E5GeWS1zabc77OKHtfz529F,krumpli,HOL_FOLD
hMhC4E5GeWS1zabc77OKHtfz529F,krumpli,HOL_FOLD
LDiQ49hqAeKCaIZiU4yXQEO9tTmv,bab,HOL_FOLD
ioDhrsJV22Fym2kwi0Enu6L7qMoB,bab,HOL_FOLD
jBpNE83rvgjtcjB4lQzfTlkuifEs,bab,HOL_FOLD
jBpNE83rvgjtcjB4lQzfTlkuifEs,bab,HOL_FOLD
Vi4tvYPaMpHrJtchbz4qPsufSAd3,szonyeg,HOL_FOLD
Vi4tvYPaMpHrJtchbz4qPsufSAd3,szonyeg,HOL_FOLD
XoMV4gJmAWW8fvZJRlQJoaciIPFJ,szonyeg,HOL_FOLD
sTZywlkMZzaRE7Uqx1qpacwIHmlG,sepru,HOL_FOLD
wChCSZMZUV5HgFOPQqYJsHLy8yej,helikopter,HOL_FOLD
bJxnk1ZvF1GBnye0bYpBFGuOIcsJ,kard,HOL_FOLD_IND
NcVfp49U0WugaYJkv4r2Y3PXc7cn,krumpli,HOL_FOZELEK
gwTxL0T8HQFlooQEgkqQvBG4rHtl,krumpli,HOL_FOZELEK
bJxnk1ZvF1GBnye0bYpBFGuOIcsJ,bab,HOL_FOZELEK
gkE2DF9rjk40Tdxikha0B9r2yMvP,bab,HOL_FOZELEK
aCY8Po3E02wrI4Rrdzzxu9aTgdc7,gomba,HOL_FU
ZE4Vso19ws4GQBEbRlAx3gqRf2Ql,kutya,HOL_FU_IND
bXeBh3j0gOGpCmEt68bY2NjVKwZS,ceruza,HOL_FUZET
pB2ZvSU9uIZYrVmru0V6dzKTR2AW,ceruza,HOL_FUZET
8H7wVsJ31BN7WW6cJBe3DWB7ZJO9,konyv,HOL_FUZET
pcKzkYgCUpVc1YGsfcG9cuHwhIFq,auto,HOL_GARAZS
46yfoWhTy2iS3zBBIKYeTkITLWIt,lo,HOL_GAZDASAG
gZUIZf0CyPQa4w9Wggvx5cJkQ4C2,bab,HOL_GAZDASAG
XnQQOJ6n3tTZgUOBj6SEG8VnkkCr,hercegno,HOL_GROFCSALAD
jBpNE83rvgjtcjB4lQzfTlkuifEs,bab,HOL_GUBO
jnjKoAau2JdPFO1Y9PwBO6XlzGha,cipo,HOL_GYAR
cKkzcqwwIFXF6u0LdJBUTL1a4td2,nadrag,HOL_GYEREK
aCY8Po3E02wrI4Rrdzzxu9aTgdc7,szonyeg,HOL_GYEREKSZOBA
cR7z9posZ25xSjb6z7sagHS235vn,krumpli,HOL_GYORSETTEREM
HM7nhqdiyPmEZCyAkPB440Ok3wSG,krumpli,HOL_GYORSKAJALDA
gwTxL0T8HQFlooQEgkqQvBG4rHtl,alma,HOL_GYUMOLCSOS
TuiyHopNE0Ns45VopNY0umEgHnon,bab,HOL_GYUMOLCSOS
pB2ZvSU9uIZYrVmru0V6dzKTR2AW,citrom,HOL_GYUMOLCSOSKOSAR
WukuItBR0pKip9BVBEXWLXAS465F,alma,HOL_GYUMOLCSSALATA
cKkzcqwwIFXF6u0LdJBUTL1a4td2,eper,HOL_GYUMOLCSSALATA
WukuItBR0pKip9BVBEXWLXAS465F,alma,HOL_GYUMOLCSTAL
sTZywlkMZzaRE7Uqx1qpacwIHmlG,helikopter,HOL_HABORU
aCY8Po3E02wrI4Rrdzzxu9aTgdc7,szonyeg,HOL_HALOSZOBA
LDiQ49hqAeKCaIZiU4yXQEO9tTmv,lo,HOL_HARC
TuiyHopNE0Ns45VopNY0umEgHnon,kard,HOL_HARC
gDJxpFMvaIHBGwkBz6Z9Z5E6rqeQ,kard,HOL_HARC
XoMV4gJmAWW8fvZJRlQJoaciIPFJ,kutya,HOL_HAZ
d7QNG1DWNJdasfDIeRmdGvEIgJBM,kutya,HOL_HAZ
hMhC4E5GeWS1zabc77OKHtfz529F,kutya,HOL_HAZ
kudJQ7AAOK0KetYJYKSTcQ60xJre,kutya,HOL_HAZ
kudJQ7AAOK0KetYJYKSTcQ60xJre,kutya,HOL_HAZ
n8i5leQlntXz4XoA2JVGiOB0X0nS,cipo,HOL_HAZ
YsgVSf2DRAuoIzG4hcEwSpkPiPJQ,eper,HOL_HAZ
LDiQ49hqAeKCaIZiU4yXQEO9tTmv,jatszoter,HOL_HAZ
2GQsh4qTCle4fioT2ib8QrWmurRt,nappali,HOL_HAZ
TuiyHopNE0Ns45VopNY0umEgHnon,nappali,HOL_HAZ
aCY8Po3E02wrI4Rrdzzxu9aTgdc7,nappali,HOL_HAZ
bJxnk1ZvF1GBnye0bYpBFGuOIcsJ,nappali,HOL_HAZ
gkE2DF9rjk40Tdxikha0B9r2yMvP,nappali,HOL_HAZ
i9zlLDQ6SJh1P1fER1TKU6Wqq2qA,nappali,HOL_HAZ
jBpNE83rvgjtcjB4lQzfTlkuifEs,nappali,HOL_HAZ
n8i5leQlntXz4XoA2JVGiOB0X0nS,nappali,HOL_HAZ
pcKzkYgCUpVc1YGsfcG9cuHwhIFq,nappali,HOL_HAZ
0ayEKzKAhgI7kLaya0CVdQ0WaTdh,gyerek,HOL_HAZ
8H7wVsJ31BN7WW6cJBe3DWB7ZJO9,gyerek,HOL_HAZ
DL3j5JV4aiCT3r9LNq9fctuLkefs,gyerek,HOL_HAZ
aCY8Po3E02wrI4Rrdzzxu9aTgdc7,tuzolto,HOL_HAZ
gDJxpFMvaIHBGwkBz6Z9Z5E6rqeQ,tuzolto,HOL_HAZ
hLKflzDgIt1d1kkYiBgtD6Ildzca,tuzolto,HOL_HAZ
8H7wVsJ31BN7WW6cJBe3DWB7ZJO9,krumpli,HOL_HAZ
8H7wVsJ31BN7WW6cJBe3DWB7ZJO9,asztal,HOL_HAZ
DL3j5JV4aiCT3r9LNq9fctuLkefs,asztal,HOL_HAZ
J8IzRk7DYymlKgV6sF7Umb2Wf8kh,asztal,HOL_HAZ
gZUIZf0CyPQa4w9Wggvx5cJkQ4C2,asztal,HOL_HAZ
hLKflzDgIt1d1kkYiBgtD6Ildzca,asztal,HOL_HAZ
jnjKoAau2JdPFO1Y9PwBO6XlzGha,asztal,HOL_HAZ
d7QNG1DWNJdasfDIeRmdGvEIgJBM,szonyeg,HOL_HAZ
gkE2DF9rjk40Tdxikha0B9r2yMvP,szonyeg,HOL_HAZ
i9zlLDQ6SJh1P1fER1TKU6Wqq2qA,szonyeg,HOL_HAZ
wChCSZMZUV5HgFOPQqYJsHLy8yej,szonyeg,HOL_HAZ
wChCSZMZUV5HgFOPQqYJsHLy8yej,szonyeg,HOL_HAZ
TuiyHopNE0Ns45VopNY0umEgHnon,sepru,HOL_HAZ
WukuItBR0pKip9BVBEXWLXAS465F,sepru,HOL_HAZ
ZE4Vso19ws4GQBEbRlAx3gqRf2Ql,sepru,HOL_HAZ
b6lgi9tN1sInFmZy2YsPCSjxaQID,sepru,HOL_HAZ
bJxnk1ZvF1GBnye0bYpBFGuOIcsJ,sepru,HOL_HAZ
n8i5leQlntXz4XoA2JVGiOB0X0nS,sepru,HOL_HAZ
pB2ZvSU9uIZYrVmru0V6dzKTR2AW,sepru,HOL_HAZ
pcKzkYgCUpVc1YGsfcG9cuHwhIFq,sepru,HOL_HAZ
sTZywlkMZzaRE7Uqx1qpacwIHmlG,sepru,HOL_HAZ
YsgVSf2DRAuoIzG4hcEwSpkPiPJQ,konyv,HOL_HAZ
n8i5leQlntXz4XoA2JVGiOB0X0nS,tuzolto,HOL_HAZ_IND
hLKflzDgIt1d1kkYiBgtD6Ildzca,nappali,HOL_HAZA
cKkzcqwwIFXF6u0LdJBUTL1a4td2,jatszoter,HOL_HAZACSKA
hMhC4E5GeWS1zabc77OKHtfz529F,helikopter,HOL_HBETU
ZE4Vso19ws4GQBEbRlAx3gqRf2Ql,erdo,HOL_HEGY
vu240s5N1IMDtgWR79UZHs2w0H6C,erdo,HOL_HEGY
8H7wVsJ31BN7WW6cJBe3DWB7ZJO9,helikopter,HOL_HEGY
Z5DTSVEQk3FtNUWlQHkHPAEBPtsT,helikopter,HOL_HEGY
NcVfp49U0WugaYJkv4r2Y3PXc7cn,helikopter,HOL_HELIKOPTERALLOMAS
Vi4tvYPaMpHrJtchbz4qPsufSAd3,eper,HOL_HELY
2mf1pytEKj8RM8in6MbEzrMBMAX1,gomba,HOL_HELY
8H7wVsJ31BN7WW6cJBe3DWB7ZJO9,krumpli,HOL_HELY
8H7wVsJ31BN7WW6cJBe3DWB7ZJO9,pulover,HOL_HIDEG
hyQXyqpwb1eEKNKe7KdXNP9whDUd,pulover,HOL_HIDEG
wChCSZMZUV5HgFOPQqYJsHLy8yej,pulover,HOL_HIDEG
wChCSZMZUV5HgFOPQqYJsHLy8yej,pulover,HOL_HIDEG
gZUIZf0CyPQa4w9Wggvx5cJkQ4C2,hercegno,HOL_HINTO
TuiyHopNE0Ns45VopNY0umEgHnon,szem,HOL_HOMLOK
HM7nhqdiyPmEZCyAkPB440Ok3wSG,vonat,HOL_HORRORFILM_IND
kudJQ7AAOK0KetYJYKSTcQ60xJre,pulover,HOL_HUSI
gkE2DF9rjk40Tdxikha0B9r2yMvP,alma,HOL_HUTO
8H7wVsJ31BN7WW6cJBe3DWB7ZJO9,citrom,HOL_HUTO
XoMV4gJmAWW8fvZJRlQJoaciIPFJ,citrom,HOL_HUTO
8H7wVsJ31BN7WW6cJBe3DWB7ZJO9,krumpli,HOL_HUTO
TuiyHopNE0Ns45VopNY0umEgHnon,kard,HOL_HUVELY
2mf1pytEKj8RM8in6MbEzrMBMAX1,pulover,HOL_HUVOS
YsgVSf2DRAuoIzG4hcEwSpkPiPJQ,konyv,HOL_INTERNET
cR7z9posZ25xSjb6z7sagHS235vn,auto,HOL_INTERNET
sTZywlkMZzaRE7Uqx1qpacwIHmlG,konyv,HOL_IRAS
2mf1pytEKj8RM8in6MbEzrMBMAX1,asztal,HOL_IROASZTAL
46yfoWhTy2iS3zBBIKYeTkITLWIt,ceruza,HOL_IROSZERBOLT
hMhC4E5GeWS1zabc77OKHtfz529F,cipo,HOL_ISKOLA
wChCSZMZUV5HgFOPQqYJsHLy8yej,alma,HOL_ISKOLA
8H7wVsJ31BN7WW6cJBe3DWB7ZJO9,gyerek,HOL_ISKOLA
8H7wVsJ31BN7WW6cJBe3DWB7ZJO9,gyerek,HOL_ISKOLA
LDiQ49hqAeKCaIZiU4yXQEO9tTmv,gyerek,HOL_ISKOLA
TuiyHopNE0Ns45VopNY0umEgHnon,gyerek,HOL_ISKOLA
Z5DTSVEQk3FtNUWlQHkHPAEBPtsT,gyerek,HOL_ISKOLA
gkE2DF9rjk40Tdxikha0B9r2yMvP,gyerek,HOL_ISKOLA
pcKzkYgCUpVc1YGsfcG9cuHwhIFq,gyerek,HOL_ISKOLA
2mf1pytEKj8RM8in6MbEzrMBMAX1,asztal,HOL_ISKOLA
Z5DTSVEQk3FtNUWlQHkHPAEBPtsT,asztal,HOL_ISKOLA
gwTxL0T8HQFlooQEgkqQvBG4rHtl,asztal,HOL_ISKOLA
LDiQ49hqAeKCaIZiU4yXQEO9tTmv,sepru,HOL_ISKOLA
Z5DTSVEQk3FtNUWlQHkHPAEBPtsT,ceruza,HOL_ISKOLA
vu240s5N1IMDtgWR79UZHs2w0H6C,ceruza,HOL_ISKOLA
vu240s5N1IMDtgWR79UZHs2w0H6C,ceruza,HOL_ISKOLA
wChCSZMZUV5HgFOPQqYJsHLy8yej,ceruza,HOL_ISKOLA
2mf1pytEKj8RM8in6MbEzrMBMAX1,konyv,HOL_ISKOLA
pcKzkYgCUpVc1YGsfcG9cuHwhIFq,konyv,HOL_ISKOLA
sTZywlkMZzaRE7Uqx1qpacwIHmlG,konyv,HOL_ISKOLA
8H7wVsJ31BN7WW6cJBe3DWB7ZJO9,szem,HOL_ISKOLA_IND
2mf1pytEKj8RM8in6MbEzrMBMAX1,lo,HOL_ISTALLO
NcVfp49U0WugaYJkv4r2Y3PXc7cn,citrom,HOL_ITAL
2mf1pytEKj8RM8in6MbEzrMBMAX1,lo,HOL_ITATO_IND
8H7wVsJ31BN7WW6cJBe3DWB7ZJO9,szem,HOL_JATEK
8H7wVsJ31BN7WW6cJBe3DWB7ZJO9,gyerek,HOL_JATSZOHAZ
XWItECLFYo8VG5SskW9iQPJI7pRA,gyerek,HOL_JATSZOHAZ
8H7wVsJ31BN7WW6cJBe3DWB7ZJO9,gyerek,HOL_JATSZOTER
DL3j5JV4aiCT3r9LNq9fctuLkefs,gyerek,HOL_JATSZOTER
LDiQ49hqAeKCaIZiU4yXQEO9tTmv,gyerek,HOL_JATSZOTER
XWItECLFYo8VG5SskW9iQPJI7pRA,gyerek,HOL_JATSZOTER
Z5DTSVEQk3FtNUWlQHkHPAEBPtsT,gyerek,HOL_JATSZOTER
jnjKoAau2JdPFO1Y9PwBO6XlzGha,gyerek,HOL_JATSZOTER
jnjKoAau2JdPFO1Y9PwBO6XlzGha,gyerek,HOL_JATSZOTER
TuiyHopNE0Ns45VopNY0umEgHnon,bab,HOL_KAMION
TuiyHopNE0Ns45VopNY0umEgHnon,citrom,HOL_KAMRA
TuiyHopNE0Ns45VopNY0umEgHnon,bab,HOL_KAMRA
pB2ZvSU9uIZYrVmru0V6dzKTR2AW,sepru,HOL_KAMRA
DL3j5JV4aiCT3r9LNq9fctuLkefs,lo,HOL_KARAM
pcKzkYgCUpVc1YGsfcG9cuHwhIFq,lo,HOL_KARAM
2mf1pytEKj8RM8in6MbEzrMBMAX1,hercegno,HOL_KASTELY
WukuItBR0pKip9BVBEXWLXAS465F,hercegno,HOL_KASTELY
gZUIZf0CyPQa4w9Wggvx5cJkQ4C2,hercegno,HOL_KASTELY
jBpNE83rvgjtcjB4lQzfTlkuifEs,hercegno,HOL_KASTELY
pB2ZvSU9uIZYrVmru0V6dzKTR2AW,hercegno,HOL_KASTELY
aCY8Po3E02wrI4Rrdzzxu9aTgdc7,kard,HOL_KASTELY
hLKflzDgIt1d1kkYiBgtD6Ildzca,kard,HOL_KASTELY
jBpNE83rvgjtcjB4lQzfTlkuifEs,kard,HOL_KASTELY
gDJxpFMvaIHBGwkBz6Z9Z5E6rqeQ,kutya,HOL_KERT
hMhC4E5GeWS1zabc77OKHtfz529F,kutya,HOL_KERT
hMhC4E5GeWS1zabc77OKHtfz529F,alma,HOL_KERT
wChCSZMZUV5HgFOPQqYJsHLy8yej,alma,HOL_KERT
2mf1pytEKj8RM8in6MbEzrMBMAX1,eper,HOL_KERT
cKkzcqwwIFXF6u0LdJBUTL1a4td2,eper,HOL_KERT
DL3j5JV4aiCT3r9LNq9fctuLkefs,gyerek,HOL_KERT
D8xwtXbTVptiRPXifIgUyGioQIkY,gomba,HOL_KERT
sTZywlkMZzaRE7Uqx1qpacwIHmlG,gomba,HOL_KERT
cKkzcqwwIFXF6u0LdJBUTL1a4td2,krumpli,HOL_KERT
cR7z9posZ25xSjb6z7sagHS235vn,krumpli,HOL_KERT
pcKzkYgCUpVc1YGsfcG9cuHwhIFq,krumpli,HOL_KERT
pcKzkYgCUpVc1YGsfcG9cuHwhIFq,krumpli,HOL_KERT
bJxnk1ZvF1GBnye0bYpBFGuOIcsJ,bab,HOL_KERT
jBpNE83rvgjtcjB4lQzfTlkuifEs,bab,HOL_KERT
TuiyHopNE0Ns45VopNY0umEgHnon,sepru,HOL_KERT
TuiyHopNE0Ns45VopNY0umEgHnon,auto,HOL_KERT
ZE4Vso19ws4GQBEbRlAx3gqRf2Ql,gyerek,HOL_KERTESHAZ
HM7nhqdiyPmEZCyAkPB440Ok3wSG,tuzolto,HOL_KERULET
XUQR36tyWgppAe5zdMBRy1MXndde,kez,HOL_KEZ
cKkzcqwwIFXF6u0LdJBUTL1a4td2,krumpli,HOL_KEZ
n8i5leQlntXz4XoA2JVGiOB0X0nS,sepru,HOL_KEZ
wChCSZMZUV5HgFOPQqYJsHLy8yej,ceruza,HOL_KEZ
n8i5leQlntXz4XoA2JVGiOB0X0nS,kard,HOL_KEZ
fsUjgv5bHGSiLIc56gAiaFH0Eodm,tuzolto,HOL_KIGYULLADT
cR7z9posZ25xSjb6z7sagHS235vn,cipo,HOL_KINT
WukuItBR0pKip9BVBEXWLXAS465F,jatszoter,HOL_KINT
cKkzcqwwIFXF6u0LdJBUTL1a4td2,jatszoter,HOL_KINT
cKkzcqwwIFXF6u0LdJBUTL1a4td2,krumpli,HOL_KINT
hMhC4E5GeWS1zabc77OKHtfz529F,hercegno,HOL_KIRALYKASTELY
hMhC4E5GeWS1zabc77OKHtfz529F,hercegno,HOL_KIRALYKASTELY
sTZywlkMZzaRE7Uqx1qpacwIHmlG,gomba,HOL_KIRALYSAG
ZE4Vso19ws4GQBEbRlAx3gqRf2Ql,vonat,HOL_KOCSI
bXeBh3j0gOGpCmEt68bY2NjVKwZS,asztal,HOL_KONYHA
jBpNE83rvgjtcjB4lQzfTlkuifEs,asztal,HOL_KONYHA
WukuItBR0pKip9BVBEXWLXAS465F,helikopter,HOL_KORHAZ
hMhC4E5GeWS1zabc77OKHtfz529F,helikopter,HOL_KORHAZ
TuiyHopNE0Ns45VopNY0umEgHnon,citrom,HOL_KOSAR
gDJxpFMvaIHBGwkBz6Z9Z5E6rqeQ,szonyeg,HOL_KO
gwTxL0T8HQFlooQEgkqQvBG4rHtl,konyv,HOL_KONYVESBOLT
aCY8Po3E02wrI4Rrdzzxu9aTgdc7,nappali,HOL_KONYVESPOLC
2mf1pytEKj8RM8in6MbEzrMBMAX1,konyv,HOL_KONYVESPOLC
XoMV4gJmAWW8fvZJRlQJoaciIPFJ,konyv,HOL_KONYVESPOLC
d7QNG1DWNJdasfDIeRmdGvEIgJBM,konyv,HOL_KONYVESPOLC
gkE2DF9rjk40Tdxikha0B9r2yMvP,konyv,HOL_KONYVESPOLC
2mf1pytEKj8RM8in6MbEzrMBMAX1,konyv,HOL_KONYVTAR
8H7wVsJ31BN7WW6cJBe3DWB7ZJO9,konyv,HOL_KONYVTAR
YsgVSf2DRAuoIzG4hcEwSpkPiPJQ,konyv,HOL_KONYVTAR
cR7z9posZ25xSjb6z7sagHS235vn,konyv,HOL_KONYVTAR
d7QNG1DWNJdasfDIeRmdGvEIgJBM,konyv,HOL_KONYVTAR
fsUjgv5bHGSiLIc56gAiaFH0Eodm,konyv,HOL_KONYVTAR
gkE2DF9rjk40Tdxikha0B9r2yMvP,konyv,HOL_KONYVTAR
gwTxL0T8HQFlooQEgkqQvBG4rHtl,konyv,HOL_KONYVTAR
hyQXyqpwb1eEKNKe7KdXNP9whDUd,konyv,HOL_KONYVTAR
kudJQ7AAOK0KetYJYKSTcQ60xJre,konyv,HOL_KONYVTAR
pcKzkYgCUpVc1YGsfcG9cuHwhIFq,konyv,HOL_KONYVTAR
sTZywlkMZzaRE7Uqx1qpacwIHmlG,konyv,HOL_KONYVTAR
Vi4tvYPaMpHrJtchbz4qPsufSAd3,lo,HOL_KOR
TuiyHopNE0Ns45VopNY0umEgHnon,bab,HOL_KOZEP_IND
wChCSZMZUV5HgFOPQqYJsHLy8yej,kutya,HOL_KUTYAISKOLA
wChCSZMZUV5HgFOPQqYJsHLy8yej,kutya,HOL_KUTYAJATSZOTER
LDiQ49hqAeKCaIZiU4yXQEO9tTmv,auto,HOL_KULFOLD
2GQsh4qTCle4fioT2ib8QrWmurRt,nadrag,HOL_LAB
WukuItBR0pKip9BVBEXWLXAS465F,nadrag,HOL_LAB
WukuItBR0pKip9BVBEXWLXAS465F,nadrag,HOL_LAB
Z5DTSVEQk3FtNUWlQHkHPAEBPtsT,nadrag,HOL_LAB
d7QNG1DWNJdasfDIeRmdGvEIgJBM,nadrag,HOL_LAB
gDJxpFMvaIHBGwkBz6Z9Z5E6rqeQ,nadrag,HOL_LAB
pB2ZvSU9uIZYrVmru0V6dzKTR2AW,nadrag,HOL_LAB
sTZywlkMZzaRE7Uqx1qpacwIHmlG,nadrag,HOL_LAB
D8xwtXbTVptiRPXifIgUyGioQIkY,cipo,HOL_LAB
J8IzRk7DYymlKgV6sF7Umb2Wf8kh,cipo,HOL_LAB
J8IzRk7DYymlKgV6sF7Umb2Wf8kh,cipo,HOL_LAB
LDiQ49hqAeKCaIZiU4yXQEO9tTmv,cipo,HOL_LAB
TuiyHopNE0Ns45VopNY0umEgHnon,cipo,HOL_LAB
TuiyHopNE0Ns45VopNY0umEgHnon,cipo,HOL_LAB
XUQR36tyWgppAe5zdMBRy1MXndde,cipo,HOL_LAB
bJxnk1ZvF1GBnye0bYpBFGuOIcsJ,cipo,HOL_LAB
bJxnk1ZvF1GBnye0bYpBFGuOIcsJ,cipo,HOL_LAB
bXeBh3j0gOGpCmEt68bY2NjVKwZS,cipo,HOL_LAB
bXeBh3j0gOGpCmEt68bY2NjVKwZS,cipo,HOL_LAB
bXeBh3j0gOGpCmEt68bY2NjVKwZS,cipo,HOL_LAB
gZUIZf0CyPQa4w9Wggvx5cJkQ4C2,cipo,HOL_LAB
hLKflzDgIt1d1kkYiBgtD6Ildzca,cipo,HOL_LAB
jnjKoAau2JdPFO1Y9PwBO6XlzGha,cipo,HOL_LAB
TuiyHopNE0Ns45VopNY0umEgHnon,nappali,HOL_LAKAS
XoMV4gJmAWW8fvZJRlQJoaciIPFJ,nappali,HOL_LAKAS
hLKflzDgIt1d1kkYiBgtD6Ildzca,nappali,HOL_LAKAS
ioDhrsJV22Fym2kwi0Enu6L7qMoB,nappali,HOL_LAKAS
jnjKoAau2JdPFO1Y9PwBO6XlzGha,gyerek,HOL_LAKAS
hLKflzDgIt1d1kkYiBgtD6Ildzca,asztal,HOL_LAKAS
jnjKoAau2JdPFO1Y9PwBO6XlzGha,asztal,HOL_LAKAS
XnQQOJ6n3tTZgUOBj6SEG8VnkkCr,szonyeg,HOL_LAKAS
vu240s5N1IMDtgWR79UZHs2w0H6C,szonyeg,HOL_LAKAS
gZUIZf0CyPQa4w9Wggvx5cJkQ4C2,lo,HOL_LEGELO
8H7wVsJ31BN7WW6cJBe3DWB7ZJO9,szem,HOL_LEGOFIGURA
8H7wVsJ31BN7WW6cJBe3DWB7ZJO9,helikopter,HOL_LEVEGO
DL3j5JV4aiCT3r9LNq9fctuLkefs,helikopter,HOL_LEVEGO
pB2ZvSU9uIZYrVmru0V6dzKTR2AW,helikopter,HOL_LEVEGO
Vi4tvYPaMpHrJtchbz4qPsufSAd3,jatszoter,HOL_LEVEGO_IND
sTZywlkMZzaRE7Uqx1qpacwIHmlG,gomba,HOL_LEVES
NcVfp49U0WugaYJkv4r2Y3PXc7cn,krumpli,HOL_LEVES
bJxnk1ZvF1GBnye0bYpBFGuOIcsJ,bab,HOL_LEVES
fsUjgv5bHGSiLIc56gAiaFH0Eodm,bab,HOL_LEVES
TuiyHopNE0Ns45VopNY0umEgHnon,citrom,HOL_LIMONADE
aCY8Po3E02wrI4Rrdzzxu9aTgdc7,citrom,HOL_LIMONADE
fsUjgv5bHGSiLIc56gAiaFH0Eodm,citrom,HOL_LIMONADE
2mf1pytEKj8RM8in6MbEzrMBMAX1,asztal,HOL_LOMTALANITAS
8H7wVsJ31BN7WW6cJBe3DWB7ZJO9,lo,HOL_LOVARDA
HM7nhqdiyPmEZCyAkPB440Ok3wSG,lo,HOL_LOVARDA
LDiQ49hqAeKCaIZiU4yXQEO9tTmv,lo,HOL_LOVARDA
XUQR36tyWgppAe5zdMBRy1MXndde,lo,HOL_LOVARDA
cR7z9posZ25xSjb6z7sagHS235vn,lo,HOL_LOVARDA
gwTxL0T8HQFlooQEgkqQvBG4rHtl,lo,HOL_LOVARDA
LDiQ49hqAeKCaIZiU4yXQEO9tTmv,lo,HOL_LOVERSENY
YsgVSf2DRAuoIzG4hcEwSpkPiPJQ,tuzolto,HOL_MAGAS
aCY8Po3E02wrI4Rrdzzxu9aTgdc7,tuzolto,HOL_MAGAS
Z5DTSVEQk3FtNUWlQHkHPAEBPtsT,helikopter,HOL_MAGAS
hMhC4E5GeWS1zabc77OKHtfz529F,helikopter,HOL_MAGAS
pB2ZvSU9uIZYrVmru0V6dzKTR2AW,citrom,HOL_MAGYARORSZAG
aCY8Po3E02wrI4Rrdzzxu9aTgdc7,kard,HOL_MAROK
sTZywlkMZzaRE7Uqx1qpacwIHmlG,konyv,HOL_MATEK
J8IzRk7DYymlKgV6sF7Umb2Wf8kh,vonat,HOL_MEGALLO
ZE4Vso19ws4GQBEbRlAx3gqRf2Ql,vonat,HOL_MEGALLO
kudJQ7AAOK0KetYJYKSTcQ60xJre,vonat,HOL_MEGALLO
vu240s5N1IMDtgWR79UZHs2w0H6C,vonat,HOL_MEGALLO
Z5DTSVEQk3FtNUWlQHkHPAEBPtsT,kutya,HOL_MENHELY
ZE4Vso19ws4GQBEbRlAx3gqRf2Ql,kutya,HOL_MENHELY
i9zlLDQ6SJh1P1fER1TKU6Wqq2qA,kutya,HOL_MENHELY
gkE2DF9rjk40Tdxikha0B9r2yMvP,kacsa,HOL_MENNY
ZE4Vso19ws4GQBEbRlAx3gqRf2Ql,gyerek,HOL_MENNY
0ayEKzKAhgI7kLaya0CVdQ0WaTdh,kacsa,HOL_MESE
8H7wVsJ31BN7WW6cJBe3DWB7ZJO9,lo,HOL_MESE
8H7wVsJ31BN7WW6cJBe3DWB7ZJO9,szem,HOL_MESE
2mf1pytEKj8RM8in6MbEzrMBMAX1,hercegno,HOL_MESE
hMhC4E5GeWS1zabc77OKHtfz529F,hercegno,HOL_MESE
pB2ZvSU9uIZYrVmru0V6dzKTR2AW,hercegno,HOL_MESE
LDiQ49hqAeKCaIZiU4yXQEO9tTmv,bab,HOL_MESE
Vi4tvYPaMpHrJtchbz4qPsufSAd3,eper,HOL_MESSZE
Z5DTSVEQk3FtNUWlQHkHPAEBPtsT,helikopter,HOL_MESSZE
Vi4tvYPaMpHrJtchbz4qPsufSAd3,vonat,HOL_MESSZE
cKkzcqwwIFXF6u0LdJBUTL1a4td2,vonat,HOL_MESSZE
hLKflzDgIt1d1kkYiBgtD6Ildzca,auto,HOL_MESSZE
gwTxL0T8HQFlooQEgkqQvBG4rHtl,erdo,HOL_MEZO
2mf1pytEKj8RM8in6MbEzrMBMAX1,gomba,HOL_MEZO
DL3j5JV4aiCT3r9LNq9fctuLkefs,gomba,HOL_MEZO
XnQQOJ6n3tTZgUOBj6SEG8VnkkCr,gomba,HOL_MEZO
gDJxpFMvaIHBGwkBz6Z9Z5E6rqeQ,gomba,HOL_MEZO
bXeBh3j0gOGpCmEt68bY2NjVKwZS,krumpli,HOL_MINECRAFT
NcVfp49U0WugaYJkv4r2Y3PXc7cn,kard,HOL_MUZEUM
kudJQ7AAOK0KetYJYKSTcQ60xJre,szem,HOL_MUZLISZELET
ioDhrsJV22Fym2kwi0Enu6L7qMoB,vonat,HOL_NAGYMAMA
HM7nhqdiyPmEZCyAkPB440Ok3wSG,jatszoter,HOL_NAGYVAROS
kudJQ7AAOK0KetYJYKSTcQ60xJre,pulover,HOL_NAP
TuiyHopNE0Ns45VopNY0umEgHnon,cipo,HOL_NAPKOZBEN
8H7wVsJ31BN7WW6cJBe3DWB7ZJO9,erdo,HOL_NAPKOZBEN
aCY8Po3E02wrI4Rrdzzxu9aTgdc7,szonyeg,HOL_NAPPALI
TuiyHopNE0Ns45VopNY0umEgHnon,sepru,HOL_NAPPALI
gDJxpFMvaIHBGwkBz6Z9Z5E6rqeQ,eper,HOL_NOVENYBOLT
kudJQ7AAOK0KetYJYKSTcQ60xJre,pulover,HOL_NYAR
cKkzcqwwIFXF6u0LdJBUTL1a4td2,eper,HOL_NYAR
sTZywlkMZzaRE7Uqx1qpacwIHmlG,eper,HOL_NYAR
8H7wVsJ31BN7WW6cJBe3DWB7ZJO9,helikopter,HOL_NYARAL
sTZywlkMZzaRE7Uqx1qpacwIHmlG,konyv,HOL_OLVASAS
TuiyHopNE0Ns45VopNY0umEgHnon,szem,HOL_ORR
sTZywlkMZzaRE7Uqx1qpacwIHmlG,kutya,HOL_ORSZAG
sTZywlkMZzaRE7Uqx1qpacwIHmlG,kutya,HOL_ORSZAG
8H7wVsJ31BN7WW6cJBe3DWB7ZJO9,erdo,HOL_ORSZAG
gkE2DF9rjk40Tdxikha0B9r2yMvP,gyerek,HOL_ORSZAG
jnjKoAau2JdPFO1Y9PwBO6XlzGha,helikopter,HOL_ORSZAG
b6lgi9tN1sInFmZy2YsPCSjxaQID,auto,HOL_ORSZAG
8H7wVsJ31BN7WW6cJBe3DWB7ZJO9,erdo,HOL_ORSZAG_IND
bXeBh3j0gOGpCmEt68bY2NjVKwZS,ceruza,HOL_OSZTALYTEREM
WukuItBR0pKip9BVBEXWLXAS465F,kacsa,HOL_OTTHON
wChCSZMZUV5HgFOPQqYJsHLy8yej,kutya,HOL_OTTHON
hMhC4E5GeWS1zabc77OKHtfz529F,cipo,HOL_OTTHON
hMhC4E5GeWS1zabc77OKHtfz529F,cipo,HOL_OTTHON
8H7wVsJ31BN7WW6cJBe3DWB7ZJO9,pulover,HOL_OTTHON
TuiyHopNE0Ns45VopNY0umEgHnon,gyerek,HOL_OTTHON
ve2UV1qBXwAErAfwa7CBZvAjwxAb,tuzolto,HOL_OTTHON
2mf1pytEKj8RM8in6MbEzrMBMAX1,asztal,HOL_OTTHON
gDJxpFMvaIHBGwkBz6Z9Z5E6rqeQ,szonyeg,HOL_OTTHON
LDiQ49hqAeKCaIZiU4yXQEO9tTmv,sepru,HOL_OTTHON
vu240s5N1IMDtgWR79UZHs2w0H6C,ceruza,HOL_OTTHON
wChCSZMZUV5HgFOPQqYJsHLy8yej,ceruza,HOL_OTTHON
2mf1pytEKj8RM8in6MbEzrMBMAX1,konyv,HOL_OTTHON
J8IzRk7DYymlKgV6sF7Umb2Wf8kh,konyv,HOL_OTTHON
XWItECLFYo8VG5SskW9iQPJI7pRA,alma,HOL_OVI
gDJxpFMvaIHBGwkBz6Z9Z5E6rqeQ,tuzolto,HOL_OVI
8H7wVsJ31BN7WW6cJBe3DWB7ZJO9,gyerek,HOL_OVODA
8H7wVsJ31BN7WW6cJBe3DWB7ZJO9,gyerek,HOL_OVODA
TuiyHopNE0Ns45VopNY0umEgHnon,gyerek,HOL_OVODA
Z5DTSVEQk3FtNUWlQHkHPAEBPtsT,gyerek,HOL_OVODA
gkE2DF9rjk40Tdxikha0B9r2yMvP,gyerek,HOL_OVODA
pcKzkYgCUpVc1YGsfcG9cuHwhIFq,gyerek,HOL_OVODA
vu240s5N1IMDtgWR79UZHs2w0H6C,ceruza,HOL_OVODA
vu240s5N1IMDtgWR79UZHs2w0H6C,ceruza,HOL_OVODA
gZUIZf0CyPQa4w9Wggvx5cJkQ4C2,cipo,HOL_OSZ
aCY8Po3E02wrI4Rrdzzxu9aTgdc7,gomba,HOL_OSZ
d7QNG1DWNJdasfDIeRmdGvEIgJBM,gomba,HOL_OSZ
pB2ZvSU9uIZYrVmru0V6dzKTR2AW,gomba,HOL_OSZ
46yfoWhTy2iS3zBBIKYeTkITLWIt,szonyeg,HOL_PADLO
cKkzcqwwIFXF6u0LdJBUTL1a4td2,szonyeg,HOL_PADLO
kudJQ7AAOK0KetYJYKSTcQ60xJre,szem,HOL_PALACSINTA
2mf1pytEKj8RM8in6MbEzrMBMAX1,hercegno,HOL_PALOTA
46yfoWhTy2iS3zBBIKYeTkITLWIt,hercegno,HOL_PALOTA
XUQR36tyWgppAe5zdMBRy1MXndde,hercegno,HOL_PALOTA
XnQQOJ6n3tTZgUOBj6SEG8VnkkCr,hercegno,HOL_PALOTA
bJxnk1ZvF1GBnye0bYpBFGuOIcsJ,hercegno,HOL_PALOTA
bXeBh3j0gOGpCmEt68bY2NjVKwZS,hercegno,HOL_PALOTA
d7QNG1DWNJdasfDIeRmdGvEIgJBM,hercegno,HOL_PALOTA
gZUIZf0CyPQa4w9Wggvx5cJkQ4C2,hercegno,HOL_PALOTA
i9zlLDQ6SJh1P1fER1TKU6Wqq2qA,hercegno,HOL_PALOTA
HM7nhqdiyPmEZCyAkPB440Ok3wSG,vonat,HOL_PALYAUDVAR
gDJxpFMvaIHBGwkBz6Z9Z5E6rqeQ,vonat,HOL_PALYAUDVAR
46yfoWhTy2iS3zBBIKYeTkITLWIt,ceruza,HOL_PAPIR
WukuItBR0pKip9BVBEXWLXAS465F,ceruza,HOL_PAPIR
bXeBh3j0gOGpCmEt68bY2NjVKwZS,kacsa,HOL_PARK
LDiQ49hqAeKCaIZiU4yXQEO9tTmv,jatszoter,HOL_PARK
Vi4tvYPaMpHrJtchbz4qPsufSAd3,jatszoter,HOL_PARK
WukuItBR0pKip9BVBEXWLXAS465F,jatszoter,HOL_PARK
LDiQ49hqAeKCaIZiU4yXQEO9tTmv,auto,HOL_PARKOLO
bJxnk1ZvF1GBnye0bYpBFGuOIcsJ,auto,HOL_PARKOLO
d7QNG1DWNJdasfDIeRmdGvEIgJBM,auto,HOL_PARKOLO
fsUjgv5bHGSiLIc56gAiaFH0Eodm,auto,HOL_PARKOLO
sTZywlkMZzaRE7Uqx1qpacwIHmlG,nappali,HOL_PARNA
XWItECLFYo8VG5SskW9iQPJI7pRA,kacsa,HOL_PART
ioDhrsJV22Fym2kwi0Enu6L7qMoB,vonat,HOL_PEREM
ioDhrsJV22Fym2kwi0Enu6L7qMoB,vonat,HOL_PEREM
HM7nhqdiyPmEZCyAkPB440Ok3wSG,lo,HOL_PIAC
aCY8Po3E02wrI4Rrdzzxu9aTgdc7,cipo,HOL_PIAC
8H7wVsJ31BN7WW6cJBe3DWB7ZJO9,pulover,HOL_PIAC
cR7z9posZ25xSjb6z7sagHS235vn,alma,HOL_PIAC
gwTxL0T8HQFlooQEgkqQvBG4rHtl,alma,HOL_PIAC
8H7wVsJ31BN7WW6cJBe3DWB7ZJO9,citrom,HOL_PIAC
TuiyHopNE0Ns45VopNY0umEgHnon,citrom,HOL_PIAC
fsUjgv5bHGSiLIc56gAiaFH0Eodm,citrom,HOL_PIAC
2GQsh4qTCle4fioT2ib8QrWmurRt,eper,HOL_PIAC
LDiQ49hqAeKCaIZiU4yXQEO9tTmv,eper,HOL_PIAC
ve2UV1qBXwAErAfwa7CBZvAjwxAb,eper,HOL_PIAC
YsgVSf2DRAuoIzG4hcEwSpkPiPJQ,gomba,HOL_PIAC
YsgVSf2DRAuoIzG4hcEwSpkPiPJQ,gomba,HOL_PIAC
cKkzcqwwIFXF6u0LdJBUTL1a4td2,krumpli,HOL_PIAC
cR7z9posZ25xSjb6z7sagHS235vn,krumpli,HOL_PIAC
gwTxL0T8HQFlooQEgkqQvBG4rHtl,krumpli,HOL_PIAC
TuiyHopNE0Ns45VopNY0umEgHnon,bab,HOL_PIAC
Z5DTSVEQk3FtNUWlQHkHPAEBPtsT,bab,HOL_PIAC
8H7wVsJ31BN7WW6cJBe3DWB7ZJO9,asztal,HOL_PIAC
cR7z9posZ25xSjb6z7sagHS235vn,konyv,HOL_PIAC
NcVfp49U0WugaYJkv4r2Y3PXc7cn,sepru,HOL_PINCE
XUQR36tyWgppAe5zdMBRy1MXndde,ceruza,HOL_PIREX
8H7wVsJ31BN7WW6cJBe3DWB7ZJO9,szem,HOL_PLUSS
8H7wVsJ31BN7WW6cJBe3DWB7ZJO9,konyv,HOL_POLC
J8IzRk7DYymlKgV6sF7Umb2Wf8kh,konyv,HOL_POLC
XUQR36tyWgppAe5zdMBRy1MXndde,asztal,HOL_PRAKTIKER
cKkzcqwwIFXF6u0LdJBUTL1a4td2,ceruza,HOL_RAJZBOLT
LDiQ49hqAeKCaIZiU4yXQEO9tTmv,lo,HOL_REGEN
LDiQ49hqAeKCaIZiU4yXQEO9tTmv,lo,HOL_REGEN
LDiQ49hqAeKCaIZiU4yXQEO9tTmv,lo,HOL_REGEN
LDiQ49hqAeKCaIZiU4yXQEO9tTmv,lo,HOL_REGEN
jnjKoAau2JdPFO1Y9PwBO6XlzGha,cipo,HOL_REGEN
ioDhrsJV22Fym2kwi0Enu6L7qMoB,szonyeg,HOL_REGEN
cR7z9posZ25xSjb6z7sagHS235vn,sepru,HOL_REGEN
NcVfp49U0WugaYJkv4r2Y3PXc7cn,kard,HOL_REGEN
ZE4Vso19ws4GQBEbRlAx3gqRf2Ql,kard,HOL_REGEN
gDJxpFMvaIHBGwkBz6Z9Z5E6rqeQ,kard,HOL_REGEN
Vi4tvYPaMpHrJtchbz4qPsufSAd3,vonat,HOL_REGEN
gDJxpFMvaIHBGwkBz6Z9Z5E6rqeQ,vonat,HOL_REGEN
XoMV4gJmAWW8fvZJRlQJoaciIPFJ,helikopter,HOL_RENDORALLOMAS
bXeBh3j0gOGpCmEt68bY2NjVKwZS,helikopter,HOL_RENDORSEG
hMhC4E5GeWS1zabc77OKHtfz529F,helikopter,HOL_RENDORSEG
DL3j5JV4aiCT3r9LNq9fctuLkefs,helikopter,HOL_REPTER
XUQR36tyWgppAe5zdMBRy1MXndde,helikopter,HOL_REPULOTER
Z5DTSVEQk3FtNUWlQHkHPAEBPtsT,helikopter,HOL_REPULOTER
gZUIZf0CyPQa4w9Wggvx5cJkQ4C2,helikopter,HOL_REPULOTER
gwTxL0T8HQFlooQEgkqQvBG4rHtl,helikopter,HOL_REPULOTER
hMhC4E5GeWS1zabc77OKHtfz529F,helikopter,HOL_REPULOTER
gZUIZf0CyPQa4w9Wggvx5cJkQ4C2,lo,HOL_RET
YsgVSf2DRAuoIzG4hcEwSpkPiPJQ,eper,HOL_RET
XUQR36tyWgppAe5zdMBRy1MXndde,erdo,HOL_RET
YsgVSf2DRAuoIzG4hcEwSpkPiPJQ,gomba,HOL_RET
kudJQ7AAOK0KetYJYKSTcQ60xJre,tuzolto,HOL_RIASZTAS
Vi4tvYPaMpHrJtchbz4qPsufSAd3,tuzolto,HOL_RIASZTO
cR7z9posZ25xSjb6z7sagHS235vn,lo,HOL_ROKON
cR7z9posZ25xSjb6z7sagHS235vn,alma,HOL_ROKON
cR7z9posZ25xSjb6z7sagHS235vn,krumpli,HOL_ROKON
cR7z9posZ25xSjb6z7sagHS235vn,sepru,HOL_ROKON
cR7z9posZ25xSjb6z7sagHS235vn,konyv,HOL_ROKON
cR7z9posZ25xSjb6z7sagHS235vn,auto,HOL_ROKON
kudJQ7AAOK0KetYJYKSTcQ60xJre,tuzolto,HOL_RUD_IND
HM7nhqdiyPmEZCyAkPB440Ok3wSG,nadrag,HOL_RUHABOLT
gDJxpFMvaIHBGwkBz6Z9Z5E6rqeQ,nadrag,HOL_RUHASBOLT
gDJxpFMvaIHBGwkBz6Z9Z5E6rqeQ,szonyeg,HOL_RUHASBOLT
NcVfp49U0WugaYJkv4r2Y3PXc7cn,pulover,HOL_RUHASSZEKRENY
HM7nhqdiyPmEZCyAkPB440Ok3wSG,nadrag,HOL_RUHATAR
hMhC4E5GeWS1zabc77OKHtfz529F,cipo,HOL_SETAL
2GQsh4qTCle4fioT2ib8QrWmurRt,vonat,HOL_SIN
2mf1pytEKj8RM8in6MbEzrMBMAX1,vonat,HOL_SIN
46yfoWhTy2iS3zBBIKYeTkITLWIt,vonat,HOL_SIN
D8xwtXbTVptiRPXifIgUyGioQIkY,vonat,HOL_SIN
D8xwtXbTVptiRPXifIgUyGioQIkY,vonat,HOL_SIN
HM7nhqdiyPmEZCyAkPB440Ok3wSG,vonat,HOL_SIN
HM7nhqdiyPmEZCyAkPB440Ok3wSG,vonat,HOL_SIN
J8IzRk7DYymlKgV6sF7Umb2Wf8kh,vonat,HOL_SIN
Vi4tvYPaMpHrJtchbz4qPsufSAd3,vonat,HOL_SIN
XWItECLFYo8VG5SskW9iQPJI7pRA,vonat,HOL_SIN
gDJxpFMvaIHBGwkBz6Z9Z5E6rqeQ,vonat,HOL_SIN
gkE2DF9rjk40Tdxikha0B9r2yMvP,vonat,HOL_SIN
kudJQ7AAOK0KetYJYKSTcQ60xJre,vonat,HOL_SIN
kudJQ7AAOK0KetYJYKSTcQ60xJre,vonat,HOL_SIN
vu240s5N1IMDtgWR79UZHs2w0H6C,vonat,HOL_SIN
wChCSZMZUV5HgFOPQqYJsHLy8yej,kez,HOL_SOR
ve2UV1qBXwAErAfwa7CBZvAjwxAb,kutya,HOL_SPANYOLORSZAG
cR7z9posZ25xSjb6z7sagHS235vn,gyerek,HOL_SULI
gwTxL0T8HQFlooQEgkqQvBG4rHtl,helikopter,HOL_SURGOS
HM7nhqdiyPmEZCyAkPB440Ok3wSG,krumpli,HOL_SUTO_IND
hMhC4E5GeWS1zabc77OKHtfz529F,alma,HOL_SZAJ
2mf1pytEKj8RM8in6MbEzrMBMAX1,eper,HOL_SZAJ
8H7wVsJ31BN7WW6cJBe3DWB7ZJO9,asztal,HOL_SZALLAS
XnQQOJ6n3tTZgUOBj6SEG8VnkkCr,kacsa,HOL_SZARAZFOLD
jBpNE83rvgjtcjB4lQzfTlkuifEs,asztal,HOL_SZEK
8H7wVsJ31BN7WW6cJBe3DWB7ZJO9,pulover,HOL_SZEKRENY
kudJQ7AAOK0KetYJYKSTcQ60xJre,szem,HOL_SZEMES
NcVfp49U0WugaYJkv4r2Y3PXc7cn,jatszoter,HOL_SZERENCSE_IND
LDiQ49hqAeKCaIZiU4yXQEO9tTmv,bab,HOL_SZIVACS
XnQQOJ6n3tTZgUOBj6SEG8VnkkCr,nappali,HOL_SZOBA
cR7z9posZ25xSjb6z7sagHS235vn,nappali,HOL_SZOBA
fsUjgv5bHGSiLIc56gAiaFH0Eodm,nappali,HOL_SZOBA
hMhC4E5GeWS1zabc77OKHtfz529F,hercegno,HOL_SZOBA
gwTxL0T8HQFlooQEgkqQvBG4rHtl,asztal,HOL_SZOBA
cKkzcqwwIFXF6u0LdJBUTL1a4td2,szonyeg,HOL_SZOBA
46yfoWhTy2iS3zBBIKYeTkITLWIt,szonyeg,HOL_SZONYEGBOLT
XoMV4gJmAWW8fvZJRlQJoaciIPFJ,szonyeg,HOL_SZONYEGBOLT
LDiQ49hqAeKCaIZiU4yXQEO9tTmv,ceruza,HOL_TALALTTARGYAK
n8i5leQlntXz4XoA2JVGiOB0X0nS,cipo,HOL_TALP
hMhC4E5GeWS1zabc77OKHtfz529F,alma,HOL_TANYA
HM7nhqdiyPmEZCyAkPB440Ok3wSG,ceruza,HOL_TARTO
DL3j5JV4aiCT3r9LNq9fctuLkefs,pulover,HOL_TAVASZ
sTZywlkMZzaRE7Uqx1qpacwIHmlG,sepru,HOL_TAVOL_IND
XnQQOJ6n3tTZgUOBj6SEG8VnkkCr,citrom,HOL_TEA
gZUIZf0CyPQa4w9Wggvx5cJkQ4C2,citrom,HOL_TEA
TuiyHopNE0Ns45VopNY0umEgHnon,citrom,HOL_TEHERAUTO
YsgVSf2DRAuoIzG4hcEwSpkPiPJQ,lab,HOL_TEL
8H7wVsJ31BN7WW6cJBe3DWB7ZJO9,pulover,HOL_TEL
NcVfp49U0WugaYJkv4r2Y3PXc7cn,pulover,HOL_TEL
XoMV4gJmAWW8fvZJRlQJoaciIPFJ,szonyeg,HOL_TEL
ve2UV1qBXwAErAfwa7CBZvAjwxAb,tuzolto,HOL_TELEFONSZAM
gkE2DF9rjk40Tdxikha0B9r2yMvP,kacsa,HOL_TENGER
HM7nhqdiyPmEZCyAkPB440Ok3wSG,jatszoter,HOL_TER
hMhC4E5GeWS1zabc77OKHtfz529F,jatszoter,HOL_TER
ve2UV1qBXwAErAfwa7CBZvAjwxAb,eper,HOL_TERMESZET
hLKflzDgIt1d1kkYiBgtD6Ildzca,bab,HOL_TERMOFOLD
kudJQ7AAOK0KetYJYKSTcQ60xJre,eper,HOL_TERULET
2mf1pytEKj8RM8in6MbEzrMBMAX1,gomba,HOL_TERULET
Z5DTSVEQk3FtNUWlQHkHPAEBPtsT,lab,HOL_TESI
n8i5leQlntXz4XoA2JVGiOB0X0nS,lab,HOL_TESIORA
ZE4Vso19ws4GQBEbRlAx3gqRf2Ql,kez,HOL_TEST
bJxnk1ZvF1GBnye0bYpBFGuOIcsJ,kez,HOL_TEST
sTZywlkMZzaRE7Uqx1qpacwIHmlG,kez,HOL_TEST
2GQsh4qTCle4fioT2ib8QrWmurRt,lab,HOL_TEST
2mf1pytEKj8RM8in6MbEzrMBMAX1,lab,HOL_TEST
HM7nhqdiyPmEZCyAkPB440Ok3wSG,lab,HOL_TEST
fsUjgv5bHGSiLIc56gAiaFH0Eodm,lab,HOL_TEST
ve2UV1qBXwAErAfwa7CBZvAjwxAb,lab,HOL_TEST
YsgVSf2DRAuoIzG4hcEwSpkPiPJQ,nadrag,HOL_TEST
pB2ZvSU9uIZYrVmru0V6dzKTR2AW,nadrag,HOL_TEST
ve2UV1qBXwAErAfwa7CBZvAjwxAb,pulover,HOL_TEST
TuiyHopNE0Ns45VopNY0umEgHnon,cipo,HOL_TETO_IND
WukuItBR0pKip9BVBEXWLXAS465F,alma,HOL_TETO_IND
n8i5leQlntXz4XoA2JVGiOB0X0nS,alma,HOL_TETO_IND
8H7wVsJ31BN7WW6cJBe3DWB7ZJO9,erdo,HOL_TISZTAS
HM7nhqdiyPmEZCyAkPB440Ok3wSG,jatszoter,HOL_TISZTAS
8H7wVsJ31BN7WW6cJBe3DWB7ZJO9,erdo,HOL_TISZTAS
0ayEKzKAhgI7kLaya0CVdQ0WaTdh,kacsa,HOL_TO
J8IzRk7DYymlKgV6sF7Umb2Wf8kh,kacsa,HOL_TO
TuiyHopNE0Ns45VopNY0umEgHnon,kacsa,HOL_TO
XWItECLFYo8VG5SskW9iQPJI7pRA,kacsa,HOL_TO
XnQQOJ6n3tTZgUOBj6SEG8VnkkCr,kacsa,HOL_TO
bXeBh3j0gOGpCmEt68bY2NjVKwZS,kacsa,HOL_TO
bXeBh3j0gOGpCmEt68bY2NjVKwZS,kacsa,HOL_TO
gkE2DF9rjk40Tdxikha0B9r2yMvP,kacsa,HOL_TO
jBpNE83rvgjtcjB4lQzfTlkuifEs,kacsa,HOL_TO
jnjKoAau2JdPFO1Y9PwBO6XlzGha,kacsa,HOL_TO
vu240s5N1IMDtgWR79UZHs2w0H6C,kacsa,HOL_TO
46yfoWhTy2iS3zBBIKYeTkITLWIt,ceruza,HOL_TOLLTARTO
HM7nhqdiyPmEZCyAkPB440Ok3wSG,ceruza,HOL_TOLLTARTO
LDiQ49hqAeKCaIZiU4yXQEO9tTmv,ceruza,HOL_TOLLTARTO
bXeBh3j0gOGpCmEt68bY2NjVKwZS,ceruza,HOL_TOLLTARTO
pB2ZvSU9uIZYrVmru0V6dzKTR2AW,ceruza,HOL_TOLLTARTO
HM7nhqdiyPmEZCyAkPB440Ok3wSG,citrom,HOL_TROPUS
b6lgi9tN1sInFmZy2YsPCSjxaQID,citrom,HOL_TROPUS
8H7wVsJ31BN7WW6cJBe3DWB7ZJO9,szem,HOL_TUKOR
NcVfp49U0WugaYJkv4r2Y3PXc7cn,szem,HOL_TUKOR
bXeBh3j0gOGpCmEt68bY2NjVKwZS,lab,HOL_TUKOR
J8IzRk7DYymlKgV6sF7Umb2Wf8kh,tuzolto,HOL_TUZ
YsgVSf2DRAuoIzG4hcEwSpkPiPJQ,tuzolto,HOL_TUZ
YsgVSf2DRAuoIzG4hcEwSpkPiPJQ,tuzolto,HOL_TUZ
hyQXyqpwb1eEKNKe7KdXNP9whDUd,tuzolto,HOL_TUZ
ioDhrsJV22Fym2kwi0Enu6L7qMoB,tuzolto,HOL_TUZ
kudJQ7AAOK0KetYJYKSTcQ60xJre,tuzolto,HOL_TUZ
ve2UV1qBXwAErAfwa7CBZvAjwxAb,tuzolto,HOL_TUZ
wChCSZMZUV5HgFOPQqYJsHLy8yej,tuzolto,HOL_TUZ
wChCSZMZUV5HgFOPQqYJsHLy8yej,tuzolto,HOL_TUZ
ve2UV1qBXwAErAfwa7CBZvAjwxAb,tuzolto,HOL_TUZESET
NcVfp49U0WugaYJkv4r2Y3PXc7cn,tuzolto,HOL_TUZOLTOALLOMAS
Vi4tvYPaMpHrJtchbz4qPsufSAd3,tuzolto,HOL_TUZOLTOALLOMAS
b6lgi9tN1sInFmZy2YsPCSjxaQID,tuzolto,HOL_TUZOLTOALLOMAS
hLKflzDgIt1d1kkYiBgtD6Ildzca,tuzolto,HOL_TUZOLTOALLOMAS
wChCSZMZUV5HgFOPQqYJsHLy8yej,tuzolto,HOL_TUZOLTOALLOMAS
XoMV4gJmAWW8fvZJRlQJoaciIPFJ,helikopter,HOL_TUZOLTOALLOMAS
hMhC4E5GeWS1zabc77OKHtfz529F,helikopter,HOL_TUZOLTOALLOMAS
kudJQ7AAOK0KetYJYKSTcQ60xJre,tuzolto,HOL_TUZOLTOAUTO
n8i5leQlntXz4XoA2JVGiOB0X0nS,tuzolto,HOL_TUZOLTOHELYSEG
wChCSZMZUV5HgFOPQqYJsHLy8yej,tuzolto,HOL_TUZOLTOKOCSI
gDJxpFMvaIHBGwkBz6Z9Z5E6rqeQ,tuzolto,HOL_TUZOLTOSAG
ve2UV1qBXwAErAfwa7CBZvAjwxAb,tuzolto,HOL_TUZOLTOSAG
hMhC4E5GeWS1zabc77OKHtfz529F,cipo,HOL_UDVAR
DL3j5JV4aiCT3r9LNq9fctuLkefs,gyerek,HOL_UDVAR
46yfoWhTy2iS3zBBIKYeTkITLWIt,hercegno,HOL_UDVAR
XUQR36tyWgppAe5zdMBRy1MXndde,kez,HOL_UJJ
kudJQ7AAOK0KetYJYKSTcQ60xJre,eper,HOL_UT
kudJQ7AAOK0KetYJYKSTcQ60xJre,eper,HOL_UT
Vi4tvYPaMpHrJtchbz4qPsufSAd3,tuzolto,HOL_UT
2mf1pytEKj8RM8in6MbEzrMBMAX1,vonat,HOL_UT
d7QNG1DWNJdasfDIeRmdGvEIgJBM,auto,HOL_UT
jBpNE83rvgjtcjB4lQzfTlkuifEs,auto,HOL_UT
d7QNG1DWNJdasfDIeRmdGvEIgJBM,kutya,HOL_UTCA
hyQXyqpwb1eEKNKe7KdXNP9whDUd,kutya,HOL_UTCA
kudJQ7AAOK0KetYJYKSTcQ60xJre,kutya,HOL_UTCA
d7QNG1DWNJdasfDIeRmdGvEIgJBM,nadrag,HOL_UTCA
TuiyHopNE0Ns45VopNY0umEgHnon,cipo,HOL_UTCA
cR7z9posZ25xSjb6z7sagHS235vn,cipo,HOL_UTCA
hMhC4E5GeWS1zabc77OKHtfz529F,cipo,HOL_UTCA
n8i5leQlntXz4XoA2JVGiOB0X0nS,cipo,HOL_UTCA
YsgVSf2DRAuoIzG4hcEwSpkPiPJQ,jatszoter,HOL_UTCA
gDJxpFMvaIHBGwkBz6Z9Z5E6rqeQ,jatszoter,HOL_UTCA
8H7wVsJ31BN7WW6cJBe3DWB7ZJO9,gyerek,HOL_UTCA
cKkzcqwwIFXF6u0LdJBUTL1a4td2,szonyeg,HOL_UTCA
wChCSZMZUV5HgFOPQqYJsHLy8yej,ceruza,HOL_UTCA
YsgVSf2DRAuoIzG4hcEwSpkPiPJQ,helikopter,HOL_UTCA
TuiyHopNE0Ns45VopNY0umEgHnon,auto,HOL_UTCA
bJxnk1ZvF1GBnye0bYpBFGuOIcsJ,auto,HOL_UTCA
n8i5leQlntXz4XoA2JVGiOB0X0nS,auto,HOL_UTCA
pcKzkYgCUpVc1YGsfcG9cuHwhIFq,auto,HOL_UTCA
LDiQ49hqAeKCaIZiU4yXQEO9tTmv,auto,HOL_UTTEST
d7QNG1DWNJdasfDIeRmdGvEIgJBM,auto,HOL_UTTEST
hLKflzDgIt1d1kkYiBgtD6Ildzca,auto,HOL_UTTEST
2GQsh4qTCle4fioT2ib8QrWmurRt,nadrag,HOL_UZLET
gZUIZf0CyPQa4w9Wggvx5cJkQ4C2,citrom,HOL_UZLET
8H7wVsJ31BN7WW6cJBe3DWB7ZJO9,krumpli,HOL_VACSORA
8H7wVsJ31BN7WW6cJBe3DWB7ZJO9,krumpli,HOL_VACSORA
pcKzkYgCUpVc1YGsfcG9cuHwhIFq,lo,HOL_VADON
HM7nhqdiyPmEZCyAkPB440Ok3wSG,vonat,HOL_VAGANY
ioDhrsJV22Fym2kwi0Enu6L7qMoB,vonat,HOL_VAGANY
bXeBh3j0gOGpCmEt68bY2NjVKwZS,hercegno,HOL_VAR
jBpNE83rvgjtcjB4lQzfTlkuifEs,hercegno,HOL_VAR
vu240s5N1IMDtgWR79UZHs2w0H6C,hercegno,HOL_VAR
TuiyHopNE0Ns45VopNY0umEgHnon,kard,HOL_VAR
hLKflzDgIt1d1kkYiBgtD6Ildzca,kard,HOL_VAR
hMhC4E5GeWS1zabc77OKHtfz529F,kard,HOL_VAR
jnjKoAau2JdPFO1Y9PwBO6XlzGha,kard,HOL_VAR
n8i5leQlntXz4XoA2JVGiOB0X0nS,kard,HOL_VAR
jnjKoAau2JdPFO1Y9PwBO6XlzGha,erdo,HOL_VAROS
n8i5leQlntXz4XoA2JVGiOB0X0nS,kutya,HOL_VAROS
sTZywlkMZzaRE7Uqx1qpacwIHmlG,kutya,HOL_VAROS
ve2UV1qBXwAErAfwa7CBZvAjwxAb,eper,HOL_VAROS
HM7nhqdiyPmEZCyAkPB440Ok3wSG,jatszoter,HOL_VAROS
Vi4tvYPaMpHrJtchbz4qPsufSAd3,jatszoter,HOL_VAROS
gkE2DF9rjk40Tdxikha0B9r2yMvP,gyerek,HOL_VAROS
ZE4Vso19ws4GQBEbRlAx3gqRf2Ql,vonat,HOL_VAROS
aCY8Po3E02wrI4Rrdzzxu9aTgdc7,cipo,HOL_VASAR
ioDhrsJV22Fym2kwi0Enu6L7qMoB,vonat,HOL_VASUTALLOMAS
TuiyHopNE0Ns45VopNY0umEgHnon,citrom,HOL_VEG
jBpNE83rvgjtcjB4lQzfTlkuifEs,kez,HOL_VEG_IND
fsUjgv5bHGSiLIc56gAiaFH0Eodm,sepru,HOL_VEG_IND
XWItECLFYo8VG5SskW9iQPJI7pRA,kard,HOL_VEG_IND
ZE4Vso19ws4GQBEbRlAx3gqRf2Ql,kez,HOL_VEGTAG
8H7wVsJ31BN7WW6cJBe3DWB7ZJO9,lo,HOL_VERSENY
Vi4tvYPaMpHrJtchbz4qPsufSAd3,lo,HOL_VERSENY
hLKflzDgIt1d1kkYiBgtD6Ildzca,eper,HOL_VETEMENYES
Z5DTSVEQk3FtNUWlQHkHPAEBPtsT,erdo,HOL_VIDEK
ve2UV1qBXwAErAfwa7CBZvAjwxAb,kutya,HOL_VILAG
8H7wVsJ31BN7WW6cJBe3DWB7ZJO9,lo,HOL_VILAG
8H7wVsJ31BN7WW6cJBe3DWB7ZJO9,szem,HOL_VILAG
DL3j5JV4aiCT3r9LNq9fctuLkefs,erdo,HOL_VILAG
cKkzcqwwIFXF6u0LdJBUTL1a4td2,gyerek,HOL_VILAG
Vi4tvYPaMpHrJtchbz4qPsufSAd3,tuzolto,HOL_VILAG
TuiyHopNE0Ns45VopNY0umEgHnon,kacsa,HOL_VIZ
TuiyHopNE0Ns45VopNY0umEgHnon,kacsa,HOL_VIZ
WukuItBR0pKip9BVBEXWLXAS465F,kacsa,HOL_VIZ
XnQQOJ6n3tTZgUOBj6SEG8VnkkCr,kacsa,HOL_VIZ
XnQQOJ6n3tTZgUOBj6SEG8VnkkCr,kacsa,HOL_VIZ
b6lgi9tN1sInFmZy2YsPCSjxaQID,kacsa,HOL_VIZ
hLKflzDgIt1d1kkYiBgtD6Ildzca,kacsa,HOL_VIZ
hLKflzDgIt1d1kkYiBgtD6Ildzca,kacsa,HOL_VIZ
jBpNE83rvgjtcjB4lQzfTlkuifEs,kacsa,HOL_VIZ
jBpNE83rvgjtcjB4lQzfTlkuifEs,kacsa,HOL_VIZ
jnjKoAau2JdPFO1Y9PwBO6XlzGha,kacsa,HOL_VIZ
vu240s5N1IMDtgWR79UZHs2w0H6C,kacsa,HOL_VIZ
2mf1pytEKj8RM8in6MbEzrMBMAX1,gomba,HOL_VIZESHELY
2mf1pytEKj8RM8in6MbEzrMBMAX1,gomba,HOL_VIZESHELY
2GQsh4qTCle4fioT2ib8QrWmurRt,vonat,HOL_VONATALLOMAS
2GQsh4qTCle4fioT2ib8QrWmurRt,vonat,HOL_VONATALLOMAS
46yfoWhTy2iS3zBBIKYeTkITLWIt,vonat,HOL_VONATALLOMAS
XWItECLFYo8VG5SskW9iQPJI7pRA,vonat,HOL_VONATALLOMAS
aCY8Po3E02wrI4Rrdzzxu9aTgdc7,vonat,HOL_VONATALLOMAS
gkE2DF9rjk40Tdxikha0B9r2yMvP,vonat,HOL_VONATALLOMAS
Vi4tvYPaMpHrJtchbz4qPsufSAd3,vonat,HOL_VONATPALYA
XWItECLFYo8VG5SskW9iQPJI7pRA,krumpli,HOL_ZOLDSEGES
wChCSZMZUV5HgFOPQqYJsHLy8yej,kez,HOL_ZSEB
hMhC4E5GeWS1zabc77OKHtfz529F,szem,IDIOMA_NEGYSZEMKOZT
kudJQ7AAOK0KetYJYKSTcQ60xJre,erdo,ILYEN__TISZTA_IND
hLKflzDgIt1d1kkYiBgtD6Ildzca,asztal,ILYEN_ADVENTI_IND
jnjKoAau2JdPFO1Y9PwBO6XlzGha,kacsa,ILYEN_ALACSONY
jnjKoAau2JdPFO1Y9PwBO6XlzGha,erdo,ILYEN_ALACSONY
TuiyHopNE0Ns45VopNY0umEgHnon,gyerek,ILYEN_ALACSONY
jnjKoAau2JdPFO1Y9PwBO6XlzGha,gyerek,ILYEN_ALACSONY
XUQR36tyWgppAe5zdMBRy1MXndde,lo,ILYEN_ALMASDERES
DL3j5JV4aiCT3r9LNq9fctuLkefs,citrom,ILYEN_APROCSKA_IND
n8i5leQlntXz4XoA2JVGiOB0X0nS,auto,ILYEN_ARAMOS
WukuItBR0pKip9BVBEXWLXAS465F,jatszoter,ILYEN_ASZFALTOS
2GQsh4qTCle4fioT2ib8QrWmurRt,nadrag,ILYEN_ASZTALALAKU
8H7wVsJ31BN7WW6cJBe3DWB7ZJO9,citrom,ILYEN_BAJ_IND
LDiQ49hqAeKCaIZiU4yXQEO9tTmv,lo,ILYEN_BARAT
0ayEKzKAhgI7kLaya0CVdQ0WaTdh,kacsa,ILYEN_BARNA
TuiyHopNE0Ns45VopNY0umEgHnon,kacsa,ILYEN_BARNA
WukuItBR0pKip9BVBEXWLXAS465F,kacsa,ILYEN_BARNA
b6lgi9tN1sInFmZy2YsPCSjxaQID,kacsa,ILYEN_BARNA
bXeBh3j0gOGpCmEt68bY2NjVKwZS,kacsa,ILYEN_BARNA
cKkzcqwwIFXF6u0LdJBUTL1a4td2,kacsa,ILYEN_BARNA
XoMV4gJmAWW8fvZJRlQJoaciIPFJ,kutya,ILYEN_BARNA
d7QNG1DWNJdasfDIeRmdGvEIgJBM,kutya,ILYEN_BARNA
hMhC4E5GeWS1zabc77OKHtfz529F,kutya,ILYEN_BARNA
ioDhrsJV22Fym2kwi0Enu6L7qMoB,kutya,ILYEN_BARNA
kudJQ7AAOK0KetYJYKSTcQ60xJre,kutya,ILYEN_BARNA
n8i5leQlntXz4XoA2JVGiOB0X0nS,kutya,ILYEN_BARNA
46yfoWhTy2iS3zBBIKYeTkITLWIt,lo,ILYEN_BARNA
8H7wVsJ31BN7WW6cJBe3DWB7ZJO9,lo,ILYEN_BARNA
XUQR36tyWgppAe5zdMBRy1MXndde,lo,ILYEN_BARNA
cR7z9posZ25xSjb6z7sagHS235vn,lo,ILYEN_BARNA
8H7wVsJ31BN7WW6cJBe3DWB7ZJO9,szem,ILYEN_BARNA
DL3j5JV4aiCT3r9LNq9fctuLkefs,szem,ILYEN_BARNA
TuiyHopNE0Ns45VopNY0umEgHnon,szem,ILYEN_BARNA
TuiyHopNE0Ns45VopNY0umEgHnon,szem,ILYEN_BARNA
WukuItBR0pKip9BVBEXWLXAS465F,szem,ILYEN_BARNA
XWItECLFYo8VG5SskW9iQPJI7pRA,szem,ILYEN_BARNA
XoMV4gJmAWW8fvZJRlQJoaciIPFJ,szem,ILYEN_BARNA
cR7z9posZ25xSjb6z7sagHS235vn,szem,ILYEN_BARNA
gwTxL0T8HQFlooQEgkqQvBG4rHtl,szem,ILYEN_BARNA
YsgVSf2DRAuoIzG4hcEwSpkPiPJQ,lab,ILYEN_BARNA
jnjKoAau2JdPFO1Y9PwBO6XlzGha,erdo,ILYEN_BARNA
DL3j5JV4aiCT3r9LNq9fctuLkefs,gomba,ILYEN_BARNA
8H7wVsJ31BN7WW6cJBe3DWB7ZJO9,krumpli,ILYEN_BARNA
J8IzRk7DYymlKgV6sF7Umb2Wf8kh,krumpli,ILYEN_BARNA
NcVfp49U0WugaYJkv4r2Y3PXc7cn,krumpli,ILYEN_BARNA
b6lgi9tN1sInFmZy2YsPCSjxaQID,krumpli,ILYEN_BARNA
cKkzcqwwIFXF6u0LdJBUTL1a4td2,krumpli,ILYEN_BARNA
cR7z9posZ25xSjb6z7sagHS235vn,krumpli,ILYEN_BARNA
gwTxL0T8HQFlooQEgkqQvBG4rHtl,krumpli,ILYEN_BARNA
hMhC4E5GeWS1zabc77OKHtfz529F,krumpli,ILYEN_BARNA
hyQXyqpwb1eEKNKe7KdXNP9whDUd,krumpli,ILYEN_BARNA
vu240s5N1IMDtgWR79UZHs2w0H6C,krumpli,ILYEN_BARNA
2GQsh4qTCle4fioT2ib8QrWmurRt,bab,ILYEN_BARNA
LDiQ49hqAeKCaIZiU4yXQEO9tTmv,bab,ILYEN_BARNA
TuiyHopNE0Ns45VopNY0umEgHnon,bab,ILYEN_BARNA
TuiyHopNE0Ns45VopNY0umEgHnon,bab,ILYEN_BARNA
WukuItBR0pKip9BVBEXWLXAS465F,bab,ILYEN_BARNA
XUQR36tyWgppAe5zdMBRy1MXndde,bab,ILYEN_BARNA
Z5DTSVEQk3FtNUWlQHkHPAEBPtsT,bab,ILYEN_BARNA
ZE4Vso19ws4GQBEbRlAx3gqRf2Ql,bab,ILYEN_BARNA
fsUjgv5bHGSiLIc56gAiaFH0Eodm,bab,ILYEN_BARNA
gZUIZf0CyPQa4w9Wggvx5cJkQ4C2,bab,ILYEN_BARNA
gkE2DF9rjk40Tdxikha0B9r2yMvP,bab,ILYEN_BARNA
XoMV4gJmAWW8fvZJRlQJoaciIPFJ,szonyeg,ILYEN_BARNA
hyQXyqpwb1eEKNKe7KdXNP9whDUd,sepru,ILYEN_BARNA
n8i5leQlntXz4XoA2JVGiOB0X0nS,sepru,ILYEN_BARNA
WukuItBR0pKip9BVBEXWLXAS465F,kacsa,ILYEN_BARNA_IND
LDiQ49hqAeKCaIZiU4yXQEO9tTmv,szem,ILYEN_BARNA_IND
DL3j5JV4aiCT3r9LNq9fctuLkefs,erdo,ILYEN_BARNA_IND
gDJxpFMvaIHBGwkBz6Z9Z5E6rqeQ,gomba,ILYEN_BARNA_IND
0ayEKzKAhgI7kLaya0CVdQ0WaTdh,krumpli,ILYEN_BARNA_IND
HM7nhqdiyPmEZCyAkPB440Ok3wSG,krumpli,ILYEN_BARNA_IND
XWItECLFYo8VG5SskW9iQPJI7pRA,krumpli,ILYEN_BARNA_IND
n8i5leQlntXz4XoA2JVGiOB0X0nS,krumpli,ILYEN_BARNA_IND
hLKflzDgIt1d1kkYiBgtD6Ildzca,kacsa,ILYEN_BARNAS
pcKzkYgCUpVc1YGsfcG9cuHwhIFq,krumpli,ILYEN_BARNAS
kudJQ7AAOK0KetYJYKSTcQ60xJre,bab,ILYEN_BARNAS
n8i5leQlntXz4XoA2JVGiOB0X0nS,tuzolto,ILYEN_BATOR
46yfoWhTy2iS3zBBIKYeTkITLWIt,szonyeg,ILYEN_BOJTOS
fsUjgv5bHGSiLIc56gAiaFH0Eodm,kutya,ILYEN_BOLDOG
kudJQ7AAOK0KetYJYKSTcQ60xJre,kutya,ILYEN_BOLDOG
NcVfp49U0WugaYJkv4r2Y3PXc7cn,lo,ILYEN_BOLDOG
8H7wVsJ31BN7WW6cJBe3DWB7ZJO9,konyv,ILYEN_BOLDOG
hyQXyqpwb1eEKNKe7KdXNP9whDUd,kez,ILYEN_BORSZINU
YsgVSf2DRAuoIzG4hcEwSpkPiPJQ,lab,ILYEN_BORSZINU
Z5DTSVEQk3FtNUWlQHkHPAEBPtsT,kutya,ILYEN_BUNDAS
HM7nhqdiyPmEZCyAkPB440Ok3wSG,vonat,ILYEN_BUZDITO
gZUIZf0CyPQa4w9Wggvx5cJkQ4C2,cipo,ILYEN_BUDI
HM7nhqdiyPmEZCyAkPB440Ok3wSG,lab,ILYEN_BUDOS
HM7nhqdiyPmEZCyAkPB440Ok3wSG,lo,ILYEN_BUDOS_IND
cR7z9posZ25xSjb6z7sagHS235vn,cipo,ILYEN_CIPOFUZOS
8H7wVsJ31BN7WW6cJBe3DWB7ZJO9,pulover,ILYEN_CIPZARAS
i9zlLDQ6SJh1P1fER1TKU6Wqq2qA,pulover,ILYEN_CIPZARAS
jBpNE83rvgjtcjB4lQzfTlkuifEs,pulover,ILYEN_CIPZARAS
0ayEKzKAhgI7kLaya0CVdQ0WaTdh,kacsa,ILYEN_CITROMSARGA
HM7nhqdiyPmEZCyAkPB440Ok3wSG,citrom,ILYEN_CITROMSARGA
XnQQOJ6n3tTZgUOBj6SEG8VnkkCr,citrom,ILYEN_CITROMSARGA
fsUjgv5bHGSiLIc56gAiaFH0Eodm,citrom,ILYEN_CITROMSARGA
gZUIZf0CyPQa4w9Wggvx5cJkQ4C2,citrom,ILYEN_CITROMSARGA
i9zlLDQ6SJh1P1fER1TKU6Wqq2qA,citrom,ILYEN_CITROMSARGA
pB2ZvSU9uIZYrVmru0V6dzKTR2AW,citrom,ILYEN_CITROMSARGA
vu240s5N1IMDtgWR79UZHs2w0H6C,citrom,ILYEN_CITROMSARGA
HM7nhqdiyPmEZCyAkPB440Ok3wSG,tuzolto,ILYEN_CITROMSARGA
0ayEKzKAhgI7kLaya0CVdQ0WaTdh,krumpli,ILYEN_CITROMSARGA
HM7nhqdiyPmEZCyAkPB440Ok3wSG,krumpli,ILYEN_CITROMSARGA
vu240s5N1IMDtgWR79UZHs2w0H6C,krumpli,ILYEN_CITROMSARGA
vu240s5N1IMDtgWR79UZHs2w0H6C,krumpli,ILYEN_CITROMSARGA_IND
hLKflzDgIt1d1kkYiBgtD6Ildzca,kacsa,ILYEN_CUKI
Z5DTSVEQk3FtNUWlQHkHPAEBPtsT,kutya,ILYEN_CUKI
ZE4Vso19ws4GQBEbRlAx3gqRf2Ql,kutya,ILYEN_CUKI
gDJxpFMvaIHBGwkBz6Z9Z5E6rqeQ,kutya,ILYEN_CUKI
hyQXyqpwb1eEKNKe7KdXNP9whDUd,kutya,ILYEN_CUKI
sTZywlkMZzaRE7Uqx1qpacwIHmlG,kutya,ILYEN_CUKI
wChCSZMZUV5HgFOPQqYJsHLy8yej,kutya,ILYEN_CUKI
Z5DTSVEQk3FtNUWlQHkHPAEBPtsT,gyerek,ILYEN_CUKI
sTZywlkMZzaRE7Uqx1qpacwIHmlG,kutya,ILYEN_CUKI_IND
Vi4tvYPaMpHrJtchbz4qPsufSAd3,lo,ILYEN_CUKI_IND
pB2ZvSU9uIZYrVmru0V6dzKTR2AW,lo,ILYEN_CUKI_IND
cR7z9posZ25xSjb6z7sagHS235vn,cipo,ILYEN_CSATOS
wChCSZMZUV5HgFOPQqYJsHLy8yej,tuzolto,ILYEN_CSIKOS_IND
2mf1pytEKj8RM8in6MbEzrMBMAX1,hercegno,ILYEN_CSINOS_IND
XoMV4gJmAWW8fvZJRlQJoaciIPFJ,gyerek,ILYEN_CSINTALAN
kudJQ7AAOK0KetYJYKSTcQ60xJre,szonyeg,ILYEN_CSUSZASGATLO
ZE4Vso19ws4GQBEbRlAx3gqRf2Ql,kez,ILYEN_DAGI_IND
ioDhrsJV22Fym2kwi0Enu6L7qMoB,szonyeg,ILYEN_DISZES
TuiyHopNE0Ns45VopNY0umEgHnon,kard,ILYEN_DISZES
gZUIZf0CyPQa4w9Wggvx5cJkQ4C2,helikopter,ILYEN_DOBOZSZERU
n8i5leQlntXz4XoA2JVGiOB0X0nS,auto,ILYEN_DOMBORUALAKU
46yfoWhTy2iS3zBBIKYeTkITLWIt,alma,ILYEN_EDES
WukuItBR0pKip9BVBEXWLXAS465F,alma,ILYEN_EDES
cR7z9posZ25xSjb6z7sagHS235vn,alma,ILYEN_EDES
gwTxL0T8HQFlooQEgkqQvBG4rHtl,alma,ILYEN_EDES
hMhC4E5GeWS1zabc77OKHtfz529F,alma,ILYEN_EDES
jBpNE83rvgjtcjB4lQzfTlkuifEs,alma,ILYEN_EDES
jnjKoAau2JdPFO1Y9PwBO6XlzGha,alma,ILYEN_EDES
n8i5leQlntXz4XoA2JVGiOB0X0nS,alma,ILYEN_EDES
n8i5leQlntXz4XoA2JVGiOB0X0nS,alma,ILYEN_EDES
pcKzkYgCUpVc1YGsfcG9cuHwhIFq,alma,ILYEN_EDES
2mf1pytEKj8RM8in6MbEzrMBMAX1,eper,ILYEN_EDES
Vi4tvYPaMpHrJtchbz4qPsufSAd3,eper,ILYEN_EDES
YsgVSf2DRAuoIzG4hcEwSpkPiPJQ,eper,ILYEN_EDES
Z5DTSVEQk3FtNUWlQHkHPAEBPtsT,eper,ILYEN_EDES
hLKflzDgIt1d1kkYiBgtD6Ildzca,eper,ILYEN_EDES
ve2UV1qBXwAErAfwa7CBZvAjwxAb,eper,ILYEN_EDES
XUQR36tyWgppAe5zdMBRy1MXndde,alma,ILYEN_EDESKES
gDJxpFMvaIHBGwkBz6Z9Z5E6rqeQ,eper,ILYEN_EDESKES
ioDhrsJV22Fym2kwi0Enu6L7qMoB,alma,ILYEN_EGESZSEGES
wChCSZMZUV5HgFOPQqYJsHLy8yej,alma,ILYEN_EGESZSEGES
8H7wVsJ31BN7WW6cJBe3DWB7ZJO9,citrom,ILYEN_EGESZSEGES
8H7wVsJ31BN7WW6cJBe3DWB7ZJO9,citrom,ILYEN_EGESZSEGES
cKkzcqwwIFXF6u0LdJBUTL1a4td2,eper,ILYEN_EGESZSEGES
8H7wVsJ31BN7WW6cJBe3DWB7ZJO9,krumpli,ILYEN_EGESZSEGES
cKkzcqwwIFXF6u0LdJBUTL1a4td2,krumpli,ILYEN_EGESZSEGES
ioDhrsJV22Fym2kwi0Enu6L7qMoB,bab,ILYEN_EGESZSEGES
Z5DTSVEQk3FtNUWlQHkHPAEBPtsT,erdo,ILYEN_EGESZSEGES_IND
ve2UV1qBXwAErAfwa7CBZvAjwxAb,lab,ILYEN_EGYENES
bXeBh3j0gOGpCmEt68bY2NjVKwZS,cipo,ILYEN_EGYENES
ioDhrsJV22Fym2kwi0Enu6L7qMoB,cipo,ILYEN_EGYENES
ve2UV1qBXwAErAfwa7CBZvAjwxAb,lab,ILYEN_EGYENES_IND
Vi4tvYPaMpHrJtchbz4qPsufSAd3,gomba,ILYEN_EGYENES_IND
n8i5leQlntXz4XoA2JVGiOB0X0nS,sepru,ILYEN_EGYENES_IND
ZE4Vso19ws4GQBEbRlAx3gqRf2Ql,kard,ILYEN_EGYENES_IND
ZE4Vso19ws4GQBEbRlAx3gqRf2Ql,kard,ILYEN_EGYENES_IND
8H7wVsJ31BN7WW6cJBe3DWB7ZJO9,lo,ILYEN_EGYSZINU
8H7wVsJ31BN7WW6cJBe3DWB7ZJO9,szem,ILYEN_EGYSZINU
ioDhrsJV22Fym2kwi0Enu6L7qMoB,alma,ILYEN_EHETO
n8i5leQlntXz4XoA2JVGiOB0X0nS,alma,ILYEN_EHETO
vu240s5N1IMDtgWR79UZHs2w0H6C,citrom,ILYEN_EHETO
bJxnk1ZvF1GBnye0bYpBFGuOIcsJ,eper,ILYEN_EHETO
bXeBh3j0gOGpCmEt68bY2NjVKwZS,eper,ILYEN_EHETO
hLKflzDgIt1d1kkYiBgtD6Ildzca,eper,ILYEN_EHETO
2mf1pytEKj8RM8in6MbEzrMBMAX1,gomba,ILYEN_EHETO
46yfoWhTy2iS3zBBIKYeTkITLWIt,gomba,ILYEN_EHETO
i9zlLDQ6SJh1P1fER1TKU6Wqq2qA,gomba,ILYEN_EHETO
i9zlLDQ6SJh1P1fER1TKU6Wqq2qA,gomba,ILYEN_EHETO
n8i5leQlntXz4XoA2JVGiOB0X0nS,krumpli,ILYEN_EHETO
vu240s5N1IMDtgWR79UZHs2w0H6C,krumpli,ILYEN_EHETO
bJxnk1ZvF1GBnye0bYpBFGuOIcsJ,bab,ILYEN_EHETO
hLKflzDgIt1d1kkYiBgtD6Ildzca,bab,ILYEN_EHETO
vu240s5N1IMDtgWR79UZHs2w0H6C,ceruza,ILYEN_ELES
NcVfp49U0WugaYJkv4r2Y3PXc7cn,kard,ILYEN_ELES
TuiyHopNE0Ns45VopNY0umEgHnon,kard,ILYEN_ELES
XWItECLFYo8VG5SskW9iQPJI7pRA,kard,ILYEN_ELES
XnQQOJ6n3tTZgUOBj6SEG8VnkkCr,kard,ILYEN_ELES
aCY8Po3E02wrI4Rrdzzxu9aTgdc7,kard,ILYEN_ELES
b6lgi9tN1sInFmZy2YsPCSjxaQID,kard,ILYEN_ELES
bJxnk1ZvF1GBnye0bYpBFGuOIcsJ,kard,ILYEN_ELES
gDJxpFMvaIHBGwkBz6Z9Z5E6rqeQ,kard,ILYEN_ELES
hLKflzDgIt1d1kkYiBgtD6Ildzca,kard,ILYEN_ELES
hMhC4E5GeWS1zabc77OKHtfz529F,kard,ILYEN_ELES
jBpNE83rvgjtcjB4lQzfTlkuifEs,kard,ILYEN_ELES
n8i5leQlntXz4XoA2JVGiOB0X0nS,kard,ILYEN_ELES
gkE2DF9rjk40Tdxikha0B9r2yMvP,kacsa,ILYEN_ELES_IND
XoMV4gJmAWW8fvZJRlQJoaciIPFJ,kutya,ILYEN_ELES_IND
NcVfp49U0WugaYJkv4r2Y3PXc7cn,kard,ILYEN_ELES_IND
XnQQOJ6n3tTZgUOBj6SEG8VnkkCr,kard,ILYEN_ELES_IND
ZE4Vso19ws4GQBEbRlAx3gqRf2Ql,kard,ILYEN_ELES_IND
ZE4Vso19ws4GQBEbRlAx3gqRf2Ql,kard,ILYEN_ELES_IND
n8i5leQlntXz4XoA2JVGiOB0X0nS,kard,ILYEN_ELES_IND
gwTxL0T8HQFlooQEgkqQvBG4rHtl,tuzolto,ILYEN_ELETMENTO
8H7wVsJ31BN7WW6cJBe3DWB7ZJO9,konyv,ILYEN_ENEKLOS
8H7wVsJ31BN7WW6cJBe3DWB7ZJO9,konyv,ILYEN_ERDEKES
8H7wVsJ31BN7WW6cJBe3DWB7ZJO9,konyv,ILYEN_ERDEKES
bXeBh3j0gOGpCmEt68bY2NjVKwZS,eper,ILYEN_ERETLEN
gDJxpFMvaIHBGwkBz6Z9Z5E6rqeQ,kutya,ILYEN_EROS_IND
kudJQ7AAOK0KetYJYKSTcQ60xJre,kutya,ILYEN_EROS_IND
kudJQ7AAOK0KetYJYKSTcQ60xJre,kutya,ILYEN_EROS_IND
DL3j5JV4aiCT3r9LNq9fctuLkefs,helikopter,ILYEN_EROS_IND
NcVfp49U0WugaYJkv4r2Y3PXc7cn,szem,ILYEN_ERZEKENY
NcVfp49U0WugaYJkv4r2Y3PXc7cn,sepru,ILYEN_FA_IND
ve2UV1qBXwAErAfwa7CBZvAjwxAb,kutya,ILYEN_FAJTAJU
b6lgi9tN1sInFmZy2YsPCSjxaQID,kacsa,ILYEN_FEHER
hLKflzDgIt1d1kkYiBgtD6Ildzca,kacsa,ILYEN_FEHER
XoMV4gJmAWW8fvZJRlQJoaciIPFJ,kutya,ILYEN_FEHER
d7QNG1DWNJdasfDIeRmdGvEIgJBM,kutya,ILYEN_FEHER
ioDhrsJV22Fym2kwi0Enu6L7qMoB,kutya,ILYEN_FEHER
kudJQ7AAOK0KetYJYKSTcQ60xJre,kutya,ILYEN_FEHER
n8i5leQlntXz4XoA2JVGiOB0X0nS,kutya,ILYEN_FEHER
46yfoWhTy2iS3zBBIKYeTkITLWIt,lo,ILYEN_FEHER
8H7wVsJ31BN7WW6cJBe3DWB7ZJO9,lo,ILYEN_FEHER
DL3j5JV4aiCT3r9LNq9fctuLkefs,szem,ILYEN_FEHER
bXeBh3j0gOGpCmEt68bY2NjVKwZS,eper,ILYEN_FEHER
kudJQ7AAOK0KetYJYKSTcQ60xJre,bab,ILYEN_FEHER
XoMV4gJmAWW8fvZJRlQJoaciIPFJ,szonyeg,ILYEN_FEHER
jnjKoAau2JdPFO1Y9PwBO6XlzGha,helikopter,ILYEN_FEHER
jnjKoAau2JdPFO1Y9PwBO6XlzGha,helikopter,ILYEN_FEHER
cR7z9posZ25xSjb6z7sagHS235vn,auto,ILYEN_FEHER
hLKflzDgIt1d1kkYiBgtD6Ildzca,auto,ILYEN_FEHER
WukuItBR0pKip9BVBEXWLXAS465F,kacsa,ILYEN_FEHER_IND
TuiyHopNE0Ns45VopNY0umEgHnon,szem,ILYEN_FEHER_IND
XoMV4gJmAWW8fvZJRlQJoaciIPFJ,szem,ILYEN_FEHER_IND
HM7nhqdiyPmEZCyAkPB440Ok3wSG,tuzolto,ILYEN_FEHER_IND
2mf1pytEKj8RM8in6MbEzrMBMAX1,gomba,ILYEN_FEHER_IND
2mf1pytEKj8RM8in6MbEzrMBMAX1,gomba,ILYEN_FEHER_IND
YsgVSf2DRAuoIzG4hcEwSpkPiPJQ,gomba,ILYEN_FEHER_IND
gDJxpFMvaIHBGwkBz6Z9Z5E6rqeQ,gomba,ILYEN_FEHER_IND
sTZywlkMZzaRE7Uqx1qpacwIHmlG,gomba,ILYEN_FEHER_IND
wChCSZMZUV5HgFOPQqYJsHLy8yej,gomba,ILYEN_FEHER_IND
WukuItBR0pKip9BVBEXWLXAS465F,bab,ILYEN_FEHER_IND
d7QNG1DWNJdasfDIeRmdGvEIgJBM,kutya,ILYEN_FEKETE
hMhC4E5GeWS1zabc77OKHtfz529F,kutya,ILYEN_FEKETE
ioDhrsJV22Fym2kwi0Enu6L7qMoB,kutya,ILYEN_FEKETE
kudJQ7AAOK0KetYJYKSTcQ60xJre,kutya,ILYEN_FEKETE
n8i5leQlntXz4XoA2JVGiOB0X0nS,kutya,ILYEN_FEKETE
46yfoWhTy2iS3zBBIKYeTkITLWIt,lo,ILYEN_FEKETE
8H7wVsJ31BN7WW6cJBe3DWB7ZJO9,lo,ILYEN_FEKETE
XUQR36tyWgppAe5zdMBRy1MXndde,lo,ILYEN_FEKETE
LDiQ49hqAeKCaIZiU4yXQEO9tTmv,szem,ILYEN_FEKETE
Vi4tvYPaMpHrJtchbz4qPsufSAd3,nadrag,ILYEN_FEKETE
LDiQ49hqAeKCaIZiU4yXQEO9tTmv,ceruza,ILYEN_FEKETE
cR7z9posZ25xSjb6z7sagHS235vn,auto,ILYEN_FEKETE
hLKflzDgIt1d1kkYiBgtD6Ildzca,kacsa,ILYEN_FEKETE_IND
Z5DTSVEQk3FtNUWlQHkHPAEBPtsT,kutya,ILYEN_FEKETE_IND
DL3j5JV4aiCT3r9LNq9fctuLkefs,szem,ILYEN_FEKETE_IND
TuiyHopNE0Ns45VopNY0umEgHnon,szem,ILYEN_FEKETE_IND
TuiyHopNE0Ns45VopNY0umEgHnon,szem,ILYEN_FEKETE_IND
XoMV4gJmAWW8fvZJRlQJoaciIPFJ,szem,ILYEN_FEKETE_IND
pB2ZvSU9uIZYrVmru0V6dzKTR2AW,szem,ILYEN_FEKETE_IND
DL3j5JV4aiCT3r9LNq9fctuLkefs,citrom,ILYEN_FEKETE_IND
LDiQ49hqAeKCaIZiU4yXQEO9tTmv,eper,ILYEN_FEKETE_IND
DL3j5JV4aiCT3r9LNq9fctuLkefs,helikopter,ILYEN_FEKTET
HM7nhqdiyPmEZCyAkPB440Ok3wSG,vonat,ILYEN_FELELMETES
sTZywlkMZzaRE7Uqx1qpacwIHmlG,hercegno,ILYEN_FELESEG
ve2UV1qBXwAErAfwa7CBZvAjwxAb,tuzolto,ILYEN_FELKESZULT
46yfoWhTy2iS3zBBIKYeTkITLWIt,hercegno,ILYEN_FELTUNO
46yfoWhTy2iS3zBBIKYeTkITLWIt,hercegno,ILYEN_FELTUNO_IND
hLKflzDgIt1d1kkYiBgtD6Ildzca,kard,ILYEN_FENYES
gDJxpFMvaIHBGwkBz6Z9Z5E6rqeQ,tuzolto,ILYEN_FENYES_IND
kudJQ7AAOK0KetYJYKSTcQ60xJre,tuzolto,ILYEN_FENYVISSZAVERO
ZE4Vso19ws4GQBEbRlAx3gqRf2Ql,kard,ILYEN_FERDE_IND
ve2UV1qBXwAErAfwa7CBZvAjwxAb,kutya,ILYEN_FINOM
J8IzRk7DYymlKgV6sF7Umb2Wf8kh,alma,ILYEN_FINOM
WukuItBR0pKip9BVBEXWLXAS465F,alma,ILYEN_FINOM
WukuItBR0pKip9BVBEXWLXAS465F,alma,ILYEN_FINOM
XUQR36tyWgppAe5zdMBRy1MXndde,alma,ILYEN_FINOM
gkE2DF9rjk40Tdxikha0B9r2yMvP,alma,ILYEN_FINOM
hMhC4E5GeWS1zabc77OKHtfz529F,alma,ILYEN_FINOM
n8i5leQlntXz4XoA2JVGiOB0X0nS,alma,ILYEN_FINOM
2GQsh4qTCle4fioT2ib8QrWmurRt,eper,ILYEN_FINOM
2mf1pytEKj8RM8in6MbEzrMBMAX1,eper,ILYEN_FINOM
2mf1pytEKj8RM8in6MbEzrMBMAX1,eper,ILYEN_FINOM
Vi4tvYPaMpHrJtchbz4qPsufSAd3,eper,ILYEN_FINOM
Z5DTSVEQk3FtNUWlQHkHPAEBPtsT,eper,ILYEN_FINOM
bJxnk1ZvF1GBnye0bYpBFGuOIcsJ,eper,ILYEN_FINOM
gDJxpFMvaIHBGwkBz6Z9Z5E6rqeQ,eper,ILYEN_FINOM
hLKflzDgIt1d1kkYiBgtD6Ildzca,eper,ILYEN_FINOM
kudJQ7AAOK0KetYJYKSTcQ60xJre,eper,ILYEN_FINOM
sTZywlkMZzaRE7Uqx1qpacwIHmlG,eper,ILYEN_FINOM
0ayEKzKAhgI7kLaya0CVdQ0WaTdh,krumpli,ILYEN_FINOM
J8IzRk7DYymlKgV6sF7Umb2Wf8kh,krumpli,ILYEN_FINOM
bXeBh3j0gOGpCmEt68bY2NjVKwZS,krumpli,ILYEN_FINOM
bXeBh3j0gOGpCmEt68bY2NjVKwZS,krumpli,ILYEN_FINOM
cKkzcqwwIFXF6u0LdJBUTL1a4td2,krumpli,ILYEN_FINOM
n8i5leQlntXz4XoA2JVGiOB0X0nS,krumpli,ILYEN_FINOM
hLKflzDgIt1d1kkYiBgtD6Ildzca,bab,ILYEN_FINOM
ioDhrsJV22Fym2kwi0Enu6L7qMoB,bab,ILYEN_FINOM
WukuItBR0pKip9BVBEXWLXAS465F,bab,ILYEN_FINOM_IND
8H7wVsJ31BN7WW6cJBe3DWB7ZJO9,gyerek,ILYEN_FINNYAS_IND
n8i5leQlntXz4XoA2JVGiOB0X0nS,sepru,ILYEN_FOGHATO
LDiQ49hqAeKCaIZiU4yXQEO9tTmv,sepru,ILYEN_FOGHATO_IND
HM7nhqdiyPmEZCyAkPB440Ok3wSG,citrom,ILYEN_FOGYASZTHATO
WukuItBR0pKip9BVBEXWLXAS465F,bab,ILYEN_FOLT
ioDhrsJV22Fym2kwi0Enu6L7qMoB,kutya,ILYEN_FOLTOS
n8i5leQlntXz4XoA2JVGiOB0X0nS,kutya,ILYEN_FOLTOS
0ayEKzKAhgI7kLaya0CVdQ0WaTdh,szem,ILYEN_FONTOS
cR7z9posZ25xSjb6z7sagHS235vn,szem,ILYEN_FONTOS
hMhC4E5GeWS1zabc77OKHtfz529F,szem,ILYEN_FONTOS
hLKflzDgIt1d1kkYiBgtD6Ildzca,kez,ILYEN_FONTOS
hLKflzDgIt1d1kkYiBgtD6Ildzca,kez,ILYEN_FONTOS
sTZywlkMZzaRE7Uqx1qpacwIHmlG,kez,ILYEN_FONTOS
hLKflzDgIt1d1kkYiBgtD6Ildzca,tuzolto,ILYEN_FONTOS
hLKflzDgIt1d1kkYiBgtD6Ildzca,auto,ILYEN_FONTOS
2mf1pytEKj8RM8in6MbEzrMBMAX1,erdo,ILYEN_FRISS_IND
2mf1pytEKj8RM8in6MbEzrMBMAX1,erdo,ILYEN_FRISS_IND
XnQQOJ6n3tTZgUOBj6SEG8VnkkCr,kacsa,ILYEN_FURA_IND
ZE4Vso19ws4GQBEbRlAx3gqRf2Ql,eper,ILYEN_FURA_IND
n8i5leQlntXz4XoA2JVGiOB0X0nS,auto,ILYEN_FURA_IND
8H7wVsJ31BN7WW6cJBe3DWB7ZJO9,krumpli,ILYEN_FURCSA_IND
8H7wVsJ31BN7WW6cJBe3DWB7ZJO9,konyv,ILYEN_FURCSA_IND
bXeBh3j0gOGpCmEt68bY2NjVKwZS,kacsa,ILYEN_FURGE
2mf1pytEKj8RM8in6MbEzrMBMAX1,lo,ILYEN_FURGE
46yfoWhTy2iS3zBBIKYeTkITLWIt,hercegno,ILYEN_GAZDAG
fsUjgv5bHGSiLIc56gAiaFH0Eodm,citrom,ILYEN_GOMBALAKU
WukuItBR0pKip9BVBEXWLXAS465F,alma,ILYEN_GOMBOLYU
jnjKoAau2JdPFO1Y9PwBO6XlzGha,alma,ILYEN_GOMBOLYU
bXeBh3j0gOGpCmEt68bY2NjVKwZS,krumpli,ILYEN_GOMBOLYU
bXeBh3j0gOGpCmEt68bY2NjVKwZS,krumpli,ILYEN_GOMBOLYU
bXeBh3j0gOGpCmEt68bY2NjVKwZS,krumpli,ILYEN_GOMBOLYUALAK
cKkzcqwwIFXF6u0LdJBUTL1a4td2,gyerek,ILYEN_GONDOR_IND
Z5DTSVEQk3FtNUWlQHkHPAEBPtsT,bab,ILYEN_GORBE
Vi4tvYPaMpHrJtchbz4qPsufSAd3,gomba,ILYEN_GORBE_IND
TuiyHopNE0Ns45VopNY0umEgHnon,kard,ILYEN_GORBE_IND
Vi4tvYPaMpHrJtchbz4qPsufSAd3,vonat,ILYEN_GOZOS
gDJxpFMvaIHBGwkBz6Z9Z5E6rqeQ,vonat,ILYEN_GOZOS
XoMV4gJmAWW8fvZJRlQJoaciIPFJ,gomba,ILYEN_GYAKORI_IND
bJxnk1ZvF1GBnye0bYpBFGuOIcsJ,kutya,ILYEN_GYORS
i9zlLDQ6SJh1P1fER1TKU6Wqq2qA,kutya,ILYEN_GYORS
2mf1pytEKj8RM8in6MbEzrMBMAX1,lo,ILYEN_GYORS
pcKzkYgCUpVc1YGsfcG9cuHwhIFq,lo,ILYEN_GYORS
pcKzkYgCUpVc1YGsfcG9cuHwhIFq,lo,ILYEN_GYORS
bJxnk1ZvF1GBnye0bYpBFGuOIcsJ,cipo,ILYEN_GYORS
kudJQ7AAOK0KetYJYKSTcQ60xJre,tuzolto,ILYEN_GYORS
YsgVSf2DRAuoIzG4hcEwSpkPiPJQ,helikopter,ILYEN_GYORS
gwTxL0T8HQFlooQEgkqQvBG4rHtl,helikopter,ILYEN_GYORS
sTZywlkMZzaRE7Uqx1qpacwIHmlG,helikopter,ILYEN_GYORS
2GQsh4qTCle4fioT2ib8QrWmurRt,vonat,ILYEN_GYORS
2mf1pytEKj8RM8in6MbEzrMBMAX1,vonat,ILYEN_GYORS
46yfoWhTy2iS3zBBIKYeTkITLWIt,vonat,ILYEN_GYORS
J8IzRk7DYymlKgV6sF7Umb2Wf8kh,vonat,ILYEN_GYORS
aCY8Po3E02wrI4Rrdzzxu9aTgdc7,vonat,ILYEN_GYORS
XnQQOJ6n3tTZgUOBj6SEG8VnkkCr,auto,ILYEN_GYORS
bJxnk1ZvF1GBnye0bYpBFGuOIcsJ,auto,ILYEN_GYORS
hyQXyqpwb1eEKNKe7KdXNP9whDUd,auto,ILYEN_GYORS
Vi4tvYPaMpHrJtchbz4qPsufSAd3,jatszoter,ILYEN_GYORS_IND
ve2UV1qBXwAErAfwa7CBZvAjwxAb,lab,ILYEN_HAJLEKONY
kudJQ7AAOK0KetYJYKSTcQ60xJre,pulover,ILYEN_HAJLOS
ZE4Vso19ws4GQBEbRlAx3gqRf2Ql,kutya,ILYEN_HANGOS
XoMV4gJmAWW8fvZJRlQJoaciIPFJ,helikopter,ILYEN_HANGOS
ioDhrsJV22Fym2kwi0Enu6L7qMoB,vonat,ILYEN_HANGOS
vu240s5N1IMDtgWR79UZHs2w0H6C,vonat,ILYEN_HANGOS
ZE4Vso19ws4GQBEbRlAx3gqRf2Ql,erdo,ILYEN_HANGULATOS
b6lgi9tN1sInFmZy2YsPCSjxaQID,kacsa,ILYEN_HAPOGOS
2mf1pytEKj8RM8in6MbEzrMBMAX1,eper,ILYEN_HAROMSZOGALAKU
Vi4tvYPaMpHrJtchbz4qPsufSAd3,eper,ILYEN_HAROMSZOGALAKU
bXeBh3j0gOGpCmEt68bY2NjVKwZS,eper,ILYEN_HAROMSZOGALAKU
ve2UV1qBXwAErAfwa7CBZvAjwxAb,eper,ILYEN_HAROMSZOGALAKU
ioDhrsJV22Fym2kwi0Enu6L7qMoB,ceruza,ILYEN_HAROMSZOGALAKU
gwTxL0T8HQFlooQEgkqQvBG4rHtl,szem,ILYEN_HASZNOS
Vi4tvYPaMpHrJtchbz4qPsufSAd3,kez,ILYEN_HASZNOS
Vi4tvYPaMpHrJtchbz4qPsufSAd3,nadrag,ILYEN_HASZNOS
ioDhrsJV22Fym2kwi0Enu6L7qMoB,ceruza,ILYEN_HATSZOGALAKU
Z5DTSVEQk3FtNUWlQHkHPAEBPtsT,ceruza,ILYEN_HEGYES
Z5DTSVEQk3FtNUWlQHkHPAEBPtsT,ceruza,ILYEN_HEGYES
NcVfp49U0WugaYJkv4r2Y3PXc7cn,kard,ILYEN_HEGYES
XWItECLFYo8VG5SskW9iQPJI7pRA,kard,ILYEN_HEGYES
XnQQOJ6n3tTZgUOBj6SEG8VnkkCr,kard,ILYEN_HEGYES
gDJxpFMvaIHBGwkBz6Z9Z5E6rqeQ,kard,ILYEN_HEGYES
bXeBh3j0gOGpCmEt68bY2NjVKwZS,ceruza,ILYEN_HEGYES_IND
cKkzcqwwIFXF6u0LdJBUTL1a4td2,ceruza,ILYEN_HEGYES_IND
wChCSZMZUV5HgFOPQqYJsHLy8yej,ceruza,ILYEN_HEGYES_IND
Z5DTSVEQk3FtNUWlQHkHPAEBPtsT,erdo,ILYEN_HIDEG
WukuItBR0pKip9BVBEXWLXAS465F,jatszoter,ILYEN_HOMOKOS
ve2UV1qBXwAErAfwa7CBZvAjwxAb,kutya,ILYEN_HOSSZU
i9zlLDQ6SJh1P1fER1TKU6Wqq2qA,kez,ILYEN_HOSSZU
YsgVSf2DRAuoIzG4hcEwSpkPiPJQ,lab,ILYEN_HOSSZU
bXeBh3j0gOGpCmEt68bY2NjVKwZS,lab,ILYEN_HOSSZU
ve2UV1qBXwAErAfwa7CBZvAjwxAb,lab,ILYEN_HOSSZU
HM7nhqdiyPmEZCyAkPB440Ok3wSG,nadrag,ILYEN_HOSSZU
fsUjgv5bHGSiLIc56gAiaFH0Eodm,nadrag,ILYEN_HOSSZU
gDJxpFMvaIHBGwkBz6Z9Z5E6rqeQ,nadrag,ILYEN_HOSSZU
jnjKoAau2JdPFO1Y9PwBO6XlzGha,cipo,ILYEN_HOSSZU
XnQQOJ6n3tTZgUOBj6SEG8VnkkCr,szonyeg,ILYEN_HOSSZU
XWItECLFYo8VG5SskW9iQPJI7pRA,sepru,ILYEN_HOSSZU
46yfoWhTy2iS3zBBIKYeTkITLWIt,ceruza,ILYEN_HOSSZU
cKkzcqwwIFXF6u0LdJBUTL1a4td2,ceruza,ILYEN_HOSSZU
vu240s5N1IMDtgWR79UZHs2w0H6C,ceruza,ILYEN_HOSSZU
XWItECLFYo8VG5SskW9iQPJI7pRA,kard,ILYEN_HOSSZU
XnQQOJ6n3tTZgUOBj6SEG8VnkkCr,kard,ILYEN_HOSSZU
jnjKoAau2JdPFO1Y9PwBO6XlzGha,kard,ILYEN_HOSSZU
n8i5leQlntXz4XoA2JVGiOB0X0nS,kard,ILYEN_HOSSZU
2mf1pytEKj8RM8in6MbEzrMBMAX1,vonat,ILYEN_HOSSZU
46yfoWhTy2iS3zBBIKYeTkITLWIt,vonat,ILYEN_HOSSZU
J8IzRk7DYymlKgV6sF7Umb2Wf8kh,vonat,ILYEN_HOSSZU
XWItECLFYo8VG5SskW9iQPJI7pRA,vonat,ILYEN_HOSSZU
ZE4Vso19ws4GQBEbRlAx3gqRf2Ql,vonat,ILYEN_HOSSZU
cKkzcqwwIFXF6u0LdJBUTL1a4td2,vonat,ILYEN_HOSSZU
n8i5leQlntXz4XoA2JVGiOB0X0nS,auto,ILYEN_HOSSZU
Z5DTSVEQk3FtNUWlQHkHPAEBPtsT,kutya,ILYEN_HOSSZU_IND
n8i5leQlntXz4XoA2JVGiOB0X0nS,kutya,ILYEN_HOSSZU_IND
n8i5leQlntXz4XoA2JVGiOB0X0nS,kutya,ILYEN_HOSSZU_IND
NcVfp49U0WugaYJkv4r2Y3PXc7cn,lo,ILYEN_HOSSZU_IND
YsgVSf2DRAuoIzG4hcEwSpkPiPJQ,lo,ILYEN_HOSSZU_IND
YsgVSf2DRAuoIzG4hcEwSpkPiPJQ,lo,ILYEN_HOSSZU_IND
cR7z9posZ25xSjb6z7sagHS235vn,lo,ILYEN_HOSSZU_IND
gZUIZf0CyPQa4w9Wggvx5cJkQ4C2,lo,ILYEN_HOSSZU_IND
2mf1pytEKj8RM8in6MbEzrMBMAX1,pulover,ILYEN_HOSSZU_IND
DL3j5JV4aiCT3r9LNq9fctuLkefs,pulover,ILYEN_HOSSZU_IND
ZE4Vso19ws4GQBEbRlAx3gqRf2Ql,pulover,ILYEN_HOSSZU_IND
pcKzkYgCUpVc1YGsfcG9cuHwhIFq,pulover,ILYEN_HOSSZU_IND
wChCSZMZUV5HgFOPQqYJsHLy8yej,pulover,ILYEN_HOSSZU_IND
XoMV4gJmAWW8fvZJRlQJoaciIPFJ,gyerek,ILYEN_HOSSZU_IND
cKkzcqwwIFXF6u0LdJBUTL1a4td2,gyerek,ILYEN_HOSSZU_IND
J8IzRk7DYymlKgV6sF7Umb2Wf8kh,tuzolto,ILYEN_HOSSZU_IND
XUQR36tyWgppAe5zdMBRy1MXndde,hercegno,ILYEN_HOSSZU_IND
hMhC4E5GeWS1zabc77OKHtfz529F,hercegno,ILYEN_HOSSZU_IND
jBpNE83rvgjtcjB4lQzfTlkuifEs,hercegno,ILYEN_HOSSZU_IND
Vi4tvYPaMpHrJtchbz4qPsufSAd3,gomba,ILYEN_HOSSZU_IND
XnQQOJ6n3tTZgUOBj6SEG8VnkkCr,gomba,ILYEN_HOSSZU_IND
2GQsh4qTCle4fioT2ib8QrWmurRt,sepru,ILYEN_HOSSZU_IND
WukuItBR0pKip9BVBEXWLXAS465F,sepru,ILYEN_HOSSZU_IND
XWItECLFYo8VG5SskW9iQPJI7pRA,sepru,ILYEN_HOSSZU_IND
2GQsh4qTCle4fioT2ib8QrWmurRt,ceruza,ILYEN_HOSSZUKAS
Z5DTSVEQk3FtNUWlQHkHPAEBPtsT,ceruza,ILYEN_HOSSZUKAS
Z5DTSVEQk3FtNUWlQHkHPAEBPtsT,kutya,ILYEN_HOSSZUKAS_IND
sTZywlkMZzaRE7Uqx1qpacwIHmlG,kez,ILYEN_HOSSZUKAS_IND
Z5DTSVEQk3FtNUWlQHkHPAEBPtsT,nadrag,ILYEN_HOSSZUKAS_IND
TuiyHopNE0Ns45VopNY0umEgHnon,cipo,ILYEN_HOSSZUKAS_IND
2mf1pytEKj8RM8in6MbEzrMBMAX1,gomba,ILYEN_HOSSZUKAS_IND
pcKzkYgCUpVc1YGsfcG9cuHwhIFq,pulover,ILYEN_HOSSZUUJJAS
XWItECLFYo8VG5SskW9iQPJI7pRA,gyerek,ILYEN_HUMOROS
hyQXyqpwb1eEKNKe7KdXNP9whDUd,kutya,ILYEN_HUSEGES
2mf1pytEKj8RM8in6MbEzrMBMAX1,konyv,ILYEN_ISKOLAI
kudJQ7AAOK0KetYJYKSTcQ60xJre,konyv,ILYEN_ISMERETTERJESZTO_IND
hyQXyqpwb1eEKNKe7KdXNP9whDUd,konyv,ILYEN_IZGALMAS
wChCSZMZUV5HgFOPQqYJsHLy8yej,alma,ILYEN_IZLETES
cKkzcqwwIFXF6u0LdJBUTL1a4td2,eper,ILYEN_IZLETES
J8IzRk7DYymlKgV6sF7Umb2Wf8kh,lab,ILYEN_IZMOS
LDiQ49hqAeKCaIZiU4yXQEO9tTmv,gyerek,ILYEN_JATEKOS
cKkzcqwwIFXF6u0LdJBUTL1a4td2,eper,ILYEN_JO
hLKflzDgIt1d1kkYiBgtD6Ildzca,eper,ILYEN_JO
kudJQ7AAOK0KetYJYKSTcQ60xJre,eper,ILYEN_JO
kudJQ7AAOK0KetYJYKSTcQ60xJre,szonyeg,ILYEN_JO
bJxnk1ZvF1GBnye0bYpBFGuOIcsJ,kutya,ILYEN_JO_IND
bXeBh3j0gOGpCmEt68bY2NjVKwZS,hercegno,ILYEN_JO_IND
2mf1pytEKj8RM8in6MbEzrMBMAX1,konyv,ILYEN_JO_IND
2mf1pytEKj8RM8in6MbEzrMBMAX1,hercegno,ILYEN_JOLNEVELT
Z5DTSVEQk3FtNUWlQHkHPAEBPtsT,nadrag,ILYEN_KAPHATO
gZUIZf0CyPQa4w9Wggvx5cJkQ4C2,ceruza,ILYEN_KAPHATO
kudJQ7AAOK0KetYJYKSTcQ60xJre,kutya,ILYEN_KARCSU
2mf1pytEKj8RM8in6MbEzrMBMAX1,erdo,ILYEN_KAVICSOS_IND
XUQR36tyWgppAe5zdMBRy1MXndde,hercegno,ILYEN_KECSES
gkE2DF9rjk40Tdxikha0B9r2yMvP,alma,ILYEN_KEDVENC
kudJQ7AAOK0KetYJYKSTcQ60xJre,eper,ILYEN_KEDVENC
sTZywlkMZzaRE7Uqx1qpacwIHmlG,eper,ILYEN_KEDVENC
Z5DTSVEQk3FtNUWlQHkHPAEBPtsT,gyerek,ILYEN_KEDVES
XUQR36tyWgppAe5zdMBRy1MXndde,hercegno,ILYEN_KEDVES
b6lgi9tN1sInFmZy2YsPCSjxaQID,sepru,ILYEN_KEFESZERU_IND
WukuItBR0pKip9BVBEXWLXAS465F,kacsa,ILYEN_KEK
DL3j5JV4aiCT3r9LNq9fctuLkefs,szem,ILYEN_KEK
LDiQ49hqAeKCaIZiU4yXQEO9tTmv,szem,ILYEN_KEK
TuiyHopNE0Ns45VopNY0umEgHnon,szem,ILYEN_KEK
TuiyHopNE0Ns45VopNY0umEgHnon,szem,ILYEN_KEK
WukuItBR0pKip9BVBEXWLXAS465F,szem,ILYEN_KEK
XWItECLFYo8VG5SskW9iQPJI7pRA,szem,ILYEN_KEK
XnQQOJ6n3tTZgUOBj6SEG8VnkkCr,szem,ILYEN_KEK
XoMV4gJmAWW8fvZJRlQJoaciIPFJ,szem,ILYEN_KEK
cR7z9posZ25xSjb6z7sagHS235vn,szem,ILYEN_KEK
Vi4tvYPaMpHrJtchbz4qPsufSAd3,nadrag,ILYEN_KEK
gDJxpFMvaIHBGwkBz6Z9Z5E6rqeQ,nadrag,ILYEN_KEK
XoMV4gJmAWW8fvZJRlQJoaciIPFJ,szonyeg,ILYEN_KEK
kudJQ7AAOK0KetYJYKSTcQ60xJre,szonyeg,ILYEN_KEK
2mf1pytEKj8RM8in6MbEzrMBMAX1,vonat,ILYEN_KEK
ZE4Vso19ws4GQBEbRlAx3gqRf2Ql,vonat,ILYEN_KEK
b6lgi9tN1sInFmZy2YsPCSjxaQID,kacsa,ILYEN_KEKES
XoMV4gJmAWW8fvZJRlQJoaciIPFJ,szem,ILYEN_KEKESZZOLD
0ayEKzKAhgI7kLaya0CVdQ0WaTdh,krumpli,ILYEN_KEMENY
hLKflzDgIt1d1kkYiBgtD6Ildzca,bab,ILYEN_KEMENY
8H7wVsJ31BN7WW6cJBe3DWB7ZJO9,krumpli,ILYEN_KEMENY_IND
hLKflzDgIt1d1kkYiBgtD6Ildzca,cipo,ILYEN_KENYELMES
XoMV4gJmAWW8fvZJRlQJoaciIPFJ,pulover,ILYEN_KENYELMES
kudJQ7AAOK0KetYJYKSTcQ60xJre,pulover,ILYEN_KENYELMES
XoMV4gJmAWW8fvZJRlQJoaciIPFJ,szem,ILYEN_KEREK
gwTxL0T8HQFlooQEgkqQvBG4rHtl,szem,ILYEN_KEREK
pB2ZvSU9uIZYrVmru0V6dzKTR2AW,szem,ILYEN_KEREK
XoMV4gJmAWW8fvZJRlQJoaciIPFJ,citrom,ILYEN_KEREK
b6lgi9tN1sInFmZy2YsPCSjxaQID,citrom,ILYEN_KEREK
pB2ZvSU9uIZYrVmru0V6dzKTR2AW,citrom,ILYEN_KEREK
XnQQOJ6n3tTZgUOBj6SEG8VnkkCr,gomba,ILYEN_KEREK_IND
HM7nhqdiyPmEZCyAkPB440Ok3wSG,tuzolto,ILYEN_KERULETI
8H7wVsJ31BN7WW6cJBe3DWB7ZJO9,citrom,ILYEN_KESERU
HM7nhqdiyPmEZCyAkPB440Ok3wSG,citrom,ILYEN_KESERU
d7QNG1DWNJdasfDIeRmdGvEIgJBM,citrom,ILYEN_KESERU
8H7wVsJ31BN7WW6cJBe3DWB7ZJO9,citrom,ILYEN_KESERU_IND
WukuItBR0pKip9BVBEXWLXAS465F,szem,ILYEN_KEVEREK
XnQQOJ6n3tTZgUOBj6SEG8VnkkCr,kacsa,ILYEN_KICSI
aCY8Po3E02wrI4Rrdzzxu9aTgdc7,kacsa,ILYEN_KICSI
ve2UV1qBXwAErAfwa7CBZvAjwxAb,kutya,ILYEN_KICSI
pB2ZvSU9uIZYrVmru0V6dzKTR2AW,lo,ILYEN_KICSI
XoMV4gJmAWW8fvZJRlQJoaciIPFJ,pulover,ILYEN_KICSI
pcKzkYgCUpVc1YGsfcG9cuHwhIFq,alma,ILYEN_KICSI
0ayEKzKAhgI7kLaya0CVdQ0WaTdh,gyerek,ILYEN_KICSI
2GQsh4qTCle4fioT2ib8QrWmurRt,gyerek,ILYEN_KICSI
8H7wVsJ31BN7WW6cJBe3DWB7ZJO9,gyerek,ILYEN_KICSI
DL3j5JV4aiCT3r9LNq9fctuLkefs,gyerek,ILYEN_KICSI
Z5DTSVEQk3FtNUWlQHkHPAEBPtsT,gyerek,ILYEN_KICSI
gkE2DF9rjk40Tdxikha0B9r2yMvP,gyerek,ILYEN_KICSI
pcKzkYgCUpVc1YGsfcG9cuHwhIFq,gyerek,ILYEN_KICSI
46yfoWhTy2iS3zBBIKYeTkITLWIt,gomba,ILYEN_KICSI
XnQQOJ6n3tTZgUOBj6SEG8VnkkCr,gomba,ILYEN_KICSI
2GQsh4qTCle4fioT2ib8QrWmurRt,bab,ILYEN_KICSI
WukuItBR0pKip9BVBEXWLXAS465F,bab,ILYEN_KICSI
fsUjgv5bHGSiLIc56gAiaFH0Eodm,bab,ILYEN_KICSI
gZUIZf0CyPQa4w9Wggvx5cJkQ4C2,bab,ILYEN_KICSI
2GQsh4qTCle4fioT2ib8QrWmurRt,ceruza,ILYEN_KICSI
WukuItBR0pKip9BVBEXWLXAS465F,helikopter,ILYEN_KICSI
wChCSZMZUV5HgFOPQqYJsHLy8yej,helikopter,ILYEN_KICSI
XnQQOJ6n3tTZgUOBj6SEG8VnkkCr,kacsa,ILYEN_KICSI_IND
sTZywlkMZzaRE7Uqx1qpacwIHmlG,kutya,ILYEN_KICSI_IND
2mf1pytEKj8RM8in6MbEzrMBMAX1,lo,ILYEN_KICSI_IND
pB2ZvSU9uIZYrVmru0V6dzKTR2AW,szem,ILYEN_KICSI_IND
sTZywlkMZzaRE7Uqx1qpacwIHmlG,eper,ILYEN_KICSI_IND
8H7wVsJ31BN7WW6cJBe3DWB7ZJO9,gyerek,ILYEN_KICSI_IND
Z5DTSVEQk3FtNUWlQHkHPAEBPtsT,gyerek,ILYEN_KICSI_IND
cR7z9posZ25xSjb6z7sagHS235vn,gyerek,ILYEN_KICSI_IND
pB2ZvSU9uIZYrVmru0V6dzKTR2AW,ceruza,ILYEN_KICSI_IND
8H7wVsJ31BN7WW6cJBe3DWB7ZJO9,konyv,ILYEN_KICSI_IND
bXeBh3j0gOGpCmEt68bY2NjVKwZS,kacsa,ILYEN_KICSIKE
YsgVSf2DRAuoIzG4hcEwSpkPiPJQ,eper,ILYEN_KIDUDORODO_IND
d7QNG1DWNJdasfDIeRmdGvEIgJBM,hercegno,ILYEN_KIRALY_IND
gZUIZf0CyPQa4w9Wggvx5cJkQ4C2,hercegno,ILYEN_KIRALY_IND
cR7z9posZ25xSjb6z7sagHS235vn,szem,ILYEN_KIS_IND
XnQQOJ6n3tTZgUOBj6SEG8VnkkCr,szonyeg,ILYEN_KITERITHETO
bJxnk1ZvF1GBnye0bYpBFGuOIcsJ,kutya,ILYEN_KOBORLO
2GQsh4qTCle4fioT2ib8QrWmurRt,vonat,ILYEN_KOCKA
cKkzcqwwIFXF6u0LdJBUTL1a4td2,szonyeg,ILYEN_KOCKAALAKU
2GQsh4qTCle4fioT2ib8QrWmurRt,vonat,ILYEN_KOCSISZERU
ve2UV1qBXwAErAfwa7CBZvAjwxAb,tuzolto,ILYEN_KOMOLY
Vi4tvYPaMpHrJtchbz4qPsufSAd3,szonyeg,ILYEN_KOSZOS
d7QNG1DWNJdasfDIeRmdGvEIgJBM,nadrag,ILYEN_KONNYU
LDiQ49hqAeKCaIZiU4yXQEO9tTmv,bab,ILYEN_KONNYU
WukuItBR0pKip9BVBEXWLXAS465F,ceruza,ILYEN_KONNYU
hMhC4E5GeWS1zabc77OKHtfz529F,alma,ILYEN_KONNYU_IND
8H7wVsJ31BN7WW6cJBe3DWB7ZJO9,krumpli,ILYEN_KONNYU_IND
8H7wVsJ31BN7WW6cJBe3DWB7ZJO9,szem,ILYEN_KOR
2GQsh4qTCle4fioT2ib8QrWmurRt,eper,ILYEN_KOR
ioDhrsJV22Fym2kwi0Enu6L7qMoB,kutya,ILYEN_KORALAKU
0ayEKzKAhgI7kLaya0CVdQ0WaTdh,szem,ILYEN_KORALAKU
hMhC4E5GeWS1zabc77OKHtfz529F,szem,ILYEN_KORALAKU
n8i5leQlntXz4XoA2JVGiOB0X0nS,alma,ILYEN_KORALAKU
pcKzkYgCUpVc1YGsfcG9cuHwhIFq,alma,ILYEN_KORALAKU
0ayEKzKAhgI7kLaya0CVdQ0WaTdh,krumpli,ILYEN_KORALAKU
gZUIZf0CyPQa4w9Wggvx5cJkQ4C2,ceruza,ILYEN_KORALAKU
ioDhrsJV22Fym2kwi0Enu6L7qMoB,ceruza,ILYEN_KORALAKU
ve2UV1qBXwAErAfwa7CBZvAjwxAb,jatszoter,ILYEN_KORNYEKBELI_IND
hMhC4E5GeWS1zabc77OKHtfz529F,alma,ILYEN_KORSZERUSEG
ioDhrsJV22Fym2kwi0Enu6L7qMoB,cipo,ILYEN_KOTOS
WukuItBR0pKip9BVBEXWLXAS465F,jatszoter,ILYEN_KOVES
2mf1pytEKj8RM8in6MbEzrMBMAX1,asztal,ILYEN_KOZEPES
ve2UV1qBXwAErAfwa7CBZvAjwxAb,kutya,ILYEN_KULONBOZO
bXeBh3j0gOGpCmEt68bY2NjVKwZS,hercegno,ILYEN_LANYOS_IND
DL3j5JV4aiCT3r9LNq9fctuLkefs,asztal,ILYEN_LAPOS
XoMV4gJmAWW8fvZJRlQJoaciIPFJ,szonyeg,ILYEN_LAPOS
ioDhrsJV22Fym2kwi0Enu6L7qMoB,szonyeg,ILYEN_LAPOS
ve2UV1qBXwAErAfwa7CBZvAjwxAb,lab,ILYEN_LAPOS_IND
gZUIZf0CyPQa4w9Wggvx5cJkQ4C2,asztal,ILYEN_LAPOS_IND
gZUIZf0CyPQa4w9Wggvx5cJkQ4C2,asztal,ILYEN_LAPOS_IND
hLKflzDgIt1d1kkYiBgtD6Ildzca,asztal,ILYEN_LAPOS_IND
bXeBh3j0gOGpCmEt68bY2NjVKwZS,kacsa,ILYEN_LASSU
bXeBh3j0gOGpCmEt68bY2NjVKwZS,kacsa,ILYEN_LASSU
aCY8Po3E02wrI4Rrdzzxu9aTgdc7,vonat,ILYEN_LASSU
wChCSZMZUV5HgFOPQqYJsHLy8yej,kutya,ILYEN_LELOG_IND
J8IzRk7DYymlKgV6sF7Umb2Wf8kh,tuzolto,ILYEN_LETRAS_IND
NcVfp49U0WugaYJkv4r2Y3PXc7cn,tuzolto,ILYEN_LETRAS_IND
Z5DTSVEQk3FtNUWlQHkHPAEBPtsT,bab,ILYEN_LILA_IND
8H7wVsJ31BN7WW6cJBe3DWB7ZJO9,erdo,ILYEN_LOMPOS
Vi4tvYPaMpHrJtchbz4qPsufSAd3,lo,ILYEN_LOMPOS_IND
ZE4Vso19ws4GQBEbRlAx3gqRf2Ql,erdo,ILYEN_MADARCSICSERGESES
46yfoWhTy2iS3zBBIKYeTkITLWIt,lo,ILYEN_MAGAS
HM7nhqdiyPmEZCyAkPB440Ok3wSG,ceruza,ILYEN_MAGAS
XUQR36tyWgppAe5zdMBRy1MXndde,helikopter,ILYEN_MAGAS
cR7z9posZ25xSjb6z7sagHS235vn,lo,ILYEN_MAGAS_IND
Z5DTSVEQk3FtNUWlQHkHPAEBPtsT,erdo,ILYEN_MAGAS_IND
Z5DTSVEQk3FtNUWlQHkHPAEBPtsT,erdo,ILYEN_MAGAS_IND
gwTxL0T8HQFlooQEgkqQvBG4rHtl,erdo,ILYEN_MAGAS_IND
jnjKoAau2JdPFO1Y9PwBO6XlzGha,erdo,ILYEN_MAGAS_IND
jBpNE83rvgjtcjB4lQzfTlkuifEs,hercegno,ILYEN_MAGAS_IND
LDiQ49hqAeKCaIZiU4yXQEO9tTmv,sepru,ILYEN_MAGAS_IND
Z5DTSVEQk3FtNUWlQHkHPAEBPtsT,nadrag,ILYEN_MELEG
gDJxpFMvaIHBGwkBz6Z9Z5E6rqeQ,nadrag,ILYEN_MELEG
2mf1pytEKj8RM8in6MbEzrMBMAX1,pulover,ILYEN_MELEG
8H7wVsJ31BN7WW6cJBe3DWB7ZJO9,pulover,ILYEN_MELEG
XoMV4gJmAWW8fvZJRlQJoaciIPFJ,pulover,ILYEN_MELEG
hyQXyqpwb1eEKNKe7KdXNP9whDUd,pulover,ILYEN_MELEG
jBpNE83rvgjtcjB4lQzfTlkuifEs,pulover,ILYEN_MELEG
pcKzkYgCUpVc1YGsfcG9cuHwhIFq,pulover,ILYEN_MELEG
2GQsh4qTCle4fioT2ib8QrWmurRt,nadrag,ILYEN_MELEG_IND
hMhC4E5GeWS1zabc77OKHtfz529F,kutya,ILYEN_MELY_IND
ZE4Vso19ws4GQBEbRlAx3gqRf2Ql,kutya,ILYEN_MERGES
sTZywlkMZzaRE7Uqx1qpacwIHmlG,kutya,ILYEN_MERGES
d7QNG1DWNJdasfDIeRmdGvEIgJBM,gomba,ILYEN_MERGES
2mf1pytEKj8RM8in6MbEzrMBMAX1,gomba,ILYEN_MERGES 
gDJxpFMvaIHBGwkBz6Z9Z5E6rqeQ,kutya,ILYEN_MERGES_IND
YsgVSf2DRAuoIzG4hcEwSpkPiPJQ,gomba,ILYEN_MERGEZO
gDJxpFMvaIHBGwkBz6Z9Z5E6rqeQ,gomba,ILYEN_MERGEZO
wChCSZMZUV5HgFOPQqYJsHLy8yej,gomba,ILYEN_MERGEZO
LDiQ49hqAeKCaIZiU4yXQEO9tTmv,eper,ILYEN_MEZEDES
gDJxpFMvaIHBGwkBz6Z9Z5E6rqeQ,nadrag,ILYEN_MINDENFELE
WukuItBR0pKip9BVBEXWLXAS465F,szem,ILYEN_MINDENFELE
Z5DTSVEQk3FtNUWlQHkHPAEBPtsT,lab,ILYEN_MINDENFELE_IND
NcVfp49U0WugaYJkv4r2Y3PXc7cn,jatszoter,ILYEN_MINDENFELE_IND
Z5DTSVEQk3FtNUWlQHkHPAEBPtsT,bab,ILYEN_MINDENFELEALAKU
ioDhrsJV22Fym2kwi0Enu6L7qMoB,ceruza,ILYEN_MINDENFELESZINU
pB2ZvSU9uIZYrVmru0V6dzKTR2AW,nadrag,ILYEN_MINTAS
jBpNE83rvgjtcjB4lQzfTlkuifEs,pulover,ILYEN_MINTAS
gDJxpFMvaIHBGwkBz6Z9Z5E6rqeQ,szonyeg,ILYEN_MINTAS
LDiQ49hqAeKCaIZiU4yXQEO9tTmv,auto,ILYEN_MODERN
sTZywlkMZzaRE7Uqx1qpacwIHmlG,konyv,ILYEN_MOKA
cKkzcqwwIFXF6u0LdJBUTL1a4td2,kacsa,ILYEN_NAGY
vu240s5N1IMDtgWR79UZHs2w0H6C,kacsa,ILYEN_NAGY
Z5DTSVEQk3FtNUWlQHkHPAEBPtsT,kutya,ILYEN_NAGY
bJxnk1ZvF1GBnye0bYpBFGuOIcsJ,kutya,ILYEN_NAGY
bJxnk1ZvF1GBnye0bYpBFGuOIcsJ,kutya,ILYEN_NAGY
ve2UV1qBXwAErAfwa7CBZvAjwxAb,kutya,ILYEN_NAGY
2GQsh4qTCle4fioT2ib8QrWmurRt,lo,ILYEN_NAGY
2mf1pytEKj8RM8in6MbEzrMBMAX1,lo,ILYEN_NAGY
DL3j5JV4aiCT3r9LNq9fctuLkefs,lo,ILYEN_NAGY
DL3j5JV4aiCT3r9LNq9fctuLkefs,lo,ILYEN_NAGY
LDiQ49hqAeKCaIZiU4yXQEO9tTmv,lo,ILYEN_NAGY
pB2ZvSU9uIZYrVmru0V6dzKTR2AW,lo,ILYEN_NAGY
ZE4Vso19ws4GQBEbRlAx3gqRf2Ql,kez,ILYEN_NAGY
Z5DTSVEQk3FtNUWlQHkHPAEBPtsT,nadrag,ILYEN_NAGY
cKkzcqwwIFXF6u0LdJBUTL1a4td2,nadrag,ILYEN_NAGY
cKkzcqwwIFXF6u0LdJBUTL1a4td2,nadrag,ILYEN_NAGY
pB2ZvSU9uIZYrVmru0V6dzKTR2AW,nadrag,ILYEN_NAGY
hMhC4E5GeWS1zabc77OKHtfz529F,cipo,ILYEN_NAGY
ZE4Vso19ws4GQBEbRlAx3gqRf2Ql,pulover,ILYEN_NAGY
2mf1pytEKj8RM8in6MbEzrMBMAX1,eper,ILYEN_NAGY
ve2UV1qBXwAErAfwa7CBZvAjwxAb,eper,ILYEN_NAGY
hMhC4E5GeWS1zabc77OKHtfz529F,jatszoter,ILYEN_NAGY
ve2UV1qBXwAErAfwa7CBZvAjwxAb,jatszoter,ILYEN_NAGY
2GQsh4qTCle4fioT2ib8QrWmurRt,nappali,ILYEN_NAGY
TuiyHopNE0Ns45VopNY0umEgHnon,nappali,ILYEN_NAGY
XnQQOJ6n3tTZgUOBj6SEG8VnkkCr,nappali,ILYEN_NAGY
XoMV4gJmAWW8fvZJRlQJoaciIPFJ,nappali,ILYEN_NAGY
bJxnk1ZvF1GBnye0bYpBFGuOIcsJ,nappali,ILYEN_NAGY
hLKflzDgIt1d1kkYiBgtD6Ildzca,nappali,ILYEN_NAGY
i9zlLDQ6SJh1P1fER1TKU6Wqq2qA,nappali,ILYEN_NAGY
ioDhrsJV22Fym2kwi0Enu6L7qMoB,nappali,ILYEN_NAGY
n8i5leQlntXz4XoA2JVGiOB0X0nS,nappali,ILYEN_NAGY
8H7wVsJ31BN7WW6cJBe3DWB7ZJO9,erdo,ILYEN_NAGY
pB2ZvSU9uIZYrVmru0V6dzKTR2AW,erdo,ILYEN_NAGY
XoMV4gJmAWW8fvZJRlQJoaciIPFJ,gyerek,ILYEN_NAGY
ZE4Vso19ws4GQBEbRlAx3gqRf2Ql,gyerek,ILYEN_NAGY
cKkzcqwwIFXF6u0LdJBUTL1a4td2,gyerek,ILYEN_NAGY
fsUjgv5bHGSiLIc56gAiaFH0Eodm,tuzolto,ILYEN_NAGY
hLKflzDgIt1d1kkYiBgtD6Ildzca,tuzolto,ILYEN_NAGY
ve2UV1qBXwAErAfwa7CBZvAjwxAb,tuzolto,ILYEN_NAGY
jnjKoAau2JdPFO1Y9PwBO6XlzGha,bab,ILYEN_NAGY
46yfoWhTy2iS3zBBIKYeTkITLWIt,szonyeg,ILYEN_NAGY
XnQQOJ6n3tTZgUOBj6SEG8VnkkCr,szonyeg,ILYEN_NAGY
XoMV4gJmAWW8fvZJRlQJoaciIPFJ,szonyeg,ILYEN_NAGY
aCY8Po3E02wrI4Rrdzzxu9aTgdc7,szonyeg,ILYEN_NAGY
cKkzcqwwIFXF6u0LdJBUTL1a4td2,szonyeg,ILYEN_NAGY
8H7wVsJ31BN7WW6cJBe3DWB7ZJO9,konyv,ILYEN_NAGY
XnQQOJ6n3tTZgUOBj6SEG8VnkkCr,kard,ILYEN_NAGY
WukuItBR0pKip9BVBEXWLXAS465F,helikopter,ILYEN_NAGY
XoMV4gJmAWW8fvZJRlQJoaciIPFJ,helikopter,ILYEN_NAGY
gZUIZf0CyPQa4w9Wggvx5cJkQ4C2,helikopter,ILYEN_NAGY
2GQsh4qTCle4fioT2ib8QrWmurRt,vonat,ILYEN_NAGY
2GQsh4qTCle4fioT2ib8QrWmurRt,vonat,ILYEN_NAGY
D8xwtXbTVptiRPXifIgUyGioQIkY,vonat,ILYEN_NAGY
vu240s5N1IMDtgWR79UZHs2w0H6C,vonat,ILYEN_NAGY
fsUjgv5bHGSiLIc56gAiaFH0Eodm,auto,ILYEN_NAGY
XoMV4gJmAWW8fvZJRlQJoaciIPFJ,kutya,ILYEN_NAGY_IND
Z5DTSVEQk3FtNUWlQHkHPAEBPtsT,kutya,ILYEN_NAGY_IND
sTZywlkMZzaRE7Uqx1qpacwIHmlG,kutya,ILYEN_NAGY_IND
sTZywlkMZzaRE7Uqx1qpacwIHmlG,kutya,ILYEN_NAGY_IND
sTZywlkMZzaRE7Uqx1qpacwIHmlG,kutya,ILYEN_NAGY_IND
2mf1pytEKj8RM8in6MbEzrMBMAX1,lo,ILYEN_NAGY_IND
8H7wVsJ31BN7WW6cJBe3DWB7ZJO9,lo,ILYEN_NAGY_IND
8H7wVsJ31BN7WW6cJBe3DWB7ZJO9,lo,ILYEN_NAGY_IND
DL3j5JV4aiCT3r9LNq9fctuLkefs,lo,ILYEN_NAGY_IND
gZUIZf0CyPQa4w9Wggvx5cJkQ4C2,lo,ILYEN_NAGY_IND
gZUIZf0CyPQa4w9Wggvx5cJkQ4C2,lo,ILYEN_NAGY_IND
gwTxL0T8HQFlooQEgkqQvBG4rHtl,lo,ILYEN_NAGY_IND
pcKzkYgCUpVc1YGsfcG9cuHwhIFq,lo,ILYEN_NAGY_IND
0ayEKzKAhgI7kLaya0CVdQ0WaTdh,szem,ILYEN_NAGY_IND
bJxnk1ZvF1GBnye0bYpBFGuOIcsJ,nappali,ILYEN_NAGY_IND
XUQR36tyWgppAe5zdMBRy1MXndde,erdo,ILYEN_NAGY_IND
Z5DTSVEQk3FtNUWlQHkHPAEBPtsT,erdo,ILYEN_NAGY_IND
ZE4Vso19ws4GQBEbRlAx3gqRf2Ql,erdo,ILYEN_NAGY_IND
LDiQ49hqAeKCaIZiU4yXQEO9tTmv,gyerek,ILYEN_NAGY_IND
gDJxpFMvaIHBGwkBz6Z9Z5E6rqeQ,tuzolto,ILYEN_NAGY_IND
ioDhrsJV22Fym2kwi0Enu6L7qMoB,tuzolto,ILYEN_NAGY_IND
2mf1pytEKj8RM8in6MbEzrMBMAX1,hercegno,ILYEN_NAGY_IND
bJxnk1ZvF1GBnye0bYpBFGuOIcsJ,hercegno,ILYEN_NAGY_IND
XoMV4gJmAWW8fvZJRlQJoaciIPFJ,gomba,ILYEN_NAGY_IND
2mf1pytEKj8RM8in6MbEzrMBMAX1,asztal,ILYEN_NAGY_IND
bJxnk1ZvF1GBnye0bYpBFGuOIcsJ,sepru,ILYEN_NAGY_IND
pB2ZvSU9uIZYrVmru0V6dzKTR2AW,ceruza,ILYEN_NAGY_IND
8H7wVsJ31BN7WW6cJBe3DWB7ZJO9,konyv,ILYEN_NAGY_IND
XUQR36tyWgppAe5zdMBRy1MXndde,helikopter,ILYEN_NAGY_IND
hMhC4E5GeWS1zabc77OKHtfz529F,helikopter,ILYEN_NAGY_IND
HM7nhqdiyPmEZCyAkPB440Ok3wSG,vonat,ILYEN_NAGY_IND
hyQXyqpwb1eEKNKe7KdXNP9whDUd,auto,ILYEN_NAGY_IND
HM7nhqdiyPmEZCyAkPB440Ok3wSG,krumpli,ILYEN_NARANCS_IND
hLKflzDgIt1d1kkYiBgtD6Ildzca,auto,ILYEN_NEGYKEREKU
sTZywlkMZzaRE7Uqx1qpacwIHmlG,kutya,ILYEN_NEGYLABU
hLKflzDgIt1d1kkYiBgtD6Ildzca,asztal,ILYEN_NEGYLABU
Z5DTSVEQk3FtNUWlQHkHPAEBPtsT,nadrag,ILYEN_NEGYZETALAKU
YsgVSf2DRAuoIzG4hcEwSpkPiPJQ,szonyeg,ILYEN_NEGYZETALAKU
i9zlLDQ6SJh1P1fER1TKU6Wqq2qA,szonyeg,ILYEN_NEGYZETALAKU
Vi4tvYPaMpHrJtchbz4qPsufSAd3,konyv,ILYEN_NEGYZETALAKU
gZUIZf0CyPQa4w9Wggvx5cJkQ4C2,asztal,ILYEN_NEGYZETALAKU_IND
XnQQOJ6n3tTZgUOBj6SEG8VnkkCr,kard,ILYEN_NEHEZ
aCY8Po3E02wrI4Rrdzzxu9aTgdc7,kard,ILYEN_NEHEZ
bXeBh3j0gOGpCmEt68bY2NjVKwZS,helikopter,ILYEN_NEHEZ_IND
cR7z9posZ25xSjb6z7sagHS235vn,krumpli,ILYEN_NYERS
ve2UV1qBXwAErAfwa7CBZvAjwxAb,jatszoter,ILYEN_NYITVA
ve2UV1qBXwAErAfwa7CBZvAjwxAb,jatszoter,ILYEN_NYITVA
XoMV4gJmAWW8fvZJRlQJoaciIPFJ,pulover,ILYEN_NYULEKONY
8H7wVsJ31BN7WW6cJBe3DWB7ZJO9,gyerek,ILYEN_NYUGOS
cKkzcqwwIFXF6u0LdJBUTL1a4td2,kacsa,ILYEN_ORIASI
cKkzcqwwIFXF6u0LdJBUTL1a4td2,gyerek,ILYEN_ORIASI
XnQQOJ6n3tTZgUOBj6SEG8VnkkCr,szem,ILYEN_OVALIS
DL3j5JV4aiCT3r9LNq9fctuLkefs,citrom,ILYEN_OVALIS
XWItECLFYo8VG5SskW9iQPJI7pRA,krumpli,ILYEN_OVALIS
ZE4Vso19ws4GQBEbRlAx3gqRf2Ql,bab,ILYEN_OVALIS
Vi4tvYPaMpHrJtchbz4qPsufSAd3,szonyeg,ILYEN_OVALIS
d7QNG1DWNJdasfDIeRmdGvEIgJBM,auto,ILYEN_ONMUKODO
ZE4Vso19ws4GQBEbRlAx3gqRf2Ql,gyerek,ILYEN_ORDOG
hMhC4E5GeWS1zabc77OKHtfz529F,jatszoter,ILYEN_PICI
ZE4Vso19ws4GQBEbRlAx3gqRf2Ql,gyerek,ILYEN_PICI
ZE4Vso19ws4GQBEbRlAx3gqRf2Ql,gyerek,ILYEN_PICI
ZE4Vso19ws4GQBEbRlAx3gqRf2Ql,bab,ILYEN_PICI
bJxnk1ZvF1GBnye0bYpBFGuOIcsJ,bab,ILYEN_PICI
WukuItBR0pKip9BVBEXWLXAS465F,kacsa,ILYEN_PICI_IND
8H7wVsJ31BN7WW6cJBe3DWB7ZJO9,citrom,ILYEN_PICI_IND
ZE4Vso19ws4GQBEbRlAx3gqRf2Ql,eper,ILYEN_PICI_IND
bXeBh3j0gOGpCmEt68bY2NjVKwZS,eper,ILYEN_PICI_IND
ve2UV1qBXwAErAfwa7CBZvAjwxAb,eper,ILYEN_PICI_IND
TuiyHopNE0Ns45VopNY0umEgHnon,sepru,ILYEN_PICI_IND
gDJxpFMvaIHBGwkBz6Z9Z5E6rqeQ,eper,ILYEN_PICIKE
gkE2DF9rjk40Tdxikha0B9r2yMvP,kacsa,ILYEN_PIKKELYES_IND
2mf1pytEKj8RM8in6MbEzrMBMAX1,hercegno,ILYEN_PIPISKEDO
LDiQ49hqAeKCaIZiU4yXQEO9tTmv,szem,ILYEN_PIROS
cR7z9posZ25xSjb6z7sagHS235vn,szem,ILYEN_PIROS
46yfoWhTy2iS3zBBIKYeTkITLWIt,alma,ILYEN_PIROS
WukuItBR0pKip9BVBEXWLXAS465F,alma,ILYEN_PIROS
XUQR36tyWgppAe5zdMBRy1MXndde,alma,ILYEN_PIROS
XWItECLFYo8VG5SskW9iQPJI7pRA,alma,ILYEN_PIROS
cR7z9posZ25xSjb6z7sagHS235vn,alma,ILYEN_PIROS
gkE2DF9rjk40Tdxikha0B9r2yMvP,alma,ILYEN_PIROS
gwTxL0T8HQFlooQEgkqQvBG4rHtl,alma,ILYEN_PIROS
hMhC4E5GeWS1zabc77OKHtfz529F,alma,ILYEN_PIROS
ioDhrsJV22Fym2kwi0Enu6L7qMoB,alma,ILYEN_PIROS
jBpNE83rvgjtcjB4lQzfTlkuifEs,alma,ILYEN_PIROS
n8i5leQlntXz4XoA2JVGiOB0X0nS,alma,ILYEN_PIROS
n8i5leQlntXz4XoA2JVGiOB0X0nS,alma,ILYEN_PIROS
pcKzkYgCUpVc1YGsfcG9cuHwhIFq,alma,ILYEN_PIROS
pcKzkYgCUpVc1YGsfcG9cuHwhIFq,alma,ILYEN_PIROS
wChCSZMZUV5HgFOPQqYJsHLy8yej,alma,ILYEN_PIROS
2GQsh4qTCle4fioT2ib8QrWmurRt,eper,ILYEN_PIROS
LDiQ49hqAeKCaIZiU4yXQEO9tTmv,eper,ILYEN_PIROS
YsgVSf2DRAuoIzG4hcEwSpkPiPJQ,eper,ILYEN_PIROS
Z5DTSVEQk3FtNUWlQHkHPAEBPtsT,eper,ILYEN_PIROS
ZE4Vso19ws4GQBEbRlAx3gqRf2Ql,eper,ILYEN_PIROS
bJxnk1ZvF1GBnye0bYpBFGuOIcsJ,eper,ILYEN_PIROS
bXeBh3j0gOGpCmEt68bY2NjVKwZS,eper,ILYEN_PIROS
cKkzcqwwIFXF6u0LdJBUTL1a4td2,eper,ILYEN_PIROS
gDJxpFMvaIHBGwkBz6Z9Z5E6rqeQ,eper,ILYEN_PIROS
hLKflzDgIt1d1kkYiBgtD6Ildzca,eper,ILYEN_PIROS
kudJQ7AAOK0KetYJYKSTcQ60xJre,eper,ILYEN_PIROS
sTZywlkMZzaRE7Uqx1qpacwIHmlG,eper,ILYEN_PIROS
ve2UV1qBXwAErAfwa7CBZvAjwxAb,eper,ILYEN_PIROS
fsUjgv5bHGSiLIc56gAiaFH0Eodm,tuzolto,ILYEN_PIROS
hLKflzDgIt1d1kkYiBgtD6Ildzca,tuzolto,ILYEN_PIROS
YsgVSf2DRAuoIzG4hcEwSpkPiPJQ,gomba,ILYEN_PIROS
wChCSZMZUV5HgFOPQqYJsHLy8yej,gomba,ILYEN_PIROS
XoMV4gJmAWW8fvZJRlQJoaciIPFJ,szonyeg,ILYEN_PIROS
ZE4Vso19ws4GQBEbRlAx3gqRf2Ql,vonat,ILYEN_PIROS
cR7z9posZ25xSjb6z7sagHS235vn,auto,ILYEN_PIROS
2mf1pytEKj8RM8in6MbEzrMBMAX1,eper,ILYEN_PIROS_IND
gDJxpFMvaIHBGwkBz6Z9Z5E6rqeQ,eper,ILYEN_PIROS_IND
J8IzRk7DYymlKgV6sF7Umb2Wf8kh,tuzolto,ILYEN_PIROS_IND
J8IzRk7DYymlKgV6sF7Umb2Wf8kh,tuzolto,ILYEN_PIROS_IND
NcVfp49U0WugaYJkv4r2Y3PXc7cn,tuzolto,ILYEN_PIROS_IND
NcVfp49U0WugaYJkv4r2Y3PXc7cn,tuzolto,ILYEN_PIROS_IND
Vi4tvYPaMpHrJtchbz4qPsufSAd3,tuzolto,ILYEN_PIROS_IND
YsgVSf2DRAuoIzG4hcEwSpkPiPJQ,tuzolto,ILYEN_PIROS_IND
aCY8Po3E02wrI4Rrdzzxu9aTgdc7,tuzolto,ILYEN_PIROS_IND
b6lgi9tN1sInFmZy2YsPCSjxaQID,tuzolto,ILYEN_PIROS_IND
b6lgi9tN1sInFmZy2YsPCSjxaQID,tuzolto,ILYEN_PIROS_IND
gDJxpFMvaIHBGwkBz6Z9Z5E6rqeQ,tuzolto,ILYEN_PIROS_IND
gwTxL0T8HQFlooQEgkqQvBG4rHtl,tuzolto,ILYEN_PIROS_IND
gwTxL0T8HQFlooQEgkqQvBG4rHtl,tuzolto,ILYEN_PIROS_IND
hyQXyqpwb1eEKNKe7KdXNP9whDUd,tuzolto,ILYEN_PIROS_IND
ioDhrsJV22Fym2kwi0Enu6L7qMoB,tuzolto,ILYEN_PIROS_IND
n8i5leQlntXz4XoA2JVGiOB0X0nS,tuzolto,ILYEN_PIROS_IND
wChCSZMZUV5HgFOPQqYJsHLy8yej,tuzolto,ILYEN_PIROS_IND
2mf1pytEKj8RM8in6MbEzrMBMAX1,gomba,ILYEN_PIROS_IND
sTZywlkMZzaRE7Uqx1qpacwIHmlG,gomba,ILYEN_PIROS_IND
LDiQ49hqAeKCaIZiU4yXQEO9tTmv,sepru,ILYEN_POROS_IND
DL3j5JV4aiCT3r9LNq9fctuLkefs,helikopter,ILYEN_PORGO_IND
pB2ZvSU9uIZYrVmru0V6dzKTR2AW,helikopter,ILYEN_PORGO_IND
pB2ZvSU9uIZYrVmru0V6dzKTR2AW,helikopter,ILYEN_PORGO_IND
XWItECLFYo8VG5SskW9iQPJI7pRA,gyerek,ILYEN_PORGOS
XoMV4gJmAWW8fvZJRlQJoaciIPFJ,kutya,ILYEN_POTTYOS
2mf1pytEKj8RM8in6MbEzrMBMAX1,gomba,ILYEN_POTTYOS
DL3j5JV4aiCT3r9LNq9fctuLkefs,gomba,ILYEN_POTTYOS
DL3j5JV4aiCT3r9LNq9fctuLkefs,gomba,ILYEN_POTTYOS
aCY8Po3E02wrI4Rrdzzxu9aTgdc7,gomba,ILYEN_POTTYOS
gDJxpFMvaIHBGwkBz6Z9Z5E6rqeQ,gomba,ILYEN_POTTYOS
XnQQOJ6n3tTZgUOBj6SEG8VnkkCr,gomba,ILYEN_POTTYOS_IND
Z5DTSVEQk3FtNUWlQHkHPAEBPtsT,kutya,ILYEN_PUHA
8H7wVsJ31BN7WW6cJBe3DWB7ZJO9,lo,ILYEN_PUHA
bJxnk1ZvF1GBnye0bYpBFGuOIcsJ,cipo,ILYEN_PUHA
hLKflzDgIt1d1kkYiBgtD6Ildzca,cipo,ILYEN_PUHA
n8i5leQlntXz4XoA2JVGiOB0X0nS,cipo,ILYEN_PUHA
XoMV4gJmAWW8fvZJRlQJoaciIPFJ,pulover,ILYEN_PUHA
kudJQ7AAOK0KetYJYKSTcQ60xJre,pulover,ILYEN_PUHA
8H7wVsJ31BN7WW6cJBe3DWB7ZJO9,krumpli,ILYEN_PUHA
Vi4tvYPaMpHrJtchbz4qPsufSAd3,szonyeg,ILYEN_PUHA
XoMV4gJmAWW8fvZJRlQJoaciIPFJ,szonyeg,ILYEN_PUHA
aCY8Po3E02wrI4Rrdzzxu9aTgdc7,szonyeg,ILYEN_PUHA
cKkzcqwwIFXF6u0LdJBUTL1a4td2,szonyeg,ILYEN_PUHA
gDJxpFMvaIHBGwkBz6Z9Z5E6rqeQ,szonyeg,ILYEN_PUHA
gDJxpFMvaIHBGwkBz6Z9Z5E6rqeQ,szonyeg,ILYEN_PUHA
kudJQ7AAOK0KetYJYKSTcQ60xJre,szonyeg,ILYEN_PUHA
vu240s5N1IMDtgWR79UZHs2w0H6C,szonyeg,ILYEN_PUHA
wChCSZMZUV5HgFOPQqYJsHLy8yej,szonyeg,ILYEN_PUHA
gwTxL0T8HQFlooQEgkqQvBG4rHtl,cipo,ILYEN_PUHA_IND
hLKflzDgIt1d1kkYiBgtD6Ildzca,cipo,ILYEN_PUHA_IND
XUQR36tyWgppAe5zdMBRy1MXndde,alma,ILYEN_PUHA_IND
ZE4Vso19ws4GQBEbRlAx3gqRf2Ql,sepru,ILYEN_PUHA_IND
i9zlLDQ6SJh1P1fER1TKU6Wqq2qA,szonyeg,ILYEN_RAGADOS
cKkzcqwwIFXF6u0LdJBUTL1a4td2,szonyeg,ILYEN_REGI_IND
gkE2DF9rjk40Tdxikha0B9r2yMvP,alma,ILYEN_ROPOGOS
fsUjgv5bHGSiLIc56gAiaFH0Eodm,nadrag,ILYEN_ROVID
n8i5leQlntXz4XoA2JVGiOB0X0nS,kutya,ILYEN_ROVID_IND
ve2UV1qBXwAErAfwa7CBZvAjwxAb,kutya,ILYEN_ROVID_IND
XoMV4gJmAWW8fvZJRlQJoaciIPFJ,gyerek,ILYEN_ROVID_IND
Z5DTSVEQk3FtNUWlQHkHPAEBPtsT,ceruza,ILYEN_ROVIDKE
gZUIZf0CyPQa4w9Wggvx5cJkQ4C2,kez,ILYEN_RUGALMAS
gZUIZf0CyPQa4w9Wggvx5cJkQ4C2,cipo,ILYEN_RUGALMAS
XWItECLFYo8VG5SskW9iQPJI7pRA,kacsa,ILYEN_SARGA
aCY8Po3E02wrI4Rrdzzxu9aTgdc7,kacsa,ILYEN_SARGA
bXeBh3j0gOGpCmEt68bY2NjVKwZS,kacsa,ILYEN_SARGA
cKkzcqwwIFXF6u0LdJBUTL1a4td2,kacsa,ILYEN_SARGA
cKkzcqwwIFXF6u0LdJBUTL1a4td2,kacsa,ILYEN_SARGA
jBpNE83rvgjtcjB4lQzfTlkuifEs,kacsa,ILYEN_SARGA
YsgVSf2DRAuoIzG4hcEwSpkPiPJQ,lab,ILYEN_SARGA
WukuItBR0pKip9BVBEXWLXAS465F,alma,ILYEN_SARGA
WukuItBR0pKip9BVBEXWLXAS465F,alma,ILYEN_SARGA
gwTxL0T8HQFlooQEgkqQvBG4rHtl,alma,ILYEN_SARGA
ioDhrsJV22Fym2kwi0Enu6L7qMoB,alma,ILYEN_SARGA
n8i5leQlntXz4XoA2JVGiOB0X0nS,alma,ILYEN_SARGA
8H7wVsJ31BN7WW6cJBe3DWB7ZJO9,citrom,ILYEN_SARGA
DL3j5JV4aiCT3r9LNq9fctuLkefs,citrom,ILYEN_SARGA
NcVfp49U0WugaYJkv4r2Y3PXc7cn,citrom,ILYEN_SARGA
TuiyHopNE0Ns45VopNY0umEgHnon,citrom,ILYEN_SARGA
XoMV4gJmAWW8fvZJRlQJoaciIPFJ,citrom,ILYEN_SARGA
aCY8Po3E02wrI4Rrdzzxu9aTgdc7,citrom,ILYEN_SARGA
b6lgi9tN1sInFmZy2YsPCSjxaQID,citrom,ILYEN_SARGA
d7QNG1DWNJdasfDIeRmdGvEIgJBM,citrom,ILYEN_SARGA
hyQXyqpwb1eEKNKe7KdXNP9whDUd,citrom,ILYEN_SARGA
b6lgi9tN1sInFmZy2YsPCSjxaQID,krumpli,ILYEN_SARGA
bXeBh3j0gOGpCmEt68bY2NjVKwZS,krumpli,ILYEN_SARGA
cR7z9posZ25xSjb6z7sagHS235vn,krumpli,ILYEN_SARGA
gwTxL0T8HQFlooQEgkqQvBG4rHtl,krumpli,ILYEN_SARGA
gwTxL0T8HQFlooQEgkqQvBG4rHtl,krumpli,ILYEN_SARGA
pcKzkYgCUpVc1YGsfcG9cuHwhIFq,krumpli,ILYEN_SARGA
Z5DTSVEQk3FtNUWlQHkHPAEBPtsT,bab,ILYEN_SARGA
aCY8Po3E02wrI4Rrdzzxu9aTgdc7,citrom,ILYEN_SARGA_IND
bXeBh3j0gOGpCmEt68bY2NjVKwZS,eper,ILYEN_SARGA_IND
cKkzcqwwIFXF6u0LdJBUTL1a4td2,eper,ILYEN_SARGA_IND
gDJxpFMvaIHBGwkBz6Z9Z5E6rqeQ,eper,ILYEN_SARGA_IND
sTZywlkMZzaRE7Uqx1qpacwIHmlG,eper,ILYEN_SARGA_IND
n8i5leQlntXz4XoA2JVGiOB0X0nS,krumpli,ILYEN_SARGA_IND
WukuItBR0pKip9BVBEXWLXAS465F,sepru,ILYEN_SARGA_IND
8H7wVsJ31BN7WW6cJBe3DWB7ZJO9,krumpli,ILYEN_SARGAS-NARANCSOS
gwTxL0T8HQFlooQEgkqQvBG4rHtl,alma,ILYEN_SAVANYKAS
TuiyHopNE0Ns45VopNY0umEgHnon,citrom,ILYEN_SAVANYKAS
gDJxpFMvaIHBGwkBz6Z9Z5E6rqeQ,eper,ILYEN_SAVANYKAS
sTZywlkMZzaRE7Uqx1qpacwIHmlG,eper,ILYEN_SAVANYKAS
cR7z9posZ25xSjb6z7sagHS235vn,alma,ILYEN_SAVANYU
jBpNE83rvgjtcjB4lQzfTlkuifEs,alma,ILYEN_SAVANYU
n8i5leQlntXz4XoA2JVGiOB0X0nS,alma,ILYEN_SAVANYU
n8i5leQlntXz4XoA2JVGiOB0X0nS,alma,ILYEN_SAVANYU
pcKzkYgCUpVc1YGsfcG9cuHwhIFq,alma,ILYEN_SAVANYU
8H7wVsJ31BN7WW6cJBe3DWB7ZJO9,citrom,ILYEN_SAVANYU
8H7wVsJ31BN7WW6cJBe3DWB7ZJO9,citrom,ILYEN_SAVANYU
8H7wVsJ31BN7WW6cJBe3DWB7ZJO9,citrom,ILYEN_SAVANYU
DL3j5JV4aiCT3r9LNq9fctuLkefs,citrom,ILYEN_SAVANYU
NcVfp49U0WugaYJkv4r2Y3PXc7cn,citrom,ILYEN_SAVANYU
TuiyHopNE0Ns45VopNY0umEgHnon,citrom,ILYEN_SAVANYU
XnQQOJ6n3tTZgUOBj6SEG8VnkkCr,citrom,ILYEN_SAVANYU
XoMV4gJmAWW8fvZJRlQJoaciIPFJ,citrom,ILYEN_SAVANYU
aCY8Po3E02wrI4Rrdzzxu9aTgdc7,citrom,ILYEN_SAVANYU
b6lgi9tN1sInFmZy2YsPCSjxaQID,citrom,ILYEN_SAVANYU
fsUjgv5bHGSiLIc56gAiaFH0Eodm,citrom,ILYEN_SAVANYU
gZUIZf0CyPQa4w9Wggvx5cJkQ4C2,citrom,ILYEN_SAVANYU
hyQXyqpwb1eEKNKe7KdXNP9whDUd,citrom,ILYEN_SAVANYU
i9zlLDQ6SJh1P1fER1TKU6Wqq2qA,citrom,ILYEN_SAVANYU
pB2ZvSU9uIZYrVmru0V6dzKTR2AW,citrom,ILYEN_SAVANYU
vu240s5N1IMDtgWR79UZHs2w0H6C,citrom,ILYEN_SAVANYU
Z5DTSVEQk3FtNUWlQHkHPAEBPtsT,eper,ILYEN_SAVANYU
J8IzRk7DYymlKgV6sF7Umb2Wf8kh,alma,ILYEN_SAVANYU_IND
YsgVSf2DRAuoIzG4hcEwSpkPiPJQ,eper,ILYEN_SAVANYU_IND
2mf1pytEKj8RM8in6MbEzrMBMAX1,pulover,ILYEN_SIMA
8H7wVsJ31BN7WW6cJBe3DWB7ZJO9,asztal,ILYEN_SIMA
XUQR36tyWgppAe5zdMBRy1MXndde,asztal,ILYEN_SIMA
gDJxpFMvaIHBGwkBz6Z9Z5E6rqeQ,gomba,ILYEN_SOKFAJTA
kudJQ7AAOK0KetYJYKSTcQ60xJre,szonyeg,ILYEN_SOKFAJTA_IND
XUQR36tyWgppAe5zdMBRy1MXndde,lo,ILYEN_SOKSZINU
XnQQOJ6n3tTZgUOBj6SEG8VnkkCr,szem,ILYEN_SOKSZINU
TuiyHopNE0Ns45VopNY0umEgHnon,cipo,ILYEN_SOKSZINU
LDiQ49hqAeKCaIZiU4yXQEO9tTmv,ceruza,ILYEN_SOKSZINU
gZUIZf0CyPQa4w9Wggvx5cJkQ4C2,ceruza,ILYEN_SOKSZINU
gZUIZf0CyPQa4w9Wggvx5cJkQ4C2,helikopter,ILYEN_SOKSZINU
TuiyHopNE0Ns45VopNY0umEgHnon,auto,ILYEN_SOKSZINU
vu240s5N1IMDtgWR79UZHs2w0H6C,krumpli,ILYEN_SOS
XUQR36tyWgppAe5zdMBRy1MXndde,bab,ILYEN_SOS
YsgVSf2DRAuoIzG4hcEwSpkPiPJQ,eper,ILYEN_SOTET
XUQR36tyWgppAe5zdMBRy1MXndde,erdo,ILYEN_SOTET
gwTxL0T8HQFlooQEgkqQvBG4rHtl,erdo,ILYEN_SOTET
2mf1pytEKj8RM8in6MbEzrMBMAX1,vonat,ILYEN_SOTETBARNA
bXeBh3j0gOGpCmEt68bY2NjVKwZS,kacsa,ILYEN_SOTETKEK_IND
cR7z9posZ25xSjb6z7sagHS235vn,krumpli,ILYEN_SULT
cR7z9posZ25xSjb6z7sagHS235vn,krumpli,ILYEN_SULT
Z5DTSVEQk3FtNUWlQHkHPAEBPtsT,erdo,ILYEN_SURU
gwTxL0T8HQFlooQEgkqQvBG4rHtl,erdo,ILYEN_SURU
wChCSZMZUV5HgFOPQqYJsHLy8yej,erdo,ILYEN_SURU
WukuItBR0pKip9BVBEXWLXAS465F,sepru,ILYEN_SURU
TuiyHopNE0Ns45VopNY0umEgHnon,sepru,ILYEN_SZALAS_IND
8H7wVsJ31BN7WW6cJBe3DWB7ZJO9,citrom,ILYEN_SZARVSZERU_IND
XoMV4gJmAWW8fvZJRlQJoaciIPFJ,szonyeg,ILYEN_SZELES
LDiQ49hqAeKCaIZiU4yXQEO9tTmv,jatszoter,ILYEN_SZELES_IND
XnQQOJ6n3tTZgUOBj6SEG8VnkkCr,gomba,ILYEN_SZELID
XWItECLFYo8VG5SskW9iQPJI7pRA,erdo,ILYEN_SZEP
XUQR36tyWgppAe5zdMBRy1MXndde,hercegno,ILYEN_SZEP
pB2ZvSU9uIZYrVmru0V6dzKTR2AW,hercegno,ILYEN_SZEP
pB2ZvSU9uIZYrVmru0V6dzKTR2AW,hercegno,ILYEN_SZEP
ioDhrsJV22Fym2kwi0Enu6L7qMoB,szonyeg,ILYEN_SZEP
cKkzcqwwIFXF6u0LdJBUTL1a4td2,kacsa,ILYEN_SZEP_IND
8H7wVsJ31BN7WW6cJBe3DWB7ZJO9,szem,ILYEN_SZEP_IND
2mf1pytEKj8RM8in6MbEzrMBMAX1,hercegno,ILYEN_SZEP_IND
2mf1pytEKj8RM8in6MbEzrMBMAX1,hercegno,ILYEN_SZEP_IND
2mf1pytEKj8RM8in6MbEzrMBMAX1,hercegno,ILYEN_SZEP_IND
XnQQOJ6n3tTZgUOBj6SEG8VnkkCr,hercegno,ILYEN_SZEP_IND
bXeBh3j0gOGpCmEt68bY2NjVKwZS,hercegno,ILYEN_SZEP_IND
bXeBh3j0gOGpCmEt68bY2NjVKwZS,hercegno,ILYEN_SZEP_IND
bXeBh3j0gOGpCmEt68bY2NjVKwZS,hercegno,ILYEN_SZEP_IND
d7QNG1DWNJdasfDIeRmdGvEIgJBM,hercegno,ILYEN_SZEP_IND
gZUIZf0CyPQa4w9Wggvx5cJkQ4C2,hercegno,ILYEN_SZEP_IND
hMhC4E5GeWS1zabc77OKHtfz529F,hercegno,ILYEN_SZEP_IND
pB2ZvSU9uIZYrVmru0V6dzKTR2AW,hercegno,ILYEN_SZEP_IND
2mf1pytEKj8RM8in6MbEzrMBMAX1,konyv,ILYEN_SZEP_IND
hyQXyqpwb1eEKNKe7KdXNP9whDUd,konyv,ILYEN_SZEP_IND
TuiyHopNE0Ns45VopNY0umEgHnon,kacsa,ILYEN_SZINES
aCY8Po3E02wrI4Rrdzzxu9aTgdc7,kacsa,ILYEN_SZINES
NcVfp49U0WugaYJkv4r2Y3PXc7cn,jatszoter,ILYEN_SZINES
XnQQOJ6n3tTZgUOBj6SEG8VnkkCr,szonyeg,ILYEN_SZINES
gkE2DF9rjk40Tdxikha0B9r2yMvP,szonyeg,ILYEN_SZINES
46yfoWhTy2iS3zBBIKYeTkITLWIt,ceruza,ILYEN_SZINES
WukuItBR0pKip9BVBEXWLXAS465F,ceruza,ILYEN_SZINES
WukuItBR0pKip9BVBEXWLXAS465F,ceruza,ILYEN_SZINES
pB2ZvSU9uIZYrVmru0V6dzKTR2AW,ceruza,ILYEN_SZINES
8H7wVsJ31BN7WW6cJBe3DWB7ZJO9,konyv,ILYEN_SZINES
XoMV4gJmAWW8fvZJRlQJoaciIPFJ,konyv,ILYEN_SZINES
fsUjgv5bHGSiLIc56gAiaFH0Eodm,konyv,ILYEN_SZINES
gwTxL0T8HQFlooQEgkqQvBG4rHtl,konyv,ILYEN_SZINES
hyQXyqpwb1eEKNKe7KdXNP9whDUd,pulover,ILYEN_SZINES 
i9zlLDQ6SJh1P1fER1TKU6Wqq2qA,szonyeg,ILYEN_SZINES 
i9zlLDQ6SJh1P1fER1TKU6Wqq2qA,ceruza,ILYEN_SZINES 
hLKflzDgIt1d1kkYiBgtD6Ildzca,auto,ILYEN_SZINES 
hyQXyqpwb1eEKNKe7KdXNP9whDUd,auto,ILYEN_SZINES 
46yfoWhTy2iS3zBBIKYeTkITLWIt,hercegno,ILYEN_SZINES_IND
gZUIZf0CyPQa4w9Wggvx5cJkQ4C2,ceruza,ILYEN_SZINES_IND
J8IzRk7DYymlKgV6sF7Umb2Wf8kh,tuzolto,ILYEN_SZIRENAZOS_IND
sTZywlkMZzaRE7Uqx1qpacwIHmlG,kutya,ILYEN_SZOMORU
fsUjgv5bHGSiLIc56gAiaFH0Eodm,konyv,ILYEN_SZORAKOZTATO
gwTxL0T8HQFlooQEgkqQvBG4rHtl,konyv,ILYEN_SZORAKOZTATO
i9zlLDQ6SJh1P1fER1TKU6Wqq2qA,pulover,ILYEN_SZOROS
ioDhrsJV22Fym2kwi0Enu6L7qMoB,kutya,ILYEN_SZOROS
kudJQ7AAOK0KetYJYKSTcQ60xJre,kutya,ILYEN_SZOROS
ve2UV1qBXwAErAfwa7CBZvAjwxAb,kutya,ILYEN_SZOROS
NcVfp49U0WugaYJkv4r2Y3PXc7cn,lo,ILYEN_SZOROS
gZUIZf0CyPQa4w9Wggvx5cJkQ4C2,lo,ILYEN_SZOROS
gwTxL0T8HQFlooQEgkqQvBG4rHtl,lo,ILYEN_SZOROS
d7QNG1DWNJdasfDIeRmdGvEIgJBM,szonyeg,ILYEN_SZOROS
XoMV4gJmAWW8fvZJRlQJoaciIPFJ,kutya,ILYEN_SZOROS
aCY8Po3E02wrI4Rrdzzxu9aTgdc7,szonyeg,ILYEN_SZOROS
XoMV4gJmAWW8fvZJRlQJoaciIPFJ,konyv,ILYEN_SZOVEGES
0ayEKzKAhgI7kLaya0CVdQ0WaTdh,szem,ILYEN_SZUKSEGES
kudJQ7AAOK0KetYJYKSTcQ60xJre,konyv,ILYEN_SZUKSEGES
0ayEKzKAhgI7kLaya0CVdQ0WaTdh,kacsa,ILYEN_SZURKE
n8i5leQlntXz4XoA2JVGiOB0X0nS,kutya,ILYEN_SZURKE
Z5DTSVEQk3FtNUWlQHkHPAEBPtsT,ceruza,ILYEN_SZURKE_IND
TuiyHopNE0Ns45VopNY0umEgHnon,kard,ILYEN_SZURKE_IND
Vi4tvYPaMpHrJtchbz4qPsufSAd3,szonyeg,ILYEN_TAKAROFELE
cR7z9posZ25xSjb6z7sagHS235vn,konyv,ILYEN_TANULSAGOS_IND
HM7nhqdiyPmEZCyAkPB440Ok3wSG,citrom,ILYEN_TAPLALO
NcVfp49U0WugaYJkv4r2Y3PXc7cn,szem,ILYEN_TARKA-BARKA
46yfoWhTy2iS3zBBIKYeTkITLWIt,vonat,ILYEN_TAVOLI_IND
XnQQOJ6n3tTZgUOBj6SEG8VnkkCr,auto,ILYEN_TAVOLI_IND
n8i5leQlntXz4XoA2JVGiOB0X0nS,kard,ILYEN_TBETU
Vi4tvYPaMpHrJtchbz4qPsufSAd3,szonyeg,ILYEN_TEGLAALAKU
J8IzRk7DYymlKgV6sF7Umb2Wf8kh,konyv,ILYEN_TEGLALAP
fsUjgv5bHGSiLIc56gAiaFH0Eodm,konyv,ILYEN_TEGLALAPALAKU
gwTxL0T8HQFlooQEgkqQvBG4rHtl,konyv,ILYEN_TEGLALAPALAKU
D8xwtXbTVptiRPXifIgUyGioQIkY,cipo,ILYEN_TEPOZARAS
hMhC4E5GeWS1zabc77OKHtfz529F,cipo,ILYEN_TEPOZARAS
2mf1pytEKj8RM8in6MbEzrMBMAX1,pulover,ILYEN_TEPOZARAS
hyQXyqpwb1eEKNKe7KdXNP9whDUd,citrom,ILYEN_TOJASALAKU
cKkzcqwwIFXF6u0LdJBUTL1a4td2,krumpli,ILYEN_TOJASALAKU
n8i5leQlntXz4XoA2JVGiOB0X0nS,krumpli,ILYEN_TOJASALAKU
TuiyHopNE0Ns45VopNY0umEgHnon,kacsa,ILYEN_TOJASALAKU_IND
Z5DTSVEQk3FtNUWlQHkHPAEBPtsT,ceruza,ILYEN_TOMPA
LDiQ49hqAeKCaIZiU4yXQEO9tTmv,ceruza,ILYEN_TOMPA_IND
bXeBh3j0gOGpCmEt68bY2NjVKwZS,ceruza,ILYEN_TOMPA_IND
2GQsh4qTCle4fioT2ib8QrWmurRt,sepru,ILYEN_TUSKES
kudJQ7AAOK0KetYJYKSTcQ60xJre,tuzolto,ILYEN_TUZALLO_IND
n8i5leQlntXz4XoA2JVGiOB0X0nS,tuzolto,ILYEN_TUZES_IND
wChCSZMZUV5HgFOPQqYJsHLy8yej,tuzolto,ILYEN_TUZVESZELYE_IND
TuiyHopNE0Ns45VopNY0umEgHnon,kacsa,ILYEN_USZOHARTYAS
2mf1pytEKj8RM8in6MbEzrMBMAX1,hercegno,ILYEN_UGYES
bXeBh3j0gOGpCmEt68bY2NjVKwZS,ceruza,ILYEN_URES_IND
kudJQ7AAOK0KetYJYKSTcQ60xJre,pulover,ILYEN_VALTOZO_IND
2mf1pytEKj8RM8in6MbEzrMBMAX1,pulover,ILYEN_VARROTT
d7QNG1DWNJdasfDIeRmdGvEIgJBM,nadrag,ILYEN_VASTAG
ve2UV1qBXwAErAfwa7CBZvAjwxAb,pulover,ILYEN_VASTAG
vu240s5N1IMDtgWR79UZHs2w0H6C,pulover,ILYEN_VASTAG
TuiyHopNE0Ns45VopNY0umEgHnon,bab,ILYEN_VASTAG
2GQsh4qTCle4fioT2ib8QrWmurRt,ceruza,ILYEN_VASTAG
2mf1pytEKj8RM8in6MbEzrMBMAX1,konyv,ILYEN_VASTAG
Vi4tvYPaMpHrJtchbz4qPsufSAd3,gomba,ILYEN_VASTAG_IND
vu240s5N1IMDtgWR79UZHs2w0H6C,pulover,ILYEN_VEKONY
2GQsh4qTCle4fioT2ib8QrWmurRt,ceruza,ILYEN_VEKONY
46yfoWhTy2iS3zBBIKYeTkITLWIt,ceruza,ILYEN_VEKONY
gZUIZf0CyPQa4w9Wggvx5cJkQ4C2,ceruza,ILYEN_VEKONY
ioDhrsJV22Fym2kwi0Enu6L7qMoB,ceruza,ILYEN_VEKONY
2mf1pytEKj8RM8in6MbEzrMBMAX1,konyv,ILYEN_VEKONY
Vi4tvYPaMpHrJtchbz4qPsufSAd3,konyv,ILYEN_VEKONY
TuiyHopNE0Ns45VopNY0umEgHnon,kard,ILYEN_VESZELYES
XnQQOJ6n3tTZgUOBj6SEG8VnkkCr,kard,ILYEN_VESZELYES
ZE4Vso19ws4GQBEbRlAx3gqRf2Ql,kard,ILYEN_VESZELYES
b6lgi9tN1sInFmZy2YsPCSjxaQID,kard,ILYEN_VESZELYES
hLKflzDgIt1d1kkYiBgtD6Ildzca,kard,ILYEN_VESZELYES
n8i5leQlntXz4XoA2JVGiOB0X0nS,kard,ILYEN_VESZELYES
ve2UV1qBXwAErAfwa7CBZvAjwxAb,jatszoter,ILYEN_VESZELYES_IND
NcVfp49U0WugaYJkv4r2Y3PXc7cn,helikopter,ILYEN_VESZELYES_IND
8H7wVsJ31BN7WW6cJBe3DWB7ZJO9,konyv,ILYEN_VICCES
8H7wVsJ31BN7WW6cJBe3DWB7ZJO9,konyv,ILYEN_VICCES
NcVfp49U0WugaYJkv4r2Y3PXc7cn,jatszoter,ILYEN_VIDAM
ZE4Vso19ws4GQBEbRlAx3gqRf2Ql,gyerek,ILYEN_VIDAM
ioDhrsJV22Fym2kwi0Enu6L7qMoB,cipo,ILYEN_VILAGITO_IND
NcVfp49U0WugaYJkv4r2Y3PXc7cn,tuzolto,ILYEN_VILAGITO_IND
YsgVSf2DRAuoIzG4hcEwSpkPiPJQ,eper,ILYEN_VILAGOS
XUQR36tyWgppAe5zdMBRy1MXndde,kez,ILYEN_VILAGOSBARNA
NcVfp49U0WugaYJkv4r2Y3PXc7cn,krumpli,ILYEN_VILAGOSBARNA_IND
TuiyHopNE0Ns45VopNY0umEgHnon,bab,ILYEN_VILAGOSBARNA_IND
YsgVSf2DRAuoIzG4hcEwSpkPiPJQ,lab,ILYEN_VONALAS
HM7nhqdiyPmEZCyAkPB440Ok3wSG,tuzolto,ILYEN_VOROS
DL3j5JV4aiCT3r9LNq9fctuLkefs,szem,ILYEN_ZOLD
gwTxL0T8HQFlooQEgkqQvBG4rHtl,szem,ILYEN_ZOLD
J8IzRk7DYymlKgV6sF7Umb2Wf8kh,alma,ILYEN_ZOLD
pcKzkYgCUpVc1YGsfcG9cuHwhIFq,alma,ILYEN_ZOLD
YsgVSf2DRAuoIzG4hcEwSpkPiPJQ,eper,ILYEN_ZOLD
Z5DTSVEQk3FtNUWlQHkHPAEBPtsT,erdo,ILYEN_ZOLD
gZUIZf0CyPQa4w9Wggvx5cJkQ4C2,bab,ILYEN_ZOLD
cR7z9posZ25xSjb6z7sagHS235vn,auto,ILYEN_ZOLD
8H7wVsJ31BN7WW6cJBe3DWB7ZJO9,szem,ILYEN_ZOLD_ES_BARNA
2mf1pytEKj8RM8in6MbEzrMBMAX1,eper,ILYEN_ZOLD_IND
Vi4tvYPaMpHrJtchbz4qPsufSAd3,eper,ILYEN_ZOLD_IND
YsgVSf2DRAuoIzG4hcEwSpkPiPJQ,eper,ILYEN_ZOLD_IND
Z5DTSVEQk3FtNUWlQHkHPAEBPtsT,eper,ILYEN_ZOLD_IND
Z5DTSVEQk3FtNUWlQHkHPAEBPtsT,bab,ILYEN_ZOLD_IND
gwTxL0T8HQFlooQEgkqQvBG4rHtl,szem,ILYEN_ZOLDESKEK
b6lgi9tN1sInFmZy2YsPCSjxaQID,kacsa,ILYEN_ZOLDESKEKES_IND
kudJQ7AAOK0KetYJYKSTcQ60xJre,szem,ILYYEN_SZEMES
Z5DTSVEQk3FtNUWlQHkHPAEBPtsT,ceruza,ISKOLAS_AKCIO
cR7z9posZ25xSjb6z7sagHS235vn,gyerek,ISKOLATASKA_KI
TuiyHopNE0Ns45VopNY0umEgHnon,gyerek,JATEK_KI
XWItECLFYo8VG5SskW9iQPJI7pRA,erdo,JAVITAS RESZE_FUVESRESZ
ioDhrsJV22Fym2kwi0Enu6L7qMoB,tuzolto,KALAPACS_KI
ZE4Vso19ws4GQBEbRlAx3gqRf2Ql,gyerek,KAPCSLAT_TESTVER_TARS
cR7z9posZ25xSjb6z7sagHS235vn,gyerek,KAPCSLAT_TESTVER_TARS
kudJQ7AAOK0KetYJYKSTcQ60xJre,eper,KAPCSOLAT_ALLERGIA_MAG
0ayEKzKAhgI7kLaya0CVdQ0WaTdh,nadrag,KAPCSOLAT_ALSOGATYA_FELETT
sTZywlkMZzaRE7Uqx1qpacwIHmlG,nadrag,KAPCSOLAT_ALSOGATYA_FELETT
YsgVSf2DRAuoIzG4hcEwSpkPiPJQ,nadrag,KAPCSOLAT_ALSONADRAG_FELETT
aCY8Po3E02wrI4Rrdzzxu9aTgdc7,kacsa,KAPCSOLAT_ANYA_SZULO
TuiyHopNE0Ns45VopNY0umEgHnon,gyerek,KAPCSOLAT_ANYUKA_SZULO
kudJQ7AAOK0KetYJYKSTcQ60xJre,eper,KAPCSOLAT_BETEG_FOGYASZT
Vi4tvYPaMpHrJtchbz4qPsufSAd3,gomba,KAPCSOLAT_BETEG_FOGYASZT
J8IzRk7DYymlKgV6sF7Umb2Wf8kh,lab,KAPCSOLAT_BOKA_FELETT
Z5DTSVEQk3FtNUWlQHkHPAEBPtsT,nadrag,KAPCSOLAT_BOKA_FELETT
YsgVSf2DRAuoIzG4hcEwSpkPiPJQ,nadrag,KAPCSOLAT_BUGYI_ALATT
sTZywlkMZzaRE7Uqx1qpacwIHmlG,kutya,KAPCSOLAT_CICA_ELLENSEG
sTZywlkMZzaRE7Uqx1qpacwIHmlG,kutya,KAPCSOLAT_CICA_TARS
gZUIZf0CyPQa4w9Wggvx5cJkQ4C2,lo,KAPCSOLAT_CSIKOS_MELLETT
DL3j5JV4aiCT3r9LNq9fctuLkefs,pulover,KAPCSOLAT_DEREK_FOLOTT
LDiQ49hqAeKCaIZiU4yXQEO9tTmv,lo,KAPCSOLAT_EMBER_BARAT
2mf1pytEKj8RM8in6MbEzrMBMAX1,lab,KAPCSOLAT_FEJ_ALATT
HM7nhqdiyPmEZCyAkPB440Ok3wSG,ceruza,KAPCSOLAT_FILCTOLL_ROKON
HM7nhqdiyPmEZCyAkPB440Ok3wSG,citrom,KAPCSOLAT_GRAPEFRUIT_ROKON
J8IzRk7DYymlKgV6sF7Umb2Wf8kh,lab,KAPCSOLAT_HAS_ALATT
Vi4tvYPaMpHrJtchbz4qPsufSAd3,tuzolto,KAPCSOLAT_HELIKOPTER_TARS
sTZywlkMZzaRE7Uqx1qpacwIHmlG,hercegno,KAPCSOLAT_HERCEG_FELESEG
d7QNG1DWNJdasfDIeRmdGvEIgJBM,hercegno,KAPCSOLAT_HERCEG_PAR
d7QNG1DWNJdasfDIeRmdGvEIgJBM,hercegno,KAPCSOLAT_HERCEG_PAR
8H7wVsJ31BN7WW6cJBe3DWB7ZJO9,citrom,KAPCSOLAT_INNIVALO_SZEL
2mf1pytEKj8RM8in6MbEzrMBMAX1,gomba,KAPCSOLAT_ISKOLA_FELISMERES
2mf1pytEKj8RM8in6MbEzrMBMAX1,lab,KAPCSOLAT_KAR_ALATT
46yfoWhTy2iS3zBBIKYeTkITLWIt,hercegno,KAPCSOLAT_KIRALY_APUKA
46yfoWhTy2iS3zBBIKYeTkITLWIt,hercegno,KAPCSOLAT_KIRALY_APUKA
XUQR36tyWgppAe5zdMBRy1MXndde,hercegno,KAPCSOLAT_KIRALY_FELESEG
bXeBh3j0gOGpCmEt68bY2NjVKwZS,hercegno,KAPCSOLAT_KIRALY_FELESEG
i9zlLDQ6SJh1P1fER1TKU6Wqq2qA,hercegno,KAPCSOLAT_KIRALY_FELESEG
i9zlLDQ6SJh1P1fER1TKU6Wqq2qA,hercegno,KAPCSOLAT_KIRALY_FELESEGE
WukuItBR0pKip9BVBEXWLXAS465F,hercegno,KAPCSOLAT_KIRALY_FERJ
WukuItBR0pKip9BVBEXWLXAS465F,hercegno,KAPCSOLAT_KIRALY_FERJ
hMhC4E5GeWS1zabc77OKHtfz529F,hercegno,KAPCSOLAT_KIRALY_LANY
sTZywlkMZzaRE7Uqx1qpacwIHmlG,hercegno,KAPCSOLAT_KIRALY_LANY
bXeBh3j0gOGpCmEt68bY2NjVKwZS,hercegno,KAPCSOLAT_KIRALY_LANYA
hMhC4E5GeWS1zabc77OKHtfz529F,hercegno,KAPCSOLAT_KIRALY_LANYA
bXeBh3j0gOGpCmEt68bY2NjVKwZS,hercegno,KAPCSOLAT_KIRALY_TARS
46yfoWhTy2iS3zBBIKYeTkITLWIt,hercegno,KAPCSOLAT_KIRALYNO_ANYUKA
2mf1pytEKj8RM8in6MbEzrMBMAX1,hercegno,KAPCSOLAT_KIRALYNO_LANY
bXeBh3j0gOGpCmEt68bY2NjVKwZS,hercegno,KAPCSOLAT_KIRALYNO_LANYA
2mf1pytEKj8RM8in6MbEzrMBMAX1,pulover,KAPCSOLAT_LAB_FELETT
HM7nhqdiyPmEZCyAkPB440Ok3wSG,citrom,KAPCSOLAT_LIME_ROKON
YsgVSf2DRAuoIzG4hcEwSpkPiPJQ,helikopter,KAPCSOLAT_MOTORCSONAK_ALATT
ZE4Vso19ws4GQBEbRlAx3gqRf2Ql,vonat,KAPCSOLAT_MUNKA_PENZ
HM7nhqdiyPmEZCyAkPB440Ok3wSG,citrom,KAPCSOLAT_NARANCS_ROKON
WukuItBR0pKip9BVBEXWLXAS465F,szem,KAPCSOLAT_ORR_FELETT
8H7wVsJ31BN7WW6cJBe3DWB7ZJO9,citrom,KAPCSOLAT_ONTET_TARS
J8IzRk7DYymlKgV6sF7Umb2Wf8kh,jatszoter,KAPCSOLAT_PANELHAZ_KOZOTT
ve2UV1qBXwAErAfwa7CBZvAjwxAb,pulover,KAPCSOLAT_POLO_ALATT
HM7nhqdiyPmEZCyAkPB440Ok3wSG,citrom,KAPCSOLAT_POMELO_ROKON
gkE2DF9rjk40Tdxikha0B9r2yMvP,nadrag,KAPCSOLAT_POPSI_FELETT
aCY8Po3E02wrI4Rrdzzxu9aTgdc7,kacsa,KAPCSOLAT_TAVACSKA_MELLETT
d7QNG1DWNJdasfDIeRmdGvEIgJBM,lab,KAPCSOLAT_TEST_ALATT
0ayEKzKAhgI7kLaya0CVdQ0WaTdh,gyerek,KAPCSOLAT_TEVE_ELOTT
46yfoWhTy2iS3zBBIKYeTkITLWIt,erdo,KAPCSOLAT_TISZTAS_KOZEL
aCY8Po3E02wrI4Rrdzzxu9aTgdc7,kacsa,KAPCSOLAT_TO_MELLETT
HM7nhqdiyPmEZCyAkPB440Ok3wSG,ceruza,KAPCSOLAT_TOLL_ROKON
0ayEKzKAhgI7kLaya0CVdQ0WaTdh,nadrag,KAPCSOLAT_TOK_FELETT
WukuItBR0pKip9BVBEXWLXAS465F,jatszoter,KAPCSOLAT_UT_MELLETT
HM7nhqdiyPmEZCyAkPB440Ok3wSG,citrom,KAPCSOLAT_VERNARANCS_ROKON
Z5DTSVEQk3FtNUWlQHkHPAEBPtsT,asztal,KAPCSOLAT_VIRAG_RAJTA
bXeBh3j0gOGpCmEt68bY2NjVKwZS,kacsa,KAPCSOLAT_VIZ_ALATT
hyQXyqpwb1eEKNKe7KdXNP9whDUd,kez,KAR_RESZE
jBpNE83rvgjtcjB4lQzfTlkuifEs,kez,KAR_RESZE
sTZywlkMZzaRE7Uqx1qpacwIHmlG,helikopter,KATONA_AKCIO
cR7z9posZ25xSjb6z7sagHS235vn,cipo,KET_CIPO
gZUIZf0CyPQa4w9Wggvx5cJkQ4C2,citrom,KET_CSUCSOK
ZE4Vso19ws4GQBEbRlAx3gqRf2Ql,kard,KET_EGYENES
ZE4Vso19ws4GQBEbRlAx3gqRf2Ql,bab,KET_FELKOR
2mf1pytEKj8RM8in6MbEzrMBMAX1,pulover,KET_KAR
vu240s5N1IMDtgWR79UZHs2w0H6C,kez,KET_KEZ
DL3j5JV4aiCT3r9LNq9fctuLkefs,gyerek,KET_KEZ
cR7z9posZ25xSjb6z7sagHS235vn,gyerek,KET_KEZ
pcKzkYgCUpVc1YGsfcG9cuHwhIFq,gyerek,KET_KEZ
hMhC4E5GeWS1zabc77OKHtfz529F,alma,KET_KORSZERUSEG
J8IzRk7DYymlKgV6sF7Umb2Wf8kh,kacsa,KET_LAB
bXeBh3j0gOGpCmEt68bY2NjVKwZS,kacsa,KET_LAB
hLKflzDgIt1d1kkYiBgtD6Ildzca,kacsa,KET_LAB
Z5DTSVEQk3FtNUWlQHkHPAEBPtsT,lab,KET_LAB
d7QNG1DWNJdasfDIeRmdGvEIgJBM,lab,KET_LAB
n8i5leQlntXz4XoA2JVGiOB0X0nS,lab,KET_LAB
WukuItBR0pKip9BVBEXWLXAS465F,nadrag,KET_LAB
DL3j5JV4aiCT3r9LNq9fctuLkefs,gyerek,KET_LAB
cR7z9posZ25xSjb6z7sagHS235vn,gyerek,KET_LAB
pcKzkYgCUpVc1YGsfcG9cuHwhIFq,gyerek,KET_LAB
Z5DTSVEQk3FtNUWlQHkHPAEBPtsT,lab,KET_LBETU
8H7wVsJ31BN7WW6cJBe3DWB7ZJO9,lo,KET_LYUK
gwTxL0T8HQFlooQEgkqQvBG4rHtl,alma,KET_MAG
XUQR36tyWgppAe5zdMBRy1MXndde,helikopter,KET_METER
Vi4tvYPaMpHrJtchbz4qPsufSAd3,konyv,KET_NEGYZET
8H7wVsJ31BN7WW6cJBe3DWB7ZJO9,citrom,KET_OLDAL
8H7wVsJ31BN7WW6cJBe3DWB7ZJO9,helikopter,KET_PROPELLER
hMhC4E5GeWS1zabc77OKHtfz529F,helikopter,KET_PROPELLER
TuiyHopNE0Ns45VopNY0umEgHnon,citrom,KET_PUP
2mf1pytEKj8RM8in6MbEzrMBMAX1,vonat,KET_RESZE
Vi4tvYPaMpHrJtchbz4qPsufSAd3,nadrag,KET_SZAR
WukuItBR0pKip9BVBEXWLXAS465F,nadrag,KET_SZAR
pB2ZvSU9uIZYrVmru0V6dzKTR2AW,nadrag,KET_SZAR
bXeBh3j0gOGpCmEt68bY2NjVKwZS,kacsa,KET_SZARNY
hMhC4E5GeWS1zabc77OKHtfz529F,helikopter,KET_SZEK
8H7wVsJ31BN7WW6cJBe3DWB7ZJO9,lo,KET_SZEM
8H7wVsJ31BN7WW6cJBe3DWB7ZJO9,szem,KET_SZEM
DL3j5JV4aiCT3r9LNq9fctuLkefs,szem,KET_SZEM
pB2ZvSU9uIZYrVmru0V6dzKTR2AW,lo,KET_SZEMELYES
XoMV4gJmAWW8fvZJRlQJoaciIPFJ,helikopter,KET_SZEMELYES
XUQR36tyWgppAe5zdMBRy1MXndde,helikopter,KET_TALPACSKA
hLKflzDgIt1d1kkYiBgtD6Ildzca,kacsa,KET_TOLL
2mf1pytEKj8RM8in6MbEzrMBMAX1,vonat,KET_UVEG
HM7nhqdiyPmEZCyAkPB440Ok3wSG,citrom,KET_VEG
bXeBh3j0gOGpCmEt68bY2NjVKwZS,ceruza,KET_VEG
gZUIZf0CyPQa4w9Wggvx5cJkQ4C2,ceruza,KET_VEG
cR7z9posZ25xSjb6z7sagHS235vn,auto,KET_VISSZAPILLANTO
pcKzkYgCUpVc1YGsfcG9cuHwhIFq,gyerek,KI_ANYUKA
LDiQ49hqAeKCaIZiU4yXQEO9tTmv,sepru,KI_ANYUKA
n8i5leQlntXz4XoA2JVGiOB0X0nS,sepru,KI_ANYUKA
n8i5leQlntXz4XoA2JVGiOB0X0nS,sepru,KI_ANYUKA
WukuItBR0pKip9BVBEXWLXAS465F,sepru,KI_ARUS
2mf1pytEKj8RM8in6MbEzrMBMAX1,lab,KI_ASZTAL
2mf1pytEKj8RM8in6MbEzrMBMAX1,lab,KI_ASZTAL
HM7nhqdiyPmEZCyAkPB440Ok3wSG,asztal,KI_ASZTALOS
n8i5leQlntXz4XoA2JVGiOB0X0nS,sepru,KI_BANYA
TuiyHopNE0Ns45VopNY0umEgHnon,sepru,KI_BARAT
LDiQ49hqAeKCaIZiU4yXQEO9tTmv,sepru,KI_BOSZORKANY
LDiQ49hqAeKCaIZiU4yXQEO9tTmv,sepru,KI_BOSZORKANY
TuiyHopNE0Ns45VopNY0umEgHnon,sepru,KI_BOSZORKANY
TuiyHopNE0Ns45VopNY0umEgHnon,sepru,KI_CSALADTAG
d7QNG1DWNJdasfDIeRmdGvEIgJBM,lab,KI_ELOLENY
ioDhrsJV22Fym2kwi0Enu6L7qMoB,lab,KI_ELOLENY
8H7wVsJ31BN7WW6cJBe3DWB7ZJO9,szem,KI_EMBER
DL3j5JV4aiCT3r9LNq9fctuLkefs,szem,KI_EMBER
kudJQ7AAOK0KetYJYKSTcQ60xJre,szem,KI_EMBER
pB2ZvSU9uIZYrVmru0V6dzKTR2AW,szem,KI_EMBER
bJxnk1ZvF1GBnye0bYpBFGuOIcsJ,kez,KI_EMBER
wChCSZMZUV5HgFOPQqYJsHLy8yej,kez,KI_EMBER
Z5DTSVEQk3FtNUWlQHkHPAEBPtsT,lab,KI_EMBER
n8i5leQlntXz4XoA2JVGiOB0X0nS,lab,KI_EMBER
ve2UV1qBXwAErAfwa7CBZvAjwxAb,lab,KI_EMBER
hMhC4E5GeWS1zabc77OKHtfz529F,kutya,KI_EMBER
WukuItBR0pKip9BVBEXWLXAS465F,nadrag,KI_EMBER
Z5DTSVEQk3FtNUWlQHkHPAEBPtsT,nadrag,KI_EMBER
bXeBh3j0gOGpCmEt68bY2NjVKwZS,cipo,KI_EMBER
gZUIZf0CyPQa4w9Wggvx5cJkQ4C2,cipo,KI_EMBER
ve2UV1qBXwAErAfwa7CBZvAjwxAb,pulover,KI_EMBER
ve2UV1qBXwAErAfwa7CBZvAjwxAb,pulover,KI_EMBER
YsgVSf2DRAuoIzG4hcEwSpkPiPJQ,eper,KI_EMBER
wChCSZMZUV5HgFOPQqYJsHLy8yej,ceruza,KI_EMBER
YsgVSf2DRAuoIzG4hcEwSpkPiPJQ,konyv,KI_EMBER
8H7wVsJ31BN7WW6cJBe3DWB7ZJO9,szem,KI_FELHO
YsgVSf2DRAuoIzG4hcEwSpkPiPJQ,nadrag,KI_FIU
Z5DTSVEQk3FtNUWlQHkHPAEBPtsT,nadrag,KI_FIU
fsUjgv5bHGSiLIc56gAiaFH0Eodm,kutya,KI_GAZDA
cKkzcqwwIFXF6u0LdJBUTL1a4td2,nadrag,KI_GYEREK
cR7z9posZ25xSjb6z7sagHS235vn,cipo,KI_GYEREK
d7QNG1DWNJdasfDIeRmdGvEIgJBM,jatszoter,KI_GYEREK
n8i5leQlntXz4XoA2JVGiOB0X0nS,nappali,KI_GYEREK
n8i5leQlntXz4XoA2JVGiOB0X0nS,sepru,KI_GYEREK
Z5DTSVEQk3FtNUWlQHkHPAEBPtsT,ceruza,KI_GYEREK
8H7wVsJ31BN7WW6cJBe3DWB7ZJO9,konyv,KI_GYEREK
8H7wVsJ31BN7WW6cJBe3DWB7ZJO9,konyv,KI_GYEREK
gwTxL0T8HQFlooQEgkqQvBG4rHtl,konyv,KI_GYEREK
bJxnk1ZvF1GBnye0bYpBFGuOIcsJ,kard,KI_HARCOS
8H7wVsJ31BN7WW6cJBe3DWB7ZJO9,szem,KI_HAZ
aCY8Po3E02wrI4Rrdzzxu9aTgdc7,kard,KI_KATONA
ioDhrsJV22Fym2kwi0Enu6L7qMoB,szonyeg,KI_KIRALY
aCY8Po3E02wrI4Rrdzzxu9aTgdc7,kard,KI_KIRALY
b6lgi9tN1sInFmZy2YsPCSjxaQID,kard,KI_KOVACS
gDJxpFMvaIHBGwkBz6Z9Z5E6rqeQ,kard,KI_KOVACS
ioDhrsJV22Fym2kwi0Enu6L7qMoB,lab,KI_KUTYA
8H7wVsJ31BN7WW6cJBe3DWB7ZJO9,pulover,KI_KUTYA
b6lgi9tN1sInFmZy2YsPCSjxaQID,kard,KI_LOVAG
XoMV4gJmAWW8fvZJRlQJoaciIPFJ,helikopter,KI_MENTO
Z5DTSVEQk3FtNUWlQHkHPAEBPtsT,helikopter,KI_ORVOS
hMhC4E5GeWS1zabc77OKHtfz529F,helikopter,KI_ORVOS
kudJQ7AAOK0KetYJYKSTcQ60xJre,konyv,KI_SZERZO
8H7wVsJ31BN7WW6cJBe3DWB7ZJO9,gyerek,KI_SZULO
bJxnk1ZvF1GBnye0bYpBFGuOIcsJ,sepru,KI_TAKARITO
hyQXyqpwb1eEKNKe7KdXNP9whDUd,sepru,KI_TAKARITO
sTZywlkMZzaRE7Uqx1qpacwIHmlG,sepru,KI_TAKARITO
sTZywlkMZzaRE7Uqx1qpacwIHmlG,sepru,KI_TAKARITO
TuiyHopNE0Ns45VopNY0umEgHnon,sepru,KI_TAKARITONO
XWItECLFYo8VG5SskW9iQPJI7pRA,sepru,KI_TAKARITONO
NcVfp49U0WugaYJkv4r2Y3PXc7cn,lo,KISCSIKO_KI
gZUIZf0CyPQa4w9Wggvx5cJkQ4C2,jatszoter,KISGYEREK_AKCIO
J8IzRk7DYymlKgV6sF7Umb2Wf8kh,tuzolto,KOCSI_KI
NcVfp49U0WugaYJkv4r2Y3PXc7cn,tuzolto,KOCSI_KI
gDJxpFMvaIHBGwkBz6Z9Z5E6rqeQ,tuzolto,KOCSI_KI
gwTxL0T8HQFlooQEgkqQvBG4rHtl,tuzolto,KOCSI_KI
kudJQ7AAOK0KetYJYKSTcQ60xJre,tuzolto,KOCSI_KI
2mf1pytEKj8RM8in6MbEzrMBMAX1,hercegno,KORONA_KI
46yfoWhTy2iS3zBBIKYeTkITLWIt,hercegno,KORONA_KI
WukuItBR0pKip9BVBEXWLXAS465F,hercegno,KORONA_KI
WukuItBR0pKip9BVBEXWLXAS465F,hercegno,KORONA_KI
bJxnk1ZvF1GBnye0bYpBFGuOIcsJ,hercegno,KORONA_KI
bXeBh3j0gOGpCmEt68bY2NjVKwZS,hercegno,KORONA_KI
gZUIZf0CyPQa4w9Wggvx5cJkQ4C2,hercegno,KORONA_KI
i9zlLDQ6SJh1P1fER1TKU6Wqq2qA,hercegno,KORONA_KI
pB2ZvSU9uIZYrVmru0V6dzKTR2AW,hercegno,KORONA_KI
sTZywlkMZzaRE7Uqx1qpacwIHmlG,hercegno,KORONA_KI
vu240s5N1IMDtgWR79UZHs2w0H6C,hercegno,KORONA_KI
vu240s5N1IMDtgWR79UZHs2w0H6C,hercegno,KORONA_KI
gZUIZf0CyPQa4w9Wggvx5cJkQ4C2,hercegno,KOFAL_AKCIO
sTZywlkMZzaRE7Uqx1qpacwIHmlG,kez,KONYOK_AKCIO
8H7wVsJ31BN7WW6cJBe3DWB7ZJO9,krumpli,KUTYA_FOGYASZT
8H7wVsJ31BN7WW6cJBe3DWB7ZJO9,szem,KUTYA_RESZE
ioDhrsJV22Fym2kwi0Enu6L7qMoB,szonyeg,LAB_AKCIO
TuiyHopNE0Ns45VopNY0umEgHnon,cipo,LABUJJ_AKCIO
kudJQ7AAOK0KetYJYKSTcQ60xJre,tuzolto,LANCFURESZ_KI
kudJQ7AAOK0KetYJYKSTcQ60xJre,tuzolto,LEGZOPALACK_KI
XoMV4gJmAWW8fvZJRlQJoaciIPFJ,citrom,LEHET_AD
Z5DTSVEQk3FtNUWlQHkHPAEBPtsT,asztal,LEHET_AKASZT
2GQsh4qTCle4fioT2ib8QrWmurRt,lab,LEHET_ALL
2mf1pytEKj8RM8in6MbEzrMBMAX1,lab,LEHET_ALL
fsUjgv5bHGSiLIc56gAiaFH0Eodm,lab,LEHET_ALL
cKkzcqwwIFXF6u0LdJBUTL1a4td2,szonyeg,LEHET_ALL
gwTxL0T8HQFlooQEgkqQvBG4rHtl,szem,LEHET_ALSZIK
cR7z9posZ25xSjb6z7sagHS235vn,nappali,LEHET_ALSZIK
8H7wVsJ31BN7WW6cJBe3DWB7ZJO9,gyerek,LEHET_ALSZIK
YsgVSf2DRAuoIzG4hcEwSpkPiPJQ,szonyeg,LEHET_ALSZIK
8H7wVsJ31BN7WW6cJBe3DWB7ZJO9,pulover,LEHET_ARUL
8H7wVsJ31BN7WW6cJBe3DWB7ZJO9,asztal,LEHET_ARUL
LDiQ49hqAeKCaIZiU4yXQEO9tTmv,szem,LEHET_BANDZSIT
LDiQ49hqAeKCaIZiU4yXQEO9tTmv,szem,LEHET_BANDZSIT
LDiQ49hqAeKCaIZiU4yXQEO9tTmv,jatszoter,LEHET_BARATKOZIK
hMhC4E5GeWS1zabc77OKHtfz529F,jatszoter,LEHET_BARATKOZIK
HM7nhqdiyPmEZCyAkPB440Ok3wSG,jatszoter,LEHET_BASEBALLOZIK
gwTxL0T8HQFlooQEgkqQvBG4rHtl,cipo,LEHET_BEAZIK
DL3j5JV4aiCT3r9LNq9fctuLkefs,szem,LEHET_BECSUK
wChCSZMZUV5HgFOPQqYJsHLy8yej,kez,LEHET_BEDUG
XnQQOJ6n3tTZgUOBj6SEG8VnkkCr,auto,LEHET_BEFER
n8i5leQlntXz4XoA2JVGiOB0X0nS,cipo,LEHET_BEKOT
bJxnk1ZvF1GBnye0bYpBFGuOIcsJ,kard,LEHET_BELEALLIT
gwTxL0T8HQFlooQEgkqQvBG4rHtl,erdo,LEHET_BELECSAP
WukuItBR0pKip9BVBEXWLXAS465F,nadrag,LEHET_BELEDUG
2GQsh4qTCle4fioT2ib8QrWmurRt,nadrag,LEHET_BELEDUG_IND
gwTxL0T8HQFlooQEgkqQvBG4rHtl,cipo,LEHET_BELELEP
pB2ZvSU9uIZYrVmru0V6dzKTR2AW,hercegno,LEHET_BELERAK
pcKzkYgCUpVc1YGsfcG9cuHwhIFq,sepru,LEHET_BELESEPER_IND
XWItECLFYo8VG5SskW9iQPJI7pRA,krumpli,LEHET_BELETESZ
gwTxL0T8HQFlooQEgkqQvBG4rHtl,krumpli,LEHET_BELETESZ
WukuItBR0pKip9BVBEXWLXAS465F,helikopter,LEHET_BELEUL
hMhC4E5GeWS1zabc77OKHtfz529F,kard,LEHET_BELEVAG
2mf1pytEKj8RM8in6MbEzrMBMAX1,erdo,LEHET_BENO
hMhC4E5GeWS1zabc77OKHtfz529F,alma,LEHET_BERAK
sTZywlkMZzaRE7Uqx1qpacwIHmlG,konyv,LEHET_BEREL
LDiQ49hqAeKCaIZiU4yXQEO9tTmv,bab,LEHET_BETEKER
Z5DTSVEQk3FtNUWlQHkHPAEBPtsT,nadrag,LEHET_BETESZ
gZUIZf0CyPQa4w9Wggvx5cJkQ4C2,citrom,LEHET_BEVESZ
hMhC4E5GeWS1zabc77OKHtfz529F,jatszoter,LEHET_BEVISZ
ve2UV1qBXwAErAfwa7CBZvAjwxAb,lab,LEHET_BORIT
2mf1pytEKj8RM8in6MbEzrMBMAX1,konyv,LEHET_BORIT
2GQsh4qTCle4fioT2ib8QrWmurRt,nappali,LEHET_BUJOCSKAZIK
TuiyHopNE0Ns45VopNY0umEgHnon,cipo,LEHET_BUJT
TuiyHopNE0Ns45VopNY0umEgHnon,cipo,LEHET_BUJT_IND
YsgVSf2DRAuoIzG4hcEwSpkPiPJQ,lab,LEHET_BUKFENCEZ
YsgVSf2DRAuoIzG4hcEwSpkPiPJQ,lab,LEHET_CIGANYKEREKEZIK
2mf1pytEKj8RM8in6MbEzrMBMAX1,eper,LEHET_CSALOGAT
DL3j5JV4aiCT3r9LNq9fctuLkefs,helikopter,LEHET_CSATOL_IND
sTZywlkMZzaRE7Uqx1qpacwIHmlG,kez,LEHET_CSINAL
XnQQOJ6n3tTZgUOBj6SEG8VnkkCr,citrom,LEHET_CSINAL
2GQsh4qTCle4fioT2ib8QrWmurRt,eper,LEHET_CSINAL
2GQsh4qTCle4fioT2ib8QrWmurRt,eper,LEHET_CSINAL
hLKflzDgIt1d1kkYiBgtD6Ildzca,nappali,LEHET_CSINAL
0ayEKzKAhgI7kLaya0CVdQ0WaTdh,krumpli,LEHET_CSINAL
2GQsh4qTCle4fioT2ib8QrWmurRt,bab,LEHET_CSINAL
2GQsh4qTCle4fioT2ib8QrWmurRt,bab,LEHET_CSINAL
ZE4Vso19ws4GQBEbRlAx3gqRf2Ql,bab,LEHET_CSINAL
hMhC4E5GeWS1zabc77OKHtfz529F,asztal,LEHET_CSINAL
XoMV4gJmAWW8fvZJRlQJoaciIPFJ,szem,LEHET_CSUKODIK
0ayEKzKAhgI7kLaya0CVdQ0WaTdh,jatszoter,LEHET_CSUSZDAZIK
HM7nhqdiyPmEZCyAkPB440Ok3wSG,jatszoter,LEHET_CSUSZDAZIK
gZUIZf0CyPQa4w9Wggvx5cJkQ4C2,jatszoter,LEHET_CSUSZDAZIK
2mf1pytEKj8RM8in6MbEzrMBMAX1,erdo,LEHET_CSUSZIK
bJxnk1ZvF1GBnye0bYpBFGuOIcsJ,kez,LEHET_DOB
0ayEKzKAhgI7kLaya0CVdQ0WaTdh,krumpli,LEHET_DOBAL
pB2ZvSU9uIZYrVmru0V6dzKTR2AW,ceruza,LEHET_DOBAL
8H7wVsJ31BN7WW6cJBe3DWB7ZJO9,konyv,LEHET_DOL
2mf1pytEKj8RM8in6MbEzrMBMAX1,pulover,LEHET_DUG_IND
2mf1pytEKj8RM8in6MbEzrMBMAX1,asztal,LEHET_EBEDEL
hMhC4E5GeWS1zabc77OKHtfz529F,asztal,LEHET_EBEDEL
0ayEKzKAhgI7kLaya0CVdQ0WaTdh,jatszoter,LEHET_EDZ
HM7nhqdiyPmEZCyAkPB440Ok3wSG,jatszoter,LEHET_EGYUTTMUKODIK
J8IzRk7DYymlKgV6sF7Umb2Wf8kh,tuzolto,LEHET_ELENGED
pcKzkYgCUpVc1YGsfcG9cuHwhIFq,auto,LEHET_ELFER
J8IzRk7DYymlKgV6sF7Umb2Wf8kh,vonat,LEHET_ELFOGY_IND
ve2UV1qBXwAErAfwa7CBZvAjwxAb,lab,LEHET_ELJUT
Z5DTSVEQk3FtNUWlQHkHPAEBPtsT,erdo,LEHET_ELMEGY
aCY8Po3E02wrI4Rrdzzxu9aTgdc7,gomba,LEHET_ELNEVEZ
bXeBh3j0gOGpCmEt68bY2NjVKwZS,hercegno,LEHET_ELNYER
d7QNG1DWNJdasfDIeRmdGvEIgJBM,konyv,LEHET_ELOLVAS
pcKzkYgCUpVc1YGsfcG9cuHwhIFq,konyv,LEHET_ELOLVAS
hMhC4E5GeWS1zabc77OKHtfz529F,alma,LEHET_ELRAG
pB2ZvSU9uIZYrVmru0V6dzKTR2AW,sepru,LEHET_ELRAK
bXeBh3j0gOGpCmEt68bY2NjVKwZS,helikopter,LEHET_ELSZEDUL
wChCSZMZUV5HgFOPQqYJsHLy8yej,pulover,LEHET_ELTESZ
2mf1pytEKj8RM8in6MbEzrMBMAX1,erdo,LEHET_ELTEVED
LDiQ49hqAeKCaIZiU4yXQEO9tTmv,ceruza,LEHET_ELTOR
wChCSZMZUV5HgFOPQqYJsHLy8yej,helikopter,LEHET_ELUTAZIK
Vi4tvYPaMpHrJtchbz4qPsufSAd3,eper,LEHET_ELULTET
LDiQ49hqAeKCaIZiU4yXQEO9tTmv,bab,LEHET_ELULTET
bXeBh3j0gOGpCmEt68bY2NjVKwZS,hercegno,LEHET_ELVESZ
gZUIZf0CyPQa4w9Wggvx5cJkQ4C2,asztal,LEHET_EPIT
fsUjgv5bHGSiLIc56gAiaFH0Eodm,auto,LEHET_EPIT
ve2UV1qBXwAErAfwa7CBZvAjwxAb,tuzolto,LEHET_ERT
46yfoWhTy2iS3zBBIKYeTkITLWIt,szem,LEHET_ERZEKEL
XoMV4gJmAWW8fvZJRlQJoaciIPFJ,konyv,LEHET_ESIK
bJxnk1ZvF1GBnye0bYpBFGuOIcsJ,kez,LEHET_ESZIK
cKkzcqwwIFXF6u0LdJBUTL1a4td2,kez,LEHET_ESZIK
46yfoWhTy2iS3zBBIKYeTkITLWIt,alma,LEHET_ESZIK
WukuItBR0pKip9BVBEXWLXAS465F,alma,LEHET_ESZIK
gkE2DF9rjk40Tdxikha0B9r2yMvP,alma,LEHET_ESZIK
jBpNE83rvgjtcjB4lQzfTlkuifEs,alma,LEHET_ESZIK
pcKzkYgCUpVc1YGsfcG9cuHwhIFq,alma,LEHET_ESZIK
wChCSZMZUV5HgFOPQqYJsHLy8yej,alma,LEHET_ESZIK
8H7wVsJ31BN7WW6cJBe3DWB7ZJO9,citrom,LEHET_ESZIK
DL3j5JV4aiCT3r9LNq9fctuLkefs,citrom,LEHET_ESZIK
NcVfp49U0WugaYJkv4r2Y3PXc7cn,citrom,LEHET_ESZIK
fsUjgv5bHGSiLIc56gAiaFH0Eodm,citrom,LEHET_ESZIK
gZUIZf0CyPQa4w9Wggvx5cJkQ4C2,citrom,LEHET_ESZIK
hyQXyqpwb1eEKNKe7KdXNP9whDUd,citrom,LEHET_ESZIK
vu240s5N1IMDtgWR79UZHs2w0H6C,citrom,LEHET_ESZIK
2GQsh4qTCle4fioT2ib8QrWmurRt,eper,LEHET_ESZIK
2mf1pytEKj8RM8in6MbEzrMBMAX1,eper,LEHET_ESZIK
YsgVSf2DRAuoIzG4hcEwSpkPiPJQ,eper,LEHET_ESZIK
ZE4Vso19ws4GQBEbRlAx3gqRf2Ql,eper,LEHET_ESZIK
bJxnk1ZvF1GBnye0bYpBFGuOIcsJ,eper,LEHET_ESZIK
bXeBh3j0gOGpCmEt68bY2NjVKwZS,eper,LEHET_ESZIK
cKkzcqwwIFXF6u0LdJBUTL1a4td2,eper,LEHET_ESZIK
cKkzcqwwIFXF6u0LdJBUTL1a4td2,eper,LEHET_ESZIK
kudJQ7AAOK0KetYJYKSTcQ60xJre,eper,LEHET_ESZIK
sTZywlkMZzaRE7Uqx1qpacwIHmlG,eper,LEHET_ESZIK
ve2UV1qBXwAErAfwa7CBZvAjwxAb,eper,LEHET_ESZIK
46yfoWhTy2iS3zBBIKYeTkITLWIt,gomba,LEHET_ESZIK
D8xwtXbTVptiRPXifIgUyGioQIkY,gomba,LEHET_ESZIK
DL3j5JV4aiCT3r9LNq9fctuLkefs,gomba,LEHET_ESZIK
DL3j5JV4aiCT3r9LNq9fctuLkefs,gomba,LEHET_ESZIK
XoMV4gJmAWW8fvZJRlQJoaciIPFJ,gomba,LEHET_ESZIK
YsgVSf2DRAuoIzG4hcEwSpkPiPJQ,gomba,LEHET_ESZIK
d7QNG1DWNJdasfDIeRmdGvEIgJBM,gomba,LEHET_ESZIK
gDJxpFMvaIHBGwkBz6Z9Z5E6rqeQ,gomba,LEHET_ESZIK
gDJxpFMvaIHBGwkBz6Z9Z5E6rqeQ,gomba,LEHET_ESZIK
pB2ZvSU9uIZYrVmru0V6dzKTR2AW,gomba,LEHET_ESZIK
sTZywlkMZzaRE7Uqx1qpacwIHmlG,gomba,LEHET_ESZIK
sTZywlkMZzaRE7Uqx1qpacwIHmlG,gomba,LEHET_ESZIK
wChCSZMZUV5HgFOPQqYJsHLy8yej,gomba,LEHET_ESZIK
wChCSZMZUV5HgFOPQqYJsHLy8yej,gomba,LEHET_ESZIK
8H7wVsJ31BN7WW6cJBe3DWB7ZJO9,krumpli,LEHET_ESZIK
HM7nhqdiyPmEZCyAkPB440Ok3wSG,krumpli,LEHET_ESZIK
NcVfp49U0WugaYJkv4r2Y3PXc7cn,krumpli,LEHET_ESZIK
XWItECLFYo8VG5SskW9iQPJI7pRA,krumpli,LEHET_ESZIK
b6lgi9tN1sInFmZy2YsPCSjxaQID,krumpli,LEHET_ESZIK
b6lgi9tN1sInFmZy2YsPCSjxaQID,krumpli,LEHET_ESZIK
bXeBh3j0gOGpCmEt68bY2NjVKwZS,krumpli,LEHET_ESZIK
bXeBh3j0gOGpCmEt68bY2NjVKwZS,krumpli,LEHET_ESZIK
bXeBh3j0gOGpCmEt68bY2NjVKwZS,krumpli,LEHET_ESZIK
cKkzcqwwIFXF6u0LdJBUTL1a4td2,krumpli,LEHET_ESZIK
cR7z9posZ25xSjb6z7sagHS235vn,krumpli,LEHET_ESZIK
hyQXyqpwb1eEKNKe7KdXNP9whDUd,krumpli,LEHET_ESZIK
n8i5leQlntXz4XoA2JVGiOB0X0nS,krumpli,LEHET_ESZIK
pcKzkYgCUpVc1YGsfcG9cuHwhIFq,krumpli,LEHET_ESZIK
pcKzkYgCUpVc1YGsfcG9cuHwhIFq,krumpli,LEHET_ESZIK
2GQsh4qTCle4fioT2ib8QrWmurRt,bab,LEHET_ESZIK
LDiQ49hqAeKCaIZiU4yXQEO9tTmv,bab,LEHET_ESZIK
WukuItBR0pKip9BVBEXWLXAS465F,bab,LEHET_ESZIK
Z5DTSVEQk3FtNUWlQHkHPAEBPtsT,bab,LEHET_ESZIK
ZE4Vso19ws4GQBEbRlAx3gqRf2Ql,bab,LEHET_ESZIK
fsUjgv5bHGSiLIc56gAiaFH0Eodm,bab,LEHET_ESZIK
gZUIZf0CyPQa4w9Wggvx5cJkQ4C2,bab,LEHET_ESZIK
gkE2DF9rjk40Tdxikha0B9r2yMvP,bab,LEHET_ESZIK
jBpNE83rvgjtcjB4lQzfTlkuifEs,bab,LEHET_ESZIK
jnjKoAau2JdPFO1Y9PwBO6XlzGha,bab,LEHET_ESZIK
kudJQ7AAOK0KetYJYKSTcQ60xJre,bab,LEHET_ESZIK
2mf1pytEKj8RM8in6MbEzrMBMAX1,asztal,LEHET_ESZIK
HM7nhqdiyPmEZCyAkPB440Ok3wSG,asztal,LEHET_ESZIK
sTZywlkMZzaRE7Uqx1qpacwIHmlG,kutya,LEHET_ESZIK_IND
hMhC4E5GeWS1zabc77OKHtfz529F,asztal,LEHET_ETKEZIK
XoMV4gJmAWW8fvZJRlQJoaciIPFJ,konyv,LEHET_FAJ
ioDhrsJV22Fym2kwi0Enu6L7qMoB,ceruza,LEHET_FARAG
wChCSZMZUV5HgFOPQqYJsHLy8yej,kez,LEHET_FAZIK
kudJQ7AAOK0KetYJYKSTcQ60xJre,konyv,LEHET_FEJLESZT
Vi4tvYPaMpHrJtchbz4qPsufSAd3,szonyeg,LEHET_FEKSZIK
XoMV4gJmAWW8fvZJRlQJoaciIPFJ,szonyeg,LEHET_FEKSZIK
gDJxpFMvaIHBGwkBz6Z9Z5E6rqeQ,szonyeg,LEHET_FEKSZIK
gkE2DF9rjk40Tdxikha0B9r2yMvP,szonyeg,LEHET_FEKSZIK
wChCSZMZUV5HgFOPQqYJsHLy8yej,szonyeg,LEHET_FEKSZIK
TuiyHopNE0Ns45VopNY0umEgHnon,bab,LEHET_FELBESZAKIT
8H7wVsJ31BN7WW6cJBe3DWB7ZJO9,pulover,LEHET_FELHUZ
DL3j5JV4aiCT3r9LNq9fctuLkefs,helikopter,LEHET_FELHUZ
aCY8Po3E02wrI4Rrdzzxu9aTgdc7,kez,LEHET_FELISMER
ZE4Vso19ws4GQBEbRlAx3gqRf2Ql,vonat,LEHET_FELISMER
TuiyHopNE0Ns45VopNY0umEgHnon,sepru,LEHET_FELSEPER
XWItECLFYo8VG5SskW9iQPJI7pRA,sepru,LEHET_FELSOPOR
J8IzRk7DYymlKgV6sF7Umb2Wf8kh,vonat,LEHET_FELSZALL
ZE4Vso19ws4GQBEbRlAx3gqRf2Ql,vonat,LEHET_FELSZALL
WukuItBR0pKip9BVBEXWLXAS465F,sepru,LEHET_FELTAKARIT
gZUIZf0CyPQa4w9Wggvx5cJkQ4C2,cipo,LEHET_FELTOR
bJxnk1ZvF1GBnye0bYpBFGuOIcsJ,kez,LEHET_FELVESZ
YsgVSf2DRAuoIzG4hcEwSpkPiPJQ,lab,LEHET_FELVESZ
ve2UV1qBXwAErAfwa7CBZvAjwxAb,lab,LEHET_FELVESZ
XnQQOJ6n3tTZgUOBj6SEG8VnkkCr,nadrag,LEHET_FELVESZ
YsgVSf2DRAuoIzG4hcEwSpkPiPJQ,nadrag,LEHET_FELVESZ
cKkzcqwwIFXF6u0LdJBUTL1a4td2,nadrag,LEHET_FELVESZ
gkE2DF9rjk40Tdxikha0B9r2yMvP,nadrag,LEHET_FELVESZ
J8IzRk7DYymlKgV6sF7Umb2Wf8kh,cipo,LEHET_FELVESZ
LDiQ49hqAeKCaIZiU4yXQEO9tTmv,cipo,LEHET_FELVESZ
TuiyHopNE0Ns45VopNY0umEgHnon,cipo,LEHET_FELVESZ
bJxnk1ZvF1GBnye0bYpBFGuOIcsJ,cipo,LEHET_FELVESZ
bJxnk1ZvF1GBnye0bYpBFGuOIcsJ,cipo,LEHET_FELVESZ
bXeBh3j0gOGpCmEt68bY2NjVKwZS,cipo,LEHET_FELVESZ
bXeBh3j0gOGpCmEt68bY2NjVKwZS,cipo,LEHET_FELVESZ
jnjKoAau2JdPFO1Y9PwBO6XlzGha,cipo,LEHET_FELVESZ
2mf1pytEKj8RM8in6MbEzrMBMAX1,pulover,LEHET_FELVESZ
XoMV4gJmAWW8fvZJRlQJoaciIPFJ,pulover,LEHET_FELVESZ
pcKzkYgCUpVc1YGsfcG9cuHwhIFq,pulover,LEHET_FELVESZ
ve2UV1qBXwAErAfwa7CBZvAjwxAb,pulover,LEHET_FELVESZ
Z5DTSVEQk3FtNUWlQHkHPAEBPtsT,erdo,LEHET_FELVESZ
Z5DTSVEQk3FtNUWlQHkHPAEBPtsT,bab,LEHET_FELVESZ
Vi4tvYPaMpHrJtchbz4qPsufSAd3,jatszoter,LEHET_FELVISZ
Z5DTSVEQk3FtNUWlQHkHPAEBPtsT,erdo,LEHET_FIGYEL
bXeBh3j0gOGpCmEt68bY2NjVKwZS,ceruza,LEHET_FIRKAL
gDJxpFMvaIHBGwkBz6Z9Z5E6rqeQ,lab,LEHET_FOCIZAS
bXeBh3j0gOGpCmEt68bY2NjVKwZS,lab,LEHET_FOCIZIK
J8IzRk7DYymlKgV6sF7Umb2Wf8kh,cipo,LEHET_FOCIZIK
gDJxpFMvaIHBGwkBz6Z9Z5E6rqeQ,jatszoter,LEHET_FOCIZIK
ZE4Vso19ws4GQBEbRlAx3gqRf2Ql,kez,LEHET_FOG
ZE4Vso19ws4GQBEbRlAx3gqRf2Ql,kez,LEHET_FOG
bJxnk1ZvF1GBnye0bYpBFGuOIcsJ,kez,LEHET_FOG
hyQXyqpwb1eEKNKe7KdXNP9whDUd,kez,LEHET_FOG
jBpNE83rvgjtcjB4lQzfTlkuifEs,kez,LEHET_FOG
wChCSZMZUV5HgFOPQqYJsHLy8yej,kez,LEHET_FOG
wChCSZMZUV5HgFOPQqYJsHLy8yej,ceruza,LEHET_FOG
XWItECLFYo8VG5SskW9iQPJI7pRA,kard,LEHET_FOG
aCY8Po3E02wrI4Rrdzzxu9aTgdc7,kard,LEHET_FOG
n8i5leQlntXz4XoA2JVGiOB0X0nS,kard,LEHET_FOG
n8i5leQlntXz4XoA2JVGiOB0X0nS,kard,LEHET_FOG
NcVfp49U0WugaYJkv4r2Y3PXc7cn,jatszoter,LEHET_FOGOCSKAZIK
gZUIZf0CyPQa4w9Wggvx5cJkQ4C2,jatszoter,LEHET_FOGOCSKAZIK
pB2ZvSU9uIZYrVmru0V6dzKTR2AW,lo,LEHET_FON_IND
aCY8Po3E02wrI4Rrdzzxu9aTgdc7,kez,LEHET_FOLEMEL
8H7wVsJ31BN7WW6cJBe3DWB7ZJO9,krumpli,LEHET_FOLVAG
2GQsh4qTCle4fioT2ib8QrWmurRt,nadrag,LEHET_FOLVESZ
8H7wVsJ31BN7WW6cJBe3DWB7ZJO9,pulover,LEHET_FOLVESZ
wChCSZMZUV5HgFOPQqYJsHLy8yej,pulover,LEHET_FOLVESZ
2mf1pytEKj8RM8in6MbEzrMBMAX1,gomba,LEHET_FOZ
2mf1pytEKj8RM8in6MbEzrMBMAX1,gomba,LEHET_FOZ
XnQQOJ6n3tTZgUOBj6SEG8VnkkCr,gomba,LEHET_FOZ
8H7wVsJ31BN7WW6cJBe3DWB7ZJO9,krumpli,LEHET_FOZ
8H7wVsJ31BN7WW6cJBe3DWB7ZJO9,krumpli,LEHET_FOZ
vu240s5N1IMDtgWR79UZHs2w0H6C,krumpli,LEHET_FOZ
WukuItBR0pKip9BVBEXWLXAS465F,bab,LEHET_FOZ
2mf1pytEKj8RM8in6MbEzrMBMAX1,lab,LEHET_FUT
2mf1pytEKj8RM8in6MbEzrMBMAX1,lab,LEHET_FUT
2mf1pytEKj8RM8in6MbEzrMBMAX1,lab,LEHET_FUT
J8IzRk7DYymlKgV6sF7Umb2Wf8kh,lab,LEHET_FUT
YsgVSf2DRAuoIzG4hcEwSpkPiPJQ,lab,LEHET_FUT
Z5DTSVEQk3FtNUWlQHkHPAEBPtsT,lab,LEHET_FUT
bXeBh3j0gOGpCmEt68bY2NjVKwZS,lab,LEHET_FUT
d7QNG1DWNJdasfDIeRmdGvEIgJBM,lab,LEHET_FUT
fsUjgv5bHGSiLIc56gAiaFH0Eodm,lab,LEHET_FUT
bJxnk1ZvF1GBnye0bYpBFGuOIcsJ,cipo,LEHET_FUT
2GQsh4qTCle4fioT2ib8QrWmurRt,lab,LEHET_FUTKAROZIK
2GQsh4qTCle4fioT2ib8QrWmurRt,nadrag,LEHET_FUTKAROZIK
YsgVSf2DRAuoIzG4hcEwSpkPiPJQ,jatszoter,LEHET_FUTKAROZIK
DL3j5JV4aiCT3r9LNq9fctuLkefs,erdo,LEHET_FUTKAROZIK
gZUIZf0CyPQa4w9Wggvx5cJkQ4C2,bab,LEHET_GORBIT
bXeBh3j0gOGpCmEt68bY2NjVKwZS,erdo,LEHET_GYONYORKODIK
XWItECLFYo8VG5SskW9iQPJI7pRA,erdo,LEHET_GYUJT
Z5DTSVEQk3FtNUWlQHkHPAEBPtsT,nadrag,LEHET_GYURODIK
2mf1pytEKj8RM8in6MbEzrMBMAX1,gomba,LEHET_HAGY
TuiyHopNE0Ns45VopNY0umEgHnon,bab,LEHET_HAJLIT
J8IzRk7DYymlKgV6sF7Umb2Wf8kh,konyv,LEHET_HAJT
2mf1pytEKj8RM8in6MbEzrMBMAX1,erdo,LEHET_HALL_IND
sTZywlkMZzaRE7Uqx1qpacwIHmlG,nappali,LEHET_HALLGAT_IND
HM7nhqdiyPmEZCyAkPB440Ok3wSG,citrom,LEHET_HAMOZ
XWItECLFYo8VG5SskW9iQPJI7pRA,krumpli,LEHET_HAMOZ
pcKzkYgCUpVc1YGsfcG9cuHwhIFq,krumpli,LEHET_HAMOZ
pcKzkYgCUpVc1YGsfcG9cuHwhIFq,krumpli,LEHET_HAMOZ
NcVfp49U0WugaYJkv4r2Y3PXc7cn,kard,LEHET_HARCOL
TuiyHopNE0Ns45VopNY0umEgHnon,kard,LEHET_HARCOL
TuiyHopNE0Ns45VopNY0umEgHnon,kard,LEHET_HARCOL
XnQQOJ6n3tTZgUOBj6SEG8VnkkCr,kard,LEHET_HARCOL
ZE4Vso19ws4GQBEbRlAx3gqRf2Ql,kard,LEHET_HARCOL
bJxnk1ZvF1GBnye0bYpBFGuOIcsJ,kard,LEHET_HARCOL
hMhC4E5GeWS1zabc77OKHtfz529F,kard,LEHET_HARCOL
jnjKoAau2JdPFO1Y9PwBO6XlzGha,kard,LEHET_HARCOL
n8i5leQlntXz4XoA2JVGiOB0X0nS,kard,LEHET_HARCOL
2mf1pytEKj8RM8in6MbEzrMBMAX1,lab,LEHET_HASZNAL
8H7wVsJ31BN7WW6cJBe3DWB7ZJO9,citrom,LEHET_HASZNAL
wChCSZMZUV5HgFOPQqYJsHLy8yej,tuzolto,LEHET_HASZNAL
8H7wVsJ31BN7WW6cJBe3DWB7ZJO9,krumpli,LEHET_HASZNAL
n8i5leQlntXz4XoA2JVGiOB0X0nS,krumpli,LEHET_HASZNAL
LDiQ49hqAeKCaIZiU4yXQEO9tTmv,sepru,LEHET_HASZNAL
sTZywlkMZzaRE7Uqx1qpacwIHmlG,sepru,LEHET_HASZNAL
pcKzkYgCUpVc1YGsfcG9cuHwhIFq,konyv,LEHET_HASZNAL
sTZywlkMZzaRE7Uqx1qpacwIHmlG,konyv,LEHET_HASZNAL
8H7wVsJ31BN7WW6cJBe3DWB7ZJO9,helikopter,LEHET_HASZNAL
sTZywlkMZzaRE7Uqx1qpacwIHmlG,helikopter,LEHET_HASZNAL
wChCSZMZUV5HgFOPQqYJsHLy8yej,helikopter,LEHET_HASZNAL
XnQQOJ6n3tTZgUOBj6SEG8VnkkCr,auto,LEHET_HASZNAL
LDiQ49hqAeKCaIZiU4yXQEO9tTmv,ceruza,LEHET_HEGYEZ
LDiQ49hqAeKCaIZiU4yXQEO9tTmv,ceruza,LEHET_HEGYEZ
WukuItBR0pKip9BVBEXWLXAS465F,ceruza,LEHET_HEGYEZ
XUQR36tyWgppAe5zdMBRy1MXndde,ceruza,LEHET_HEGYEZ
Z5DTSVEQk3FtNUWlQHkHPAEBPtsT,ceruza,LEHET_HEGYEZ
pB2ZvSU9uIZYrVmru0V6dzKTR2AW,ceruza,LEHET_HEGYEZ
wChCSZMZUV5HgFOPQqYJsHLy8yej,ceruza,LEHET_HEGYEZ
aCY8Po3E02wrI4Rrdzzxu9aTgdc7,szonyeg,LEHET_HEMPEREG
HM7nhqdiyPmEZCyAkPB440Ok3wSG,jatszoter,LEHET_HINTAZIK
gZUIZf0CyPQa4w9Wggvx5cJkQ4C2,jatszoter,LEHET_HOMOKOZIK
d7QNG1DWNJdasfDIeRmdGvEIgJBM,nadrag,LEHET_HORD
d7QNG1DWNJdasfDIeRmdGvEIgJBM,nadrag,LEHET_HORD
gkE2DF9rjk40Tdxikha0B9r2yMvP,nadrag,LEHET_HORD
LDiQ49hqAeKCaIZiU4yXQEO9tTmv,cipo,LEHET_HORD
XUQR36tyWgppAe5zdMBRy1MXndde,cipo,LEHET_HORD
cR7z9posZ25xSjb6z7sagHS235vn,cipo,LEHET_HORD
gZUIZf0CyPQa4w9Wggvx5cJkQ4C2,cipo,LEHET_HORD
gZUIZf0CyPQa4w9Wggvx5cJkQ4C2,cipo,LEHET_HORD
gZUIZf0CyPQa4w9Wggvx5cJkQ4C2,cipo,LEHET_HORD
n8i5leQlntXz4XoA2JVGiOB0X0nS,cipo,LEHET_HORD
8H7wVsJ31BN7WW6cJBe3DWB7ZJO9,pulover,LEHET_HORD
NcVfp49U0WugaYJkv4r2Y3PXc7cn,pulover,LEHET_HORD
TuiyHopNE0Ns45VopNY0umEgHnon,gyerek,LEHET_HORD
8H7wVsJ31BN7WW6cJBe3DWB7ZJO9,erdo,LEHET_HORGASZIK
2mf1pytEKj8RM8in6MbEzrMBMAX1,lab,LEHET_HUZ
0ayEKzKAhgI7kLaya0CVdQ0WaTdh,nadrag,LEHET_HUZ
2mf1pytEKj8RM8in6MbEzrMBMAX1,pulover,LEHET_HUZ
46yfoWhTy2iS3zBBIKYeTkITLWIt,pulover,LEHET_HUZ
hMhC4E5GeWS1zabc77OKHtfz529F,krumpli,LEHET_HUZ
wChCSZMZUV5HgFOPQqYJsHLy8yej,kez,LEHET_HUZ_IND
ioDhrsJV22Fym2kwi0Enu6L7qMoB,vonat,LEHET_HUZ_IND
46yfoWhTy2iS3zBBIKYeTkITLWIt,ceruza,LEHET_HUZOGAT
8H7wVsJ31BN7WW6cJBe3DWB7ZJO9,erdo,LEHET_IDOTOLT
LDiQ49hqAeKCaIZiU4yXQEO9tTmv,lo,LEHET_IJASZAT
2mf1pytEKj8RM8in6MbEzrMBMAX1,asztal,LEHET_INAL
i9zlLDQ6SJh1P1fER1TKU6Wqq2qA,kez,LEHET_IR
jnjKoAau2JdPFO1Y9PwBO6XlzGha,gyerek,LEHET_IR
DL3j5JV4aiCT3r9LNq9fctuLkefs,asztal,LEHET_IR
Z5DTSVEQk3FtNUWlQHkHPAEBPtsT,asztal,LEHET_IR
hMhC4E5GeWS1zabc77OKHtfz529F,asztal,LEHET_IR
2GQsh4qTCle4fioT2ib8QrWmurRt,ceruza,LEHET_IR
46yfoWhTy2iS3zBBIKYeTkITLWIt,ceruza,LEHET_IR
LDiQ49hqAeKCaIZiU4yXQEO9tTmv,ceruza,LEHET_IR
LDiQ49hqAeKCaIZiU4yXQEO9tTmv,ceruza,LEHET_IR
Z5DTSVEQk3FtNUWlQHkHPAEBPtsT,ceruza,LEHET_IR
Z5DTSVEQk3FtNUWlQHkHPAEBPtsT,ceruza,LEHET_IR
bXeBh3j0gOGpCmEt68bY2NjVKwZS,ceruza,LEHET_IR
bXeBh3j0gOGpCmEt68bY2NjVKwZS,ceruza,LEHET_IR
bXeBh3j0gOGpCmEt68bY2NjVKwZS,ceruza,LEHET_IR
i9zlLDQ6SJh1P1fER1TKU6Wqq2qA,ceruza,LEHET_IR
ioDhrsJV22Fym2kwi0Enu6L7qMoB,ceruza,LEHET_IR
pB2ZvSU9uIZYrVmru0V6dzKTR2AW,ceruza,LEHET_IR
wChCSZMZUV5HgFOPQqYJsHLy8yej,ceruza,LEHET_IR
wChCSZMZUV5HgFOPQqYJsHLy8yej,ceruza,LEHET_IR
8H7wVsJ31BN7WW6cJBe3DWB7ZJO9,konyv,LEHET_IR
8H7wVsJ31BN7WW6cJBe3DWB7ZJO9,konyv,LEHET_IR
Vi4tvYPaMpHrJtchbz4qPsufSAd3,konyv,LEHET_IR
YsgVSf2DRAuoIzG4hcEwSpkPiPJQ,konyv,LEHET_IR
wChCSZMZUV5HgFOPQqYJsHLy8yej,ceruza,LEHET_IR_IND
D8xwtXbTVptiRPXifIgUyGioQIkY,vonat,LEHET_IRANYIT
LDiQ49hqAeKCaIZiU4yXQEO9tTmv,eper,LEHET_IZLIK
LDiQ49hqAeKCaIZiU4yXQEO9tTmv,lo,LEHET_JAR
HM7nhqdiyPmEZCyAkPB440Ok3wSG,lab,LEHET_JAR
bXeBh3j0gOGpCmEt68bY2NjVKwZS,lab,LEHET_JAR
d7QNG1DWNJdasfDIeRmdGvEIgJBM,lab,LEHET_JAR
d7QNG1DWNJdasfDIeRmdGvEIgJBM,lab,LEHET_JAR
fsUjgv5bHGSiLIc56gAiaFH0Eodm,lab,LEHET_JAR
gDJxpFMvaIHBGwkBz6Z9Z5E6rqeQ,lab,LEHET_JAR
gDJxpFMvaIHBGwkBz6Z9Z5E6rqeQ,lab,LEHET_JAR
gkE2DF9rjk40Tdxikha0B9r2yMvP,lab,LEHET_JAR
pcKzkYgCUpVc1YGsfcG9cuHwhIFq,lab,LEHET_JAR
TuiyHopNE0Ns45VopNY0umEgHnon,cipo,LEHET_JAR
aCY8Po3E02wrI4Rrdzzxu9aTgdc7,cipo,LEHET_JAR
ioDhrsJV22Fym2kwi0Enu6L7qMoB,cipo,LEHET_JAR
n8i5leQlntXz4XoA2JVGiOB0X0nS,cipo,LEHET_JAR
b6lgi9tN1sInFmZy2YsPCSjxaQID,tuzolto,LEHET_JAR
gwTxL0T8HQFlooQEgkqQvBG4rHtl,tuzolto,LEHET_JAR
gkE2DF9rjk40Tdxikha0B9r2yMvP,szonyeg,LEHET_JAR
ve2UV1qBXwAErAfwa7CBZvAjwxAb,kutya,LEHET_JATSZIK
0ayEKzKAhgI7kLaya0CVdQ0WaTdh,szem,LEHET_JATSZIK
sTZywlkMZzaRE7Uqx1qpacwIHmlG,kez,LEHET_JATSZIK
cKkzcqwwIFXF6u0LdJBUTL1a4td2,jatszoter,LEHET_JATSZIK
d7QNG1DWNJdasfDIeRmdGvEIgJBM,jatszoter,LEHET_JATSZIK
hMhC4E5GeWS1zabc77OKHtfz529F,jatszoter,LEHET_JATSZIK
TuiyHopNE0Ns45VopNY0umEgHnon,nappali,LEHET_JATSZIK
TuiyHopNE0Ns45VopNY0umEgHnon,nappali,LEHET_JATSZIK
XnQQOJ6n3tTZgUOBj6SEG8VnkkCr,nappali,LEHET_JATSZIK
bJxnk1ZvF1GBnye0bYpBFGuOIcsJ,nappali,LEHET_JATSZIK
n8i5leQlntXz4XoA2JVGiOB0X0nS,nappali,LEHET_JATSZIK
pcKzkYgCUpVc1YGsfcG9cuHwhIFq,nappali,LEHET_JATSZIK
kudJQ7AAOK0KetYJYKSTcQ60xJre,bab,LEHET_JATSZIK
46yfoWhTy2iS3zBBIKYeTkITLWIt,szonyeg,LEHET_JATSZIK
XnQQOJ6n3tTZgUOBj6SEG8VnkkCr,szonyeg,LEHET_JATSZIK
cKkzcqwwIFXF6u0LdJBUTL1a4td2,szonyeg,LEHET_JATSZIK
46yfoWhTy2iS3zBBIKYeTkITLWIt,ceruza,LEHET_JATSZIK
cKkzcqwwIFXF6u0LdJBUTL1a4td2,ceruza,LEHET_JATSZIK
pcKzkYgCUpVc1YGsfcG9cuHwhIFq,konyv,LEHET_JATSZIK
jnjKoAau2JdPFO1Y9PwBO6XlzGha,kard,LEHET_JATSZIK
8H7wVsJ31BN7WW6cJBe3DWB7ZJO9,helikopter,LEHET_JON
hMhC4E5GeWS1zabc77OKHtfz529F,kutya,LEHET_KAP
2GQsh4qTCle4fioT2ib8QrWmurRt,nadrag,LEHET_KAP
2mf1pytEKj8RM8in6MbEzrMBMAX1,gomba,LEHET_KAP
XUQR36tyWgppAe5zdMBRy1MXndde,ceruza,LEHET_KAP
gZUIZf0CyPQa4w9Wggvx5cJkQ4C2,cipo,LEHET_KAPHATO
n8i5leQlntXz4XoA2JVGiOB0X0nS,sepru,LEHET_KARDOZIK
XWItECLFYo8VG5SskW9iQPJI7pRA,kard,LEHET_KARDOZIK
XWItECLFYo8VG5SskW9iQPJI7pRA,kard,LEHET_KARDOZIK
2mf1pytEKj8RM8in6MbEzrMBMAX1,asztal,LEHET_KEDVESKEDIK
jnjKoAau2JdPFO1Y9PwBO6XlzGha,erdo,LEHET_KERES
sTZywlkMZzaRE7Uqx1qpacwIHmlG,nadrag,LEHET_KESZIT
8H7wVsJ31BN7WW6cJBe3DWB7ZJO9,krumpli,LEHET_KESZIT
pcKzkYgCUpVc1YGsfcG9cuHwhIFq,krumpli,LEHET_KESZIT
gDJxpFMvaIHBGwkBz6Z9Z5E6rqeQ,nadrag,LEHET_KESZUL
XUQR36tyWgppAe5zdMBRy1MXndde,cipo,LEHET_KESZUL
aCY8Po3E02wrI4Rrdzzxu9aTgdc7,cipo,LEHET_KESZUL
bXeBh3j0gOGpCmEt68bY2NjVKwZS,cipo,LEHET_KESZUL
gwTxL0T8HQFlooQEgkqQvBG4rHtl,cipo,LEHET_KESZUL
ioDhrsJV22Fym2kwi0Enu6L7qMoB,cipo,LEHET_KESZUL
8H7wVsJ31BN7WW6cJBe3DWB7ZJO9,pulover,LEHET_KESZUL
XoMV4gJmAWW8fvZJRlQJoaciIPFJ,pulover,LEHET_KESZUL
ZE4Vso19ws4GQBEbRlAx3gqRf2Ql,pulover,LEHET_KESZUL
jBpNE83rvgjtcjB4lQzfTlkuifEs,nappali,LEHET_KESZUL
jBpNE83rvgjtcjB4lQzfTlkuifEs,hercegno,LEHET_KESZUL
XoMV4gJmAWW8fvZJRlQJoaciIPFJ,gomba,LEHET_KESZUL
XoMV4gJmAWW8fvZJRlQJoaciIPFJ,gomba,LEHET_KESZUL
8H7wVsJ31BN7WW6cJBe3DWB7ZJO9,asztal,LEHET_KESZUL
WukuItBR0pKip9BVBEXWLXAS465F,sepru,LEHET_KESZUL
TuiyHopNE0Ns45VopNY0umEgHnon,bab,LEHET_KESZUL_IND
XWItECLFYo8VG5SskW9iQPJI7pRA,nadrag,LEHET_KETTEVALIK
YsgVSf2DRAuoIzG4hcEwSpkPiPJQ,lab,LEHET_KEZENALL
bJxnk1ZvF1GBnye0bYpBFGuOIcsJ,kez,LEHET_KEZETFOG
Z5DTSVEQk3FtNUWlQHkHPAEBPtsT,asztal,LEHET_KEZMUVOSKEDIK
ioDhrsJV22Fym2kwi0Enu6L7qMoB,szonyeg,LEHET_KIDISZIT
2mf1pytEKj8RM8in6MbEzrMBMAX1,asztal,LEHET_KIDOB
cKkzcqwwIFXF6u0LdJBUTL1a4td2,szonyeg,LEHET_KIDOBOTT
Z5DTSVEQk3FtNUWlQHkHPAEBPtsT,ceruza,LEHET_KIESIK_IND
XnQQOJ6n3tTZgUOBj6SEG8VnkkCr,citrom,LEHET_KIFACSAR
pB2ZvSU9uIZYrVmru0V6dzKTR2AW,citrom,LEHET_KIFACSAR
HM7nhqdiyPmEZCyAkPB440Ok3wSG,asztal,LEHET_KIFARAG
WukuItBR0pKip9BVBEXWLXAS465F,ceruza,LEHET_KIHEGYEZ
Z5DTSVEQk3FtNUWlQHkHPAEBPtsT,ceruza,LEHET_KIHEGYEZ
hMhC4E5GeWS1zabc77OKHtfz529F,krumpli,LEHET_KIHUZ
pcKzkYgCUpVc1YGsfcG9cuHwhIFq,gyerek,LEHET_KIJON
YsgVSf2DRAuoIzG4hcEwSpkPiPJQ,lo,LEHET_KIKOPIK_IND
DL3j5JV4aiCT3r9LNq9fctuLkefs,helikopter,LEHET_KILAT
YsgVSf2DRAuoIzG4hcEwSpkPiPJQ,lab,LEHET_KILATSZIK
XWItECLFYo8VG5SskW9iQPJI7pRA,nadrag,LEHET_KIMOS
Vi4tvYPaMpHrJtchbz4qPsufSAd3,eper,LEHET_KINO
XoMV4gJmAWW8fvZJRlQJoaciIPFJ,szem,LEHET_KINYIT
Vi4tvYPaMpHrJtchbz4qPsufSAd3,konyv,LEHET_KINYIT
XnQQOJ6n3tTZgUOBj6SEG8VnkkCr,citrom,LEHET_KINYOM
pB2ZvSU9uIZYrVmru0V6dzKTR2AW,sepru,LEHET_KIPOROL
wChCSZMZUV5HgFOPQqYJsHLy8yej,alma,LEHET_KIRAK
cKkzcqwwIFXF6u0LdJBUTL1a4td2,ceruza,LEHET_KIRAK
wChCSZMZUV5HgFOPQqYJsHLy8yej,ceruza,LEHET_KIRAK
46yfoWhTy2iS3zBBIKYeTkITLWIt,erdo,LEHET_KIRANDUL
b6lgi9tN1sInFmZy2YsPCSjxaQID,erdo,LEHET_KIRANDUL
wChCSZMZUV5HgFOPQqYJsHLy8yej,erdo,LEHET_KIRANDUL
8H7wVsJ31BN7WW6cJBe3DWB7ZJO9,citrom,LEHET_KISZED
bXeBh3j0gOGpCmEt68bY2NjVKwZS,eper,LEHET_KOSTOL
NcVfp49U0WugaYJkv4r2Y3PXc7cn,pulover,LEHET_KOT
2mf1pytEKj8RM8in6MbEzrMBMAX1,erdo,LEHET_KOVET
HM7nhqdiyPmEZCyAkPB440Ok3wSG,vonat,LEHET_KOZLEKEDIK
gkE2DF9rjk40Tdxikha0B9r2yMvP,vonat,LEHET_KOZLEKEDIK
cR7z9posZ25xSjb6z7sagHS235vn,auto,LEHET_KOZLEKEDIK
fsUjgv5bHGSiLIc56gAiaFH0Eodm,auto,LEHET_KOZLEKEDIK
hLKflzDgIt1d1kkYiBgtD6Ildzca,auto,LEHET_KOZLEKEDIK
n8i5leQlntXz4XoA2JVGiOB0X0nS,auto,LEHET_KOZLEKEDIK
8H7wVsJ31BN7WW6cJBe3DWB7ZJO9,asztal,LEHET_KREATIVKODIK
i9zlLDQ6SJh1P1fER1TKU6Wqq2qA,nappali,LEHET_KUSZIK
cKkzcqwwIFXF6u0LdJBUTL1a4td2,kez,LEHET_LABDAZIK
i9zlLDQ6SJh1P1fER1TKU6Wqq2qA,nappali,LEHET_LABDAZIK
DL3j5JV4aiCT3r9LNq9fctuLkefs,erdo,LEHET_LAKIK
vu240s5N1IMDtgWR79UZHs2w0H6C,erdo,LEHET_LAKIK
aCY8Po3E02wrI4Rrdzzxu9aTgdc7,kez,LEHET_LAKKOZIK
DL3j5JV4aiCT3r9LNq9fctuLkefs,konyv,LEHET_LAPOZ
0ayEKzKAhgI7kLaya0CVdQ0WaTdh,szem,LEHET_LAT
46yfoWhTy2iS3zBBIKYeTkITLWIt,szem,LEHET_LAT
46yfoWhTy2iS3zBBIKYeTkITLWIt,szem,LEHET_LAT
8H7wVsJ31BN7WW6cJBe3DWB7ZJO9,szem,LEHET_LAT
8H7wVsJ31BN7WW6cJBe3DWB7ZJO9,szem,LEHET_LAT
8H7wVsJ31BN7WW6cJBe3DWB7ZJO9,szem,LEHET_LAT
DL3j5JV4aiCT3r9LNq9fctuLkefs,szem,LEHET_LAT
DL3j5JV4aiCT3r9LNq9fctuLkefs,szem,LEHET_LAT
DL3j5JV4aiCT3r9LNq9fctuLkefs,szem,LEHET_LAT
NcVfp49U0WugaYJkv4r2Y3PXc7cn,szem,LEHET_LAT
TuiyHopNE0Ns45VopNY0umEgHnon,szem,LEHET_LAT
TuiyHopNE0Ns45VopNY0umEgHnon,szem,LEHET_LAT
WukuItBR0pKip9BVBEXWLXAS465F,szem,LEHET_LAT
XWItECLFYo8VG5SskW9iQPJI7pRA,szem,LEHET_LAT
XnQQOJ6n3tTZgUOBj6SEG8VnkkCr,szem,LEHET_LAT
XoMV4gJmAWW8fvZJRlQJoaciIPFJ,szem,LEHET_LAT
cR7z9posZ25xSjb6z7sagHS235vn,szem,LEHET_LAT
cR7z9posZ25xSjb6z7sagHS235vn,szem,LEHET_LAT
gwTxL0T8HQFlooQEgkqQvBG4rHtl,szem,LEHET_LAT
gwTxL0T8HQFlooQEgkqQvBG4rHtl,szem,LEHET_LAT
hMhC4E5GeWS1zabc77OKHtfz529F,szem,LEHET_LAT
kudJQ7AAOK0KetYJYKSTcQ60xJre,szem,LEHET_LAT
pB2ZvSU9uIZYrVmru0V6dzKTR2AW,szem,LEHET_LAT
gwTxL0T8HQFlooQEgkqQvBG4rHtl,szem,LEHET_LECSUK
LDiQ49hqAeKCaIZiU4yXQEO9tTmv,ceruza,LEHET_LEEJT
XoMV4gJmAWW8fvZJRlQJoaciIPFJ,nappali,LEHET_LEFEKSZIK
aCY8Po3E02wrI4Rrdzzxu9aTgdc7,szonyeg,LEHET_LEFEKSZIK
hLKflzDgIt1d1kkYiBgtD6Ildzca,kez,LEHET_LEGOZIK
gkE2DF9rjk40Tdxikha0B9r2yMvP,nadrag,LEHET_LEHUZ
HM7nhqdiyPmEZCyAkPB440Ok3wSG,asztal,LEHET_LEILLESZT
NcVfp49U0WugaYJkv4r2Y3PXc7cn,jatszoter,LEHET_LEJAR
NcVfp49U0WugaYJkv4r2Y3PXc7cn,jatszoter,LEHET_LEJAR
ZE4Vso19ws4GQBEbRlAx3gqRf2Ql,kard,LEHET_LEOL
ioDhrsJV22Fym2kwi0Enu6L7qMoB,cipo,LEHET_LEP
n8i5leQlntXz4XoA2JVGiOB0X0nS,cipo,LEHET_LEP
n8i5leQlntXz4XoA2JVGiOB0X0nS,krumpli,LEHET_LEPUCOL
cKkzcqwwIFXF6u0LdJBUTL1a4td2,krumpli,LEHET_LERAJZOL
cKkzcqwwIFXF6u0LdJBUTL1a4td2,ceruza,LEHET_LERAJZOL
HM7nhqdiyPmEZCyAkPB440Ok3wSG,asztal,LEHET_LESIKAL
n8i5leQlntXz4XoA2JVGiOB0X0nS,lab,LEHET_LESZAKAD
XUQR36tyWgppAe5zdMBRy1MXndde,helikopter,LEHET_LESZALL
gZUIZf0CyPQa4w9Wggvx5cJkQ4C2,citrom,LEHET_LESZED
2mf1pytEKj8RM8in6MbEzrMBMAX1,gomba,LEHET_LESZED
2mf1pytEKj8RM8in6MbEzrMBMAX1,gomba,LEHET_LESZED
2GQsh4qTCle4fioT2ib8QrWmurRt,eper,LEHET_LESZED_IND
ve2UV1qBXwAErAfwa7CBZvAjwxAb,eper,LEHET_LETEP
ve2UV1qBXwAErAfwa7CBZvAjwxAb,eper,LEHET_LETEP_IND
2mf1pytEKj8RM8in6MbEzrMBMAX1,erdo,LEHET_LETER_IND
Vi4tvYPaMpHrJtchbz4qPsufSAd3,szonyeg,LEHET_LETESZ
2mf1pytEKj8RM8in6MbEzrMBMAX1,lo,LEHET_LETORIK_IND
aCY8Po3E02wrI4Rrdzzxu9aTgdc7,nappali,LEHET_LEUL
8H7wVsJ31BN7WW6cJBe3DWB7ZJO9,asztal,LEHET_LEUL
DL3j5JV4aiCT3r9LNq9fctuLkefs,helikopter,LEHET_LEUL
n8i5leQlntXz4XoA2JVGiOB0X0nS,lab,LEHET_LEVAG
kudJQ7AAOK0KetYJYKSTcQ60xJre,eper,LEHET_LEVAG
bJxnk1ZvF1GBnye0bYpBFGuOIcsJ,sepru,LEHET_LEVESZ
gDJxpFMvaIHBGwkBz6Z9Z5E6rqeQ,eper,LEHET_LEVESZ_IND
bJxnk1ZvF1GBnye0bYpBFGuOIcsJ,kutya,LEHET_LEVISZ
2mf1pytEKj8RM8in6MbEzrMBMAX1,lo,LEHET_LOVAGOL
2mf1pytEKj8RM8in6MbEzrMBMAX1,lo,LEHET_LOVAGOL
46yfoWhTy2iS3zBBIKYeTkITLWIt,lo,LEHET_LOVAGOL
8H7wVsJ31BN7WW6cJBe3DWB7ZJO9,lo,LEHET_LOVAGOL
DL3j5JV4aiCT3r9LNq9fctuLkefs,lo,LEHET_LOVAGOL
LDiQ49hqAeKCaIZiU4yXQEO9tTmv,lo,LEHET_LOVAGOL
LDiQ49hqAeKCaIZiU4yXQEO9tTmv,lo,LEHET_LOVAGOL
LDiQ49hqAeKCaIZiU4yXQEO9tTmv,lo,LEHET_LOVAGOL
Vi4tvYPaMpHrJtchbz4qPsufSAd3,lo,LEHET_LOVAGOL
XUQR36tyWgppAe5zdMBRy1MXndde,lo,LEHET_LOVAGOL
YsgVSf2DRAuoIzG4hcEwSpkPiPJQ,lo,LEHET_LOVAGOL
cR7z9posZ25xSjb6z7sagHS235vn,lo,LEHET_LOVAGOL
pcKzkYgCUpVc1YGsfcG9cuHwhIFq,lo,LEHET_LOVAGOL
Z5DTSVEQk3FtNUWlQHkHPAEBPtsT,erdo,LEHET_LOVAGOL
n8i5leQlntXz4XoA2JVGiOB0X0nS,sepru,LEHET_LOVAGOL
LDiQ49hqAeKCaIZiU4yXQEO9tTmv,szem,LEHET_MARAD
cR7z9posZ25xSjb6z7sagHS235vn,krumpli,LEHET_MARTOGAT
ioDhrsJV22Fym2kwi0Enu6L7qMoB,lab,LEHET_MASZIK
0ayEKzKAhgI7kLaya0CVdQ0WaTdh,jatszoter,LEHET_MASZIK
DL3j5JV4aiCT3r9LNq9fctuLkefs,erdo,LEHET_MASZIK
hLKflzDgIt1d1kkYiBgtD6Ildzca,nappali,LEHET_MASZKAL
LDiQ49hqAeKCaIZiU4yXQEO9tTmv,ceruza,LEHET_MATEMATIKAZIK
wChCSZMZUV5HgFOPQqYJsHLy8yej,helikopter,LEHET_MEGERKEZIK
J8IzRk7DYymlKgV6sF7Umb2Wf8kh,vonat,LEHET_MEGERKEZIK
8H7wVsJ31BN7WW6cJBe3DWB7ZJO9,citrom,LEHET_MEGESZIK
LDiQ49hqAeKCaIZiU4yXQEO9tTmv,eper,LEHET_MEGESZIK
bXeBh3j0gOGpCmEt68bY2NjVKwZS,krumpli,LEHET_MEGESZIK
aCY8Po3E02wrI4Rrdzzxu9aTgdc7,kez,LEHET_MEGFOG
sTZywlkMZzaRE7Uqx1qpacwIHmlG,kez,LEHET_MEGFOG
wChCSZMZUV5HgFOPQqYJsHLy8yej,kez,LEHET_MEGFOG
J8IzRk7DYymlKgV6sF7Umb2Wf8kh,alma,LEHET_MEGFOG
ioDhrsJV22Fym2kwi0Enu6L7qMoB,alma,LEHET_MEGFOG
LDiQ49hqAeKCaIZiU4yXQEO9tTmv,eper,LEHET_MEGFOG
gDJxpFMvaIHBGwkBz6Z9Z5E6rqeQ,eper,LEHET_MEGFOG
gZUIZf0CyPQa4w9Wggvx5cJkQ4C2,ceruza,LEHET_MEGFOG
wChCSZMZUV5HgFOPQqYJsHLy8yej,ceruza,LEHET_MEGFOG
NcVfp49U0WugaYJkv4r2Y3PXc7cn,kard,LEHET_MEGFOG
TuiyHopNE0Ns45VopNY0umEgHnon,kard,LEHET_MEGFOG
gZUIZf0CyPQa4w9Wggvx5cJkQ4C2,bab,LEHET_MEGFOZ
jnjKoAau2JdPFO1Y9PwBO6XlzGha,bab,LEHET_MEGFOZ
HM7nhqdiyPmEZCyAkPB440Ok3wSG,citrom,LEHET_MEGKOSTOL
TuiyHopNE0Ns45VopNY0umEgHnon,citrom,LEHET_MEGKOSTOL
LDiQ49hqAeKCaIZiU4yXQEO9tTmv,eper,LEHET_MEGKOSTOL
sTZywlkMZzaRE7Uqx1qpacwIHmlG,eper,LEHET_MEGKOSTOL
Vi4tvYPaMpHrJtchbz4qPsufSAd3,gomba,LEHET_MEGKOSTOL
YsgVSf2DRAuoIzG4hcEwSpkPiPJQ,eper,LEHET_MEGMOS
0ayEKzKAhgI7kLaya0CVdQ0WaTdh,szem,LEHET_MEGOLD
2GQsh4qTCle4fioT2ib8QrWmurRt,gyerek,LEHET_MEGSZUL
TuiyHopNE0Ns45VopNY0umEgHnon,gyerek,LEHET_MEGSZUL
TuiyHopNE0Ns45VopNY0umEgHnon,sepru,LEHET_MEGTALAL
8H7wVsJ31BN7WW6cJBe3DWB7ZJO9,konyv,LEHET_MEGTALAL
gZUIZf0CyPQa4w9Wggvx5cJkQ4C2,hercegno,LEHET_MEGTANIT
YsgVSf2DRAuoIzG4hcEwSpkPiPJQ,lo,LEHET_MEGVED_IND
8H7wVsJ31BN7WW6cJBe3DWB7ZJO9,konyv,LEHET_MEGVED_IND
LDiQ49hqAeKCaIZiU4yXQEO9tTmv,bab,LEHET_MEGVIZEZ
2mf1pytEKj8RM8in6MbEzrMBMAX1,lab,LEHET_MEGY
jnjKoAau2JdPFO1Y9PwBO6XlzGha,lab,LEHET_MEGY
pcKzkYgCUpVc1YGsfcG9cuHwhIFq,lab,LEHET_MEGY
bJxnk1ZvF1GBnye0bYpBFGuOIcsJ,cipo,LEHET_MEGY
LDiQ49hqAeKCaIZiU4yXQEO9tTmv,jatszoter,LEHET_MEGY
8H7wVsJ31BN7WW6cJBe3DWB7ZJO9,erdo,LEHET_MEGY
DL3j5JV4aiCT3r9LNq9fctuLkefs,erdo,LEHET_MEGY
gDJxpFMvaIHBGwkBz6Z9Z5E6rqeQ,tuzolto,LEHET_MEGY
gDJxpFMvaIHBGwkBz6Z9Z5E6rqeQ,tuzolto,LEHET_MEGY
gwTxL0T8HQFlooQEgkqQvBG4rHtl,tuzolto,LEHET_MEGY
hLKflzDgIt1d1kkYiBgtD6Ildzca,tuzolto,LEHET_MEGY
kudJQ7AAOK0KetYJYKSTcQ60xJre,tuzolto,LEHET_MEGY
ve2UV1qBXwAErAfwa7CBZvAjwxAb,tuzolto,LEHET_MEGY
8H7wVsJ31BN7WW6cJBe3DWB7ZJO9,asztal,LEHET_MEGY
Z5DTSVEQk3FtNUWlQHkHPAEBPtsT,helikopter,LEHET_MEGY
gwTxL0T8HQFlooQEgkqQvBG4rHtl,helikopter,LEHET_MEGY
jnjKoAau2JdPFO1Y9PwBO6XlzGha,helikopter,LEHET_MEGY
46yfoWhTy2iS3zBBIKYeTkITLWIt,vonat,LEHET_MEGY
HM7nhqdiyPmEZCyAkPB440Ok3wSG,vonat,LEHET_MEGY
gDJxpFMvaIHBGwkBz6Z9Z5E6rqeQ,vonat,LEHET_MEGY
ioDhrsJV22Fym2kwi0Enu6L7qMoB,vonat,LEHET_MEGY
LDiQ49hqAeKCaIZiU4yXQEO9tTmv,auto,LEHET_MEGY
TuiyHopNE0Ns45VopNY0umEgHnon,auto,LEHET_MEGY
XnQQOJ6n3tTZgUOBj6SEG8VnkkCr,auto,LEHET_MEGY
hLKflzDgIt1d1kkYiBgtD6Ildzca,auto,LEHET_MEGY
n8i5leQlntXz4XoA2JVGiOB0X0nS,auto,LEHET_MEGY
XoMV4gJmAWW8fvZJRlQJoaciIPFJ,gomba,LEHET_MERES
gZUIZf0CyPQa4w9Wggvx5cJkQ4C2,cipo,LEHET_MERET
hLKflzDgIt1d1kkYiBgtD6Ildzca,cipo,LEHET_MERET
n8i5leQlntXz4XoA2JVGiOB0X0nS,nappali,LEHET_MINDENFELE
2mf1pytEKj8RM8in6MbEzrMBMAX1,lo,LEHET_MOND
cR7z9posZ25xSjb6z7sagHS235vn,alma,LEHET_MOS
XUQR36tyWgppAe5zdMBRy1MXndde,kez,LEHET_MOZOG
sTZywlkMZzaRE7Uqx1qpacwIHmlG,kez,LEHET_MOZOG
fsUjgv5bHGSiLIc56gAiaFH0Eodm,lab,LEHET_MOZOG
kudJQ7AAOK0KetYJYKSTcQ60xJre,pulover,LEHET_MOZOG
Vi4tvYPaMpHrJtchbz4qPsufSAd3,kez,LEHET_MUTAT
wChCSZMZUV5HgFOPQqYJsHLy8yej,kez,LEHET_MUTAT
0ayEKzKAhgI7kLaya0CVdQ0WaTdh,szem,LEHET_NEZ
2GQsh4qTCle4fioT2ib8QrWmurRt,nappali,LEHET_NEZ
TuiyHopNE0Ns45VopNY0umEgHnon,nappali,LEHET_NEZ
cR7z9posZ25xSjb6z7sagHS235vn,nappali,LEHET_NEZ
gwTxL0T8HQFlooQEgkqQvBG4rHtl,helikopter,LEHET_NEZ
bJxnk1ZvF1GBnye0bYpBFGuOIcsJ,nappali,LEHET_NEZ_IND
DL3j5JV4aiCT3r9LNq9fctuLkefs,konyv,LEHET_NEZEGET
sTZywlkMZzaRE7Uqx1qpacwIHmlG,eper,LEHET_NO
2mf1pytEKj8RM8in6MbEzrMBMAX1,erdo,LEHET_NO
bXeBh3j0gOGpCmEt68bY2NjVKwZS,krumpli,LEHET_NOVESZT
Vi4tvYPaMpHrJtchbz4qPsufSAd3,lo,LEHET_NYER
gwTxL0T8HQFlooQEgkqQvBG4rHtl,lo,LEHET_NYERGEL
TuiyHopNE0Ns45VopNY0umEgHnon,nappali,LEHET_NYILIK_IND
2mf1pytEKj8RM8in6MbEzrMBMAX1,konyv,LEHET_NYIT
DL3j5JV4aiCT3r9LNq9fctuLkefs,helikopter,LEHET_NYIT
LDiQ49hqAeKCaIZiU4yXQEO9tTmv,sepru,LEHET_NYUJT
bJxnk1ZvF1GBnye0bYpBFGuOIcsJ,auto,LEHET_ODAER
hyQXyqpwb1eEKNKe7KdXNP9whDUd,auto,LEHET_ODAER
ve2UV1qBXwAErAfwa7CBZvAjwxAb,jatszoter,LEHET_ODAMEGY
sTZywlkMZzaRE7Uqx1qpacwIHmlG,konyv,LEHET_OKOSODIK
Vi4tvYPaMpHrJtchbz4qPsufSAd3,tuzolto,LEHET_OKTATAS
2mf1pytEKj8RM8in6MbEzrMBMAX1,lab,LEHET_OLDALAZ
0ayEKzKAhgI7kLaya0CVdQ0WaTdh,szem,LEHET_OLVAS
XnQQOJ6n3tTZgUOBj6SEG8VnkkCr,szem,LEHET_OLVAS
b6lgi9tN1sInFmZy2YsPCSjxaQID,erdo,LEHET_OLVAS
DL3j5JV4aiCT3r9LNq9fctuLkefs,asztal,LEHET_OLVAS
8H7wVsJ31BN7WW6cJBe3DWB7ZJO9,konyv,LEHET_OLVAS
DL3j5JV4aiCT3r9LNq9fctuLkefs,konyv,LEHET_OLVAS
J8IzRk7DYymlKgV6sF7Umb2Wf8kh,konyv,LEHET_OLVAS
J8IzRk7DYymlKgV6sF7Umb2Wf8kh,konyv,LEHET_OLVAS
Vi4tvYPaMpHrJtchbz4qPsufSAd3,konyv,LEHET_OLVAS
Vi4tvYPaMpHrJtchbz4qPsufSAd3,konyv,LEHET_OLVAS
Vi4tvYPaMpHrJtchbz4qPsufSAd3,konyv,LEHET_OLVAS
XoMV4gJmAWW8fvZJRlQJoaciIPFJ,konyv,LEHET_OLVAS
YsgVSf2DRAuoIzG4hcEwSpkPiPJQ,konyv,LEHET_OLVAS
YsgVSf2DRAuoIzG4hcEwSpkPiPJQ,konyv,LEHET_OLVAS
cR7z9posZ25xSjb6z7sagHS235vn,konyv,LEHET_OLVAS
cR7z9posZ25xSjb6z7sagHS235vn,konyv,LEHET_OLVAS
d7QNG1DWNJdasfDIeRmdGvEIgJBM,konyv,LEHET_OLVAS
d7QNG1DWNJdasfDIeRmdGvEIgJBM,konyv,LEHET_OLVAS
fsUjgv5bHGSiLIc56gAiaFH0Eodm,konyv,LEHET_OLVAS
gkE2DF9rjk40Tdxikha0B9r2yMvP,konyv,LEHET_OLVAS
hyQXyqpwb1eEKNKe7KdXNP9whDUd,konyv,LEHET_OLVAS
hyQXyqpwb1eEKNKe7KdXNP9whDUd,konyv,LEHET_OLVAS
kudJQ7AAOK0KetYJYKSTcQ60xJre,konyv,LEHET_OLVAS
pcKzkYgCUpVc1YGsfcG9cuHwhIFq,konyv,LEHET_OLVAS
sTZywlkMZzaRE7Uqx1qpacwIHmlG,konyv,LEHET_OLVAS
sTZywlkMZzaRE7Uqx1qpacwIHmlG,konyv,LEHET_OLVAS
sTZywlkMZzaRE7Uqx1qpacwIHmlG,konyv,LEHET_OLVAS
sTZywlkMZzaRE7Uqx1qpacwIHmlG,konyv,LEHET_OLVAS
b6lgi9tN1sInFmZy2YsPCSjxaQID,kard,LEHET_OL
ve2UV1qBXwAErAfwa7CBZvAjwxAb,pulover,LEHET_OSSZECIPZAROZ
2mf1pytEKj8RM8in6MbEzrMBMAX1,konyv,LEHET_OSSZEKARCOLODIK
2mf1pytEKj8RM8in6MbEzrMBMAX1,eper,LEHET_OSSZEMEGY
pcKzkYgCUpVc1YGsfcG9cuHwhIFq,sepru,LEHET_OSSZESZED
2mf1pytEKj8RM8in6MbEzrMBMAX1,konyv,LEHET_OSSZETART_IND
kudJQ7AAOK0KetYJYKSTcQ60xJre,pulover,LEHET_OSSZEVARR
8H7wVsJ31BN7WW6cJBe3DWB7ZJO9,helikopter,LEHET_PARKOL
cR7z9posZ25xSjb6z7sagHS235vn,nappali,LEHET_PIHEN
fsUjgv5bHGSiLIc56gAiaFH0Eodm,nappali,LEHET_PIHEN
0ayEKzKAhgI7kLaya0CVdQ0WaTdh,szem,LEHET_PISLOG
DL3j5JV4aiCT3r9LNq9fctuLkefs,szem,LEHET_PISLOG
2mf1pytEKj8RM8in6MbEzrMBMAX1,lo,LEHET_PISZKAL
wChCSZMZUV5HgFOPQqYJsHLy8yej,helikopter,LEHET_POROG_INDIREKT
NcVfp49U0WugaYJkv4r2Y3PXc7cn,krumpli,LEHET_PUCOL
HM7nhqdiyPmEZCyAkPB440Ok3wSG,asztal,LEHET_RACSOPOG
2GQsh4qTCle4fioT2ib8QrWmurRt,ceruza,LEHET_RADIROZ
bXeBh3j0gOGpCmEt68bY2NjVKwZS,ceruza,LEHET_RADIROZ
gZUIZf0CyPQa4w9Wggvx5cJkQ4C2,jatszoter,LEHET_RAEPIT
gDJxpFMvaIHBGwkBz6Z9Z5E6rqeQ,szonyeg,LEHET_RAFEKSZIK
i9zlLDQ6SJh1P1fER1TKU6Wqq2qA,szonyeg,LEHET_RAFEKSZIK
hMhC4E5GeWS1zabc77OKHtfz529F,alma,LEHET_RAG
2mf1pytEKj8RM8in6MbEzrMBMAX1,asztal,LEHET_RAJZOL
8H7wVsJ31BN7WW6cJBe3DWB7ZJO9,asztal,LEHET_RAJZOL
DL3j5JV4aiCT3r9LNq9fctuLkefs,asztal,LEHET_RAJZOL
HM7nhqdiyPmEZCyAkPB440Ok3wSG,asztal,LEHET_RAJZOL
Z5DTSVEQk3FtNUWlQHkHPAEBPtsT,asztal,LEHET_RAJZOL
cKkzcqwwIFXF6u0LdJBUTL1a4td2,szonyeg,LEHET_RAJZOL
2GQsh4qTCle4fioT2ib8QrWmurRt,ceruza,LEHET_RAJZOL
46yfoWhTy2iS3zBBIKYeTkITLWIt,ceruza,LEHET_RAJZOL
HM7nhqdiyPmEZCyAkPB440Ok3wSG,ceruza,LEHET_RAJZOL
HM7nhqdiyPmEZCyAkPB440Ok3wSG,ceruza,LEHET_RAJZOL
WukuItBR0pKip9BVBEXWLXAS465F,ceruza,LEHET_RAJZOL
WukuItBR0pKip9BVBEXWLXAS465F,ceruza,LEHET_RAJZOL
Z5DTSVEQk3FtNUWlQHkHPAEBPtsT,ceruza,LEHET_RAJZOL
Z5DTSVEQk3FtNUWlQHkHPAEBPtsT,ceruza,LEHET_RAJZOL
bXeBh3j0gOGpCmEt68bY2NjVKwZS,ceruza,LEHET_RAJZOL
bXeBh3j0gOGpCmEt68bY2NjVKwZS,ceruza,LEHET_RAJZOL
cKkzcqwwIFXF6u0LdJBUTL1a4td2,ceruza,LEHET_RAJZOL
cKkzcqwwIFXF6u0LdJBUTL1a4td2,ceruza,LEHET_RAJZOL
gZUIZf0CyPQa4w9Wggvx5cJkQ4C2,ceruza,LEHET_RAJZOL
i9zlLDQ6SJh1P1fER1TKU6Wqq2qA,ceruza,LEHET_RAJZOL
pB2ZvSU9uIZYrVmru0V6dzKTR2AW,ceruza,LEHET_RAJZOL
8H7wVsJ31BN7WW6cJBe3DWB7ZJO9,konyv,LEHET_RAJZOL
YsgVSf2DRAuoIzG4hcEwSpkPiPJQ,lo,LEHET_RAK
XnQQOJ6n3tTZgUOBj6SEG8VnkkCr,citrom,LEHET_RAK
bJxnk1ZvF1GBnye0bYpBFGuOIcsJ,bab,LEHET_RAK
Z5DTSVEQk3FtNUWlQHkHPAEBPtsT,asztal,LEHET_RAK
jnjKoAau2JdPFO1Y9PwBO6XlzGha,asztal,LEHET_RAK
jnjKoAau2JdPFO1Y9PwBO6XlzGha,asztal,LEHET_RAK
aCY8Po3E02wrI4Rrdzzxu9aTgdc7,szonyeg,LEHET_RAK
2GQsh4qTCle4fioT2ib8QrWmurRt,sepru,LEHET_RAK
pB2ZvSU9uIZYrVmru0V6dzKTR2AW,ceruza,LEHET_RAK
gZUIZf0CyPQa4w9Wggvx5cJkQ4C2,ceruza,LEHET_RANYOM
wChCSZMZUV5HgFOPQqYJsHLy8yej,ceruza,LEHET_RANYOM
LDiQ49hqAeKCaIZiU4yXQEO9tTmv,sepru,LEHET_RARAGAD
Z5DTSVEQk3FtNUWlQHkHPAEBPtsT,asztal,LEHET_RARAGASZT
hMhC4E5GeWS1zabc77OKHtfz529F,asztal,LEHET_RARAK
gZUIZf0CyPQa4w9Wggvx5cJkQ4C2,ceruza,LEHET_RARAK
pcKzkYgCUpVc1YGsfcG9cuHwhIFq,lo,LEHET_RATESZ
sTZywlkMZzaRE7Uqx1qpacwIHmlG,eper,LEHET_RATESZ
2mf1pytEKj8RM8in6MbEzrMBMAX1,asztal,LEHET_RATESZ
Z5DTSVEQk3FtNUWlQHkHPAEBPtsT,asztal,LEHET_RATESZ
Z5DTSVEQk3FtNUWlQHkHPAEBPtsT,asztal,LEHET_RATESZ
Z5DTSVEQk3FtNUWlQHkHPAEBPtsT,asztal,LEHET_RATESZ
bXeBh3j0gOGpCmEt68bY2NjVKwZS,asztal,LEHET_RATESZ
hLKflzDgIt1d1kkYiBgtD6Ildzca,asztal,LEHET_RATESZ
kudJQ7AAOK0KetYJYKSTcQ60xJre,szonyeg,LEHET_RATESZ
2GQsh4qTCle4fioT2ib8QrWmurRt,lo,LEHET_RAUL
pcKzkYgCUpVc1YGsfcG9cuHwhIFq,lab,LEHET_RAVESZ
2mf1pytEKj8RM8in6MbEzrMBMAX1,pulover,LEHET_RAVESZ
hMhC4E5GeWS1zabc77OKHtfz529F,asztal,LEHET_REGGELEZ
2mf1pytEKj8RM8in6MbEzrMBMAX1,asztal,LEHET_REGGELIZIK
gkE2DF9rjk40Tdxikha0B9r2yMvP,nadrag,LEHET_REJT
YsgVSf2DRAuoIzG4hcEwSpkPiPJQ,konyv,LEHET_RENDEL
8H7wVsJ31BN7WW6cJBe3DWB7ZJO9,konyv,LEHET_RENDEZ
TuiyHopNE0Ns45VopNY0umEgHnon,sepru,LEHET_REPUL
NcVfp49U0WugaYJkv4r2Y3PXc7cn,helikopter,LEHET_REPUL
wChCSZMZUV5HgFOPQqYJsHLy8yej,erdo,LEHET_ROPOG_IND
2GQsh4qTCle4fioT2ib8QrWmurRt,lab,LEHET_RUG
bXeBh3j0gOGpCmEt68bY2NjVKwZS,lab,LEHET_RUG
8H7wVsJ31BN7WW6cJBe3DWB7ZJO9,szem,LEHET_SEGIT
wChCSZMZUV5HgFOPQqYJsHLy8yej,helikopter,LEHET_SEGIT_IND
2GQsh4qTCle4fioT2ib8QrWmurRt,sepru,LEHET_SEPER
TuiyHopNE0Ns45VopNY0umEgHnon,sepru,LEHET_SEPER
XWItECLFYo8VG5SskW9iQPJI7pRA,sepru,LEHET_SEPER
ZE4Vso19ws4GQBEbRlAx3gqRf2Ql,sepru,LEHET_SEPER
b6lgi9tN1sInFmZy2YsPCSjxaQID,sepru,LEHET_SEPER
bJxnk1ZvF1GBnye0bYpBFGuOIcsJ,sepru,LEHET_SEPER
hyQXyqpwb1eEKNKe7KdXNP9whDUd,sepru,LEHET_SEPER
bJxnk1ZvF1GBnye0bYpBFGuOIcsJ,sepru,LEHET_SEPER_IND
ZE4Vso19ws4GQBEbRlAx3gqRf2Ql,sepru,LEHET_SEPREGET
n8i5leQlntXz4XoA2JVGiOB0X0nS,lab,LEHET_SERUL
Z5DTSVEQk3FtNUWlQHkHPAEBPtsT,kutya,LEHET_SETAL
2mf1pytEKj8RM8in6MbEzrMBMAX1,lab,LEHET_SETAL
2mf1pytEKj8RM8in6MbEzrMBMAX1,lab,LEHET_SETAL
YsgVSf2DRAuoIzG4hcEwSpkPiPJQ,lab,LEHET_SETAL
Z5DTSVEQk3FtNUWlQHkHPAEBPtsT,lab,LEHET_SETAL
ioDhrsJV22Fym2kwi0Enu6L7qMoB,lab,LEHET_SETAL
2mf1pytEKj8RM8in6MbEzrMBMAX1,erdo,LEHET_SETAL
kudJQ7AAOK0KetYJYKSTcQ60xJre,erdo,LEHET_SETAL
cKkzcqwwIFXF6u0LdJBUTL1a4td2,szonyeg,LEHET_SETAL
wChCSZMZUV5HgFOPQqYJsHLy8yej,kutya,LEHET_SETALTAT
pB2ZvSU9uIZYrVmru0V6dzKTR2AW,erdo,LEHET_SETALTAT
pB2ZvSU9uIZYrVmru0V6dzKTR2AW,erdo,LEHET_SETALTAT
gZUIZf0CyPQa4w9Wggvx5cJkQ4C2,kez,LEHET_SIMOGAT
n8i5leQlntXz4XoA2JVGiOB0X0nS,sepru,LEHET_SODOR_IND
fsUjgv5bHGSiLIc56gAiaFH0Eodm,sepru,LEHET_SOPOR
sTZywlkMZzaRE7Uqx1qpacwIHmlG,sepru,LEHET_SOPOR
J8IzRk7DYymlKgV6sF7Umb2Wf8kh,krumpli,LEHET_SUT
bXeBh3j0gOGpCmEt68bY2NjVKwZS,krumpli,LEHET_SUT
NcVfp49U0WugaYJkv4r2Y3PXc7cn,sepru,LEHET_SZABALYOZ_IND
NcVfp49U0WugaYJkv4r2Y3PXc7cn,sepru,LEHET_SZABALYOZ_IND
sTZywlkMZzaRE7Uqx1qpacwIHmlG,nadrag,LEHET_SZAKAD
n8i5leQlntXz4XoA2JVGiOB0X0nS,cipo,LEHET_SZALADGAL
wChCSZMZUV5HgFOPQqYJsHLy8yej,helikopter,LEHET_SZALL
pB2ZvSU9uIZYrVmru0V6dzKTR2AW,helikopter,LEHET_SZALLIT
Vi4tvYPaMpHrJtchbz4qPsufSAd3,vonat,LEHET_SZALLIT
pcKzkYgCUpVc1YGsfcG9cuHwhIFq,auto,LEHET_SZALLIT
vu240s5N1IMDtgWR79UZHs2w0H6C,kez,LEHET_SZAMOL
b6lgi9tN1sInFmZy2YsPCSjxaQID,citrom,LEHET_SZED
ZE4Vso19ws4GQBEbRlAx3gqRf2Ql,eper,LEHET_SZED
kudJQ7AAOK0KetYJYKSTcQ60xJre,eper,LEHET_SZED
DL3j5JV4aiCT3r9LNq9fctuLkefs,gomba,LEHET_SZED
Z5DTSVEQk3FtNUWlQHkHPAEBPtsT,bab,LEHET_SZED
cR7z9posZ25xSjb6z7sagHS235vn,alma,LEHET_SZELETEL
gwTxL0T8HQFlooQEgkqQvBG4rHtl,alma,LEHET_SZELETEL
wChCSZMZUV5HgFOPQqYJsHLy8yej,alma,LEHET_SZELETEL
bXeBh3j0gOGpCmEt68bY2NjVKwZS,cipo,LEHET_SZETCINCAL
Vi4tvYPaMpHrJtchbz4qPsufSAd3,konyv,LEHET_SZETOSZT
sTZywlkMZzaRE7Uqx1qpacwIHmlG,kez,LEHET_SZINEZ
2GQsh4qTCle4fioT2ib8QrWmurRt,ceruza,LEHET_SZINEZ
HM7nhqdiyPmEZCyAkPB440Ok3wSG,ceruza,LEHET_SZINEZ
Vi4tvYPaMpHrJtchbz4qPsufSAd3,vonat,LEHET_SZOR
2mf1pytEKj8RM8in6MbEzrMBMAX1,lab,LEHET_SZOKDECSEL
Z5DTSVEQk3FtNUWlQHkHPAEBPtsT,asztal,LEHET_TABLET
ZE4Vso19ws4GQBEbRlAx3gqRf2Ql,erdo,LEHET_TABOROZIK
2GQsh4qTCle4fioT2ib8QrWmurRt,sepru,LEHET_TAKARIT
LDiQ49hqAeKCaIZiU4yXQEO9tTmv,sepru,LEHET_TAKARIT
LDiQ49hqAeKCaIZiU4yXQEO9tTmv,sepru,LEHET_TAKARIT
LDiQ49hqAeKCaIZiU4yXQEO9tTmv,sepru,LEHET_TAKARIT
XWItECLFYo8VG5SskW9iQPJI7pRA,sepru,LEHET_TAKARIT
ZE4Vso19ws4GQBEbRlAx3gqRf2Ql,sepru,LEHET_TAKARIT
n8i5leQlntXz4XoA2JVGiOB0X0nS,sepru,LEHET_TAKARIT
pB2ZvSU9uIZYrVmru0V6dzKTR2AW,sepru,LEHET_TAKARIT
jnjKoAau2JdPFO1Y9PwBO6XlzGha,erdo,LEHET_TALALKOZIK
Z5DTSVEQk3FtNUWlQHkHPAEBPtsT,asztal,LEHET_TAMASZKODIK
0ayEKzKAhgI7kLaya0CVdQ0WaTdh,szem,LEHET_TANIT
n8i5leQlntXz4XoA2JVGiOB0X0nS,nappali,LEHET_TANUL
DL3j5JV4aiCT3r9LNq9fctuLkefs,konyv,LEHET_TANUL
cR7z9posZ25xSjb6z7sagHS235vn,konyv,LEHET_TANUL
cR7z9posZ25xSjb6z7sagHS235vn,konyv,LEHET_TANUL
pcKzkYgCUpVc1YGsfcG9cuHwhIFq,konyv,LEHET_TANUL
YsgVSf2DRAuoIzG4hcEwSpkPiPJQ,szonyeg,LEHET_TAROL
8H7wVsJ31BN7WW6cJBe3DWB7ZJO9,konyv,LEHET_TAROL
cKkzcqwwIFXF6u0LdJBUTL1a4td2,szonyeg,LEHET_TARSASJATEKOZIK
WukuItBR0pKip9BVBEXWLXAS465F,kacsa,LEHET_TART
bJxnk1ZvF1GBnye0bYpBFGuOIcsJ,auto,LEHET_TEKER_IND
cR7z9posZ25xSjb6z7sagHS235vn,alma,LEHET_TELEVEGYSZEREZIK
YsgVSf2DRAuoIzG4hcEwSpkPiPJQ,eper,LEHET_TEREM
Z5DTSVEQk3FtNUWlQHkHPAEBPtsT,asztal,LEHET_TERIT
gZUIZf0CyPQa4w9Wggvx5cJkQ4C2,asztal,LEHET_TERIT
46yfoWhTy2iS3zBBIKYeTkITLWIt,szonyeg,LEHET_TERIT
gDJxpFMvaIHBGwkBz6Z9Z5E6rqeQ,eper,LEHET_TERMESZT
hLKflzDgIt1d1kkYiBgtD6Ildzca,bab,LEHET_TERMESZT
kudJQ7AAOK0KetYJYKSTcQ60xJre,bab,LEHET_TERMESZT
ZE4Vso19ws4GQBEbRlAx3gqRf2Ql,kez,LEHET_TESZ
sTZywlkMZzaRE7Uqx1qpacwIHmlG,kez,LEHET_TESZ
sTZywlkMZzaRE7Uqx1qpacwIHmlG,nadrag,LEHET_TESZ
TuiyHopNE0Ns45VopNY0umEgHnon,citrom,LEHET_TESZ
gZUIZf0CyPQa4w9Wggvx5cJkQ4C2,citrom,LEHET_TESZ
8H7wVsJ31BN7WW6cJBe3DWB7ZJO9,asztal,LEHET_TESZ
Z5DTSVEQk3FtNUWlQHkHPAEBPtsT,asztal,LEHET_TESZ
XoMV4gJmAWW8fvZJRlQJoaciIPFJ,szonyeg,LEHET_TESZ
TuiyHopNE0Ns45VopNY0umEgHnon,sepru,LEHET_TESZ
8H7wVsJ31BN7WW6cJBe3DWB7ZJO9,citrom,LEHET_TEVESZT
2mf1pytEKj8RM8in6MbEzrMBMAX1,asztal,LEHET_TIZORAIZ
HM7nhqdiyPmEZCyAkPB440Ok3wSG,lab,LEHET_TORNAZIK
8H7wVsJ31BN7WW6cJBe3DWB7ZJO9,erdo,LEHET_TURAZIK
2mf1pytEKj8RM8in6MbEzrMBMAX1,lab,LEHET_UGRAL
2mf1pytEKj8RM8in6MbEzrMBMAX1,lab,LEHET_UGRAL
YsgVSf2DRAuoIzG4hcEwSpkPiPJQ,lab,LEHET_UGRAL
ioDhrsJV22Fym2kwi0Enu6L7qMoB,cipo,LEHET_UGRAL
2GQsh4qTCle4fioT2ib8QrWmurRt,lab,LEHET_UGRIK
hMhC4E5GeWS1zabc77OKHtfz529F,helikopter,LEHET_UGRIK
2mf1pytEKj8RM8in6MbEzrMBMAX1,vonat,LEHET_UTAZIK
HM7nhqdiyPmEZCyAkPB440Ok3wSG,vonat,LEHET_UTAZIK
XWItECLFYo8VG5SskW9iQPJI7pRA,vonat,LEHET_UTAZIK
ZE4Vso19ws4GQBEbRlAx3gqRf2Ql,vonat,LEHET_UTAZIK
aCY8Po3E02wrI4Rrdzzxu9aTgdc7,vonat,LEHET_UTAZIK
kudJQ7AAOK0KetYJYKSTcQ60xJre,vonat,LEHET_UTAZIK
LDiQ49hqAeKCaIZiU4yXQEO9tTmv,auto,LEHET_UTAZIK
TuiyHopNE0Ns45VopNY0umEgHnon,auto,LEHET_UTAZIK
d7QNG1DWNJdasfDIeRmdGvEIgJBM,auto,LEHET_UTAZIK
jBpNE83rvgjtcjB4lQzfTlkuifEs,auto,LEHET_UTAZIK
hMhC4E5GeWS1zabc77OKHtfz529F,asztal,LEHET_UZSONNAZIK
gwTxL0T8HQFlooQEgkqQvBG4rHtl,lo,LEHET_UL
46yfoWhTy2iS3zBBIKYeTkITLWIt,szonyeg,LEHET_UL
i9zlLDQ6SJh1P1fER1TKU6Wqq2qA,szonyeg,LEHET_UL
vu240s5N1IMDtgWR79UZHs2w0H6C,szonyeg,LEHET_UL
wChCSZMZUV5HgFOPQqYJsHLy8yej,szonyeg,LEHET_UL
wChCSZMZUV5HgFOPQqYJsHLy8yej,szonyeg,LEHET_UL
wChCSZMZUV5HgFOPQqYJsHLy8yej,helikopter,LEHET_UL
cKkzcqwwIFXF6u0LdJBUTL1a4td2,vonat,LEHET_UL
cKkzcqwwIFXF6u0LdJBUTL1a4td2,vonat,LEHET_UL
gkE2DF9rjk40Tdxikha0B9r2yMvP,vonat,LEHET_UL
TuiyHopNE0Ns45VopNY0umEgHnon,auto,LEHET_UL
bJxnk1ZvF1GBnye0bYpBFGuOIcsJ,auto,LEHET_UL
fsUjgv5bHGSiLIc56gAiaFH0Eodm,auto,LEHET_UL
hLKflzDgIt1d1kkYiBgtD6Ildzca,auto,LEHET_UL
pcKzkYgCUpVc1YGsfcG9cuHwhIFq,auto,LEHET_UL
vu240s5N1IMDtgWR79UZHs2w0H6C,citrom,LEHET_ULTET
pcKzkYgCUpVc1YGsfcG9cuHwhIFq,krumpli,LEHET_ULTET
LDiQ49hqAeKCaIZiU4yXQEO9tTmv,bab,LEHET_ULTET
J8IzRk7DYymlKgV6sF7Umb2Wf8kh,krumpli,LEHET_ULTET_IND
cKkzcqwwIFXF6u0LdJBUTL1a4td2,jatszoter,LEHET_UNNEPEL
hMhC4E5GeWS1zabc77OKHtfz529F,asztal,LEHET_UNNEPEL
2mf1pytEKj8RM8in6MbEzrMBMAX1,asztal,LEHET_VACSORAZIK
hMhC4E5GeWS1zabc77OKHtfz529F,asztal,LEHET_VACSORAZIK
Vi4tvYPaMpHrJtchbz4qPsufSAd3,nadrag,LEHET_VAG
YsgVSf2DRAuoIzG4hcEwSpkPiPJQ,eper,LEHET_VAG
hLKflzDgIt1d1kkYiBgtD6Ildzca,eper,LEHET_VAG
HM7nhqdiyPmEZCyAkPB440Ok3wSG,krumpli,LEHET_VAG
aCY8Po3E02wrI4Rrdzzxu9aTgdc7,kard,LEHET_VAG
2mf1pytEKj8RM8in6MbEzrMBMAX1,lo,LEHET_VAG_IND
J8IzRk7DYymlKgV6sF7Umb2Wf8kh,vonat,LEHET_VAR
ZE4Vso19ws4GQBEbRlAx3gqRf2Ql,vonat,LEHET_VAR
Z5DTSVEQk3FtNUWlQHkHPAEBPtsT,nadrag,LEHET_VASAL
cKkzcqwwIFXF6u0LdJBUTL1a4td2,krumpli,LEHET_VASAROL
gZUIZf0CyPQa4w9Wggvx5cJkQ4C2,ceruza,LEHET_VEGIGHUZ
sTZywlkMZzaRE7Uqx1qpacwIHmlG,kez,LEHET_VEREKSZIK
2GQsh4qTCle4fioT2ib8QrWmurRt,lo,LEHET_VERSENYEZ
ZE4Vso19ws4GQBEbRlAx3gqRf2Ql,kutya,LEHET_VESZ
sTZywlkMZzaRE7Uqx1qpacwIHmlG,kutya,LEHET_VESZ
XWItECLFYo8VG5SskW9iQPJI7pRA,nadrag,LEHET_VESZ
pB2ZvSU9uIZYrVmru0V6dzKTR2AW,nadrag,LEHET_VESZ
bXeBh3j0gOGpCmEt68bY2NjVKwZS,cipo,LEHET_VESZ
ZE4Vso19ws4GQBEbRlAx3gqRf2Ql,pulover,LEHET_VESZ
ZE4Vso19ws4GQBEbRlAx3gqRf2Ql,pulover,LEHET_VESZ
LDiQ49hqAeKCaIZiU4yXQEO9tTmv,eper,LEHET_VESZ
gDJxpFMvaIHBGwkBz6Z9Z5E6rqeQ,eper,LEHET_VESZ
ZE4Vso19ws4GQBEbRlAx3gqRf2Ql,bab,LEHET_VESZ
wChCSZMZUV5HgFOPQqYJsHLy8yej,szonyeg,LEHET_VESZ
ZE4Vso19ws4GQBEbRlAx3gqRf2Ql,sepru,LEHET_VESZ
bXeBh3j0gOGpCmEt68bY2NjVKwZS,ceruza,LEHET_VESZ
Vi4tvYPaMpHrJtchbz4qPsufSAd3,konyv,LEHET_VESZ
HM7nhqdiyPmEZCyAkPB440Ok3wSG,vonat,LEHET_VESZTEGEL
Z5DTSVEQk3FtNUWlQHkHPAEBPtsT,erdo,LEHET_VETKOZ
bJxnk1ZvF1GBnye0bYpBFGuOIcsJ,kez,LEHET_VEZET
2mf1pytEKj8RM8in6MbEzrMBMAX1,erdo,LEHET_VEZET
DL3j5JV4aiCT3r9LNq9fctuLkefs,helikopter,LEHET_VEZET
NcVfp49U0WugaYJkv4r2Y3PXc7cn,helikopter,LEHET_VEZET
pB2ZvSU9uIZYrVmru0V6dzKTR2AW,helikopter,LEHET_VEZET
46yfoWhTy2iS3zBBIKYeTkITLWIt,vonat,LEHET_VEZET
b6lgi9tN1sInFmZy2YsPCSjxaQID,auto,LEHET_VEZET
b6lgi9tN1sInFmZy2YsPCSjxaQID,auto,LEHET_VEZET
d7QNG1DWNJdasfDIeRmdGvEIgJBM,auto,LEHET_VEZET
n8i5leQlntXz4XoA2JVGiOB0X0nS,auto,LEHET_VEZET
pcKzkYgCUpVc1YGsfcG9cuHwhIFq,auto,LEHET_VEZET
hLKflzDgIt1d1kkYiBgtD6Ildzca,kez,LEHET_VIDEOJATEKOZIK
pB2ZvSU9uIZYrVmru0V6dzKTR2AW,szem,LEHET_VIGYAZ
ve2UV1qBXwAErAfwa7CBZvAjwxAb,jatszoter,LEHET_VIGYAZ
jnjKoAau2JdPFO1Y9PwBO6XlzGha,kard,LEHET_VIGYAZ 
WukuItBR0pKip9BVBEXWLXAS465F,nadrag,LEHET_VISEL
YsgVSf2DRAuoIzG4hcEwSpkPiPJQ,nadrag,LEHET_VISEL
8H7wVsJ31BN7WW6cJBe3DWB7ZJO9,lo,LEHET_VISZ
jBpNE83rvgjtcjB4lQzfTlkuifEs,kard,LEHET_VIV
gZUIZf0CyPQa4w9Wggvx5cJkQ4C2,hercegno,LEHET_ZARVA
ZE4Vso19ws4GQBEbRlAx3gqRf2Ql,bab,LESZ_BABFOZELEK
2GQsh4qTCle4fioT2ib8QrWmurRt,bab,LESZ_BABGULYAS
gZUIZf0CyPQa4w9Wggvx5cJkQ4C2,asztal,LESZ_BUNKER
XoMV4gJmAWW8fvZJRlQJoaciIPFJ,citrom,LESZ_EDESSEG
8H7wVsJ31BN7WW6cJBe3DWB7ZJO9,gyerek,LESZ_EMBER
2GQsh4qTCle4fioT2ib8QrWmurRt,eper,LESZ_EPERDZSEM
2GQsh4qTCle4fioT2ib8QrWmurRt,eper,LESZ_EPERLE
gwTxL0T8HQFlooQEgkqQvBG4rHtl,erdo,LESZ_ERDOTUZ
XoMV4gJmAWW8fvZJRlQJoaciIPFJ,gomba,LESZ_ETEL
cKkzcqwwIFXF6u0LdJBUTL1a4td2,krumpli,LESZ_ETEL
XnQQOJ6n3tTZgUOBj6SEG8VnkkCr,citrom,LESZ_FAGYI
TuiyHopNE0Ns45VopNY0umEgHnon,gyerek,LESZ_FELNOTT
pcKzkYgCUpVc1YGsfcG9cuHwhIFq,gyerek,LESZ_FELNOTT
pcKzkYgCUpVc1YGsfcG9cuHwhIFq,krumpli,LESZ_FOZELEK
TuiyHopNE0Ns45VopNY0umEgHnon,bab,LESZ_FOZELEK
TuiyHopNE0Ns45VopNY0umEgHnon,bab,LESZ_FOZELEK
XoMV4gJmAWW8fvZJRlQJoaciIPFJ,citrom,LESZ_ITAL
WukuItBR0pKip9BVBEXWLXAS465F,ceruza,LESZ_KICSI
hMhC4E5GeWS1zabc77OKHtfz529F,krumpli,LESZ_KRUMPLIFOZELEK
hMhC4E5GeWS1zabc77OKHtfz529F,krumpli,LESZ_KRUMPLILEVES
hMhC4E5GeWS1zabc77OKHtfz529F,krumpli,LESZ_KRUMPLIPORKOLT
0ayEKzKAhgI7kLaya0CVdQ0WaTdh,krumpli,LESZ_KRUMPLIPURE
8H7wVsJ31BN7WW6cJBe3DWB7ZJO9,krumpli,LESZ_KRUMPLISTESZTA
XnQQOJ6n3tTZgUOBj6SEG8VnkkCr,gomba,LESZ_LEVES
XoMV4gJmAWW8fvZJRlQJoaciIPFJ,gomba,LESZ_LEVES
pcKzkYgCUpVc1YGsfcG9cuHwhIFq,krumpli,LESZ_LEVES
LDiQ49hqAeKCaIZiU4yXQEO9tTmv,bab,LESZ_LEVES
TuiyHopNE0Ns45VopNY0umEgHnon,bab,LESZ_LEVES
TuiyHopNE0Ns45VopNY0umEgHnon,bab,LESZ_LEVES
WukuItBR0pKip9BVBEXWLXAS465F,bab,LESZ_LEVES
WukuItBR0pKip9BVBEXWLXAS465F,bab,LESZ_LEVES
XUQR36tyWgppAe5zdMBRy1MXndde,bab,LESZ_LEVES
n8i5leQlntXz4XoA2JVGiOB0X0nS,krumpli,LESZ_SULTKRUMPLI
TuiyHopNE0Ns45VopNY0umEgHnon,citrom,LESZ_SUTI
TuiyHopNE0Ns45VopNY0umEgHnon,citrom,LESZ_TEA
Z5DTSVEQk3FtNUWlQHkHPAEBPtsT,eper,LESZ_TURMIX
XoMV4gJmAWW8fvZJRlQJoaciIPFJ,helikopter,LESZALLO_KI
J8IzRk7DYymlKgV6sF7Umb2Wf8kh,tuzolto,LETRA_KI
gDJxpFMvaIHBGwkBz6Z9Z5E6rqeQ,tuzolto,LETRA_KI
NcVfp49U0WugaYJkv4r2Y3PXc7cn,kard,LOVAG_AKCIO
bJxnk1ZvF1GBnye0bYpBFGuOIcsJ,hercegno,LOVAG_KI
8H7wVsJ31BN7WW6cJBe3DWB7ZJO9,pulover,MACSKA_KI
HM7nhqdiyPmEZCyAkPB440Ok3wSG,vonat,MIBOL_ACEL
kudJQ7AAOK0KetYJYKSTcQ60xJre,vonat,MIBOL_ACEL
jBpNE83rvgjtcjB4lQzfTlkuifEs,nappali,MIBOL_ALAPANYAG
HM7nhqdiyPmEZCyAkPB440Ok3wSG,vonat,MIBOL_ALUMINIUM
kudJQ7AAOK0KetYJYKSTcQ60xJre,vonat,MIBOL_ALUMINIUM
YsgVSf2DRAuoIzG4hcEwSpkPiPJQ,nadrag,MIBOL_ANYAG
TuiyHopNE0Ns45VopNY0umEgHnon,cipo,MIBOL_ANYAG
bJxnk1ZvF1GBnye0bYpBFGuOIcsJ,cipo,MIBOL_ANYAG
gZUIZf0CyPQa4w9Wggvx5cJkQ4C2,cipo,MIBOL_ANYAG
hLKflzDgIt1d1kkYiBgtD6Ildzca,cipo,MIBOL_ANYAG
n8i5leQlntXz4XoA2JVGiOB0X0nS,cipo,MIBOL_ANYAG
8H7wVsJ31BN7WW6cJBe3DWB7ZJO9,pulover,MIBOL_ANYAG
kudJQ7AAOK0KetYJYKSTcQ60xJre,pulover,MIBOL_ANYAG
jnjKoAau2JdPFO1Y9PwBO6XlzGha,gyerek,MIBOL_ANYUKA
jnjKoAau2JdPFO1Y9PwBO6XlzGha,gyerek,MIBOL_APUKA
ioDhrsJV22Fym2kwi0Enu6L7qMoB,nappali,MIBOL_ASZFALT
XoMV4gJmAWW8fvZJRlQJoaciIPFJ,pulover,MIBOL_BARANY
vu240s5N1IMDtgWR79UZHs2w0H6C,pulover,MIBOL_BARANYBOR
ZE4Vso19ws4GQBEbRlAx3gqRf2Ql,pulover,MIBOL_BARANYSZOR
jBpNE83rvgjtcjB4lQzfTlkuifEs,kez,MIBOL_BOR
jnjKoAau2JdPFO1Y9PwBO6XlzGha,lab,MIBOL_BOR
HM7nhqdiyPmEZCyAkPB440Ok3wSG,nadrag,MIBOL_BOR
Vi4tvYPaMpHrJtchbz4qPsufSAd3,nadrag,MIBOL_BOR
gDJxpFMvaIHBGwkBz6Z9Z5E6rqeQ,nadrag,MIBOL_BOR
pB2ZvSU9uIZYrVmru0V6dzKTR2AW,nadrag,MIBOL_BOR
D8xwtXbTVptiRPXifIgUyGioQIkY,cipo,MIBOL_BOR
TuiyHopNE0Ns45VopNY0umEgHnon,cipo,MIBOL_BOR
XUQR36tyWgppAe5zdMBRy1MXndde,cipo,MIBOL_BOR
bXeBh3j0gOGpCmEt68bY2NjVKwZS,cipo,MIBOL_BOR
gZUIZf0CyPQa4w9Wggvx5cJkQ4C2,cipo,MIBOL_BOR
gwTxL0T8HQFlooQEgkqQvBG4rHtl,cipo,MIBOL_BOR
ioDhrsJV22Fym2kwi0Enu6L7qMoB,cipo,MIBOL_BOR
i9zlLDQ6SJh1P1fER1TKU6Wqq2qA,hercegno,MIBOL_BOR
jBpNE83rvgjtcjB4lQzfTlkuifEs,hercegno,MIBOL_BOR
hMhC4E5GeWS1zabc77OKHtfz529F,kard,MIBOL_BOR
TuiyHopNE0Ns45VopNY0umEgHnon,auto,MIBOL_BOR
d7QNG1DWNJdasfDIeRmdGvEIgJBM,nadrag,MIBOL_CERNA
hLKflzDgIt1d1kkYiBgtD6Ildzca,cipo,MIBOL_CERNA
i9zlLDQ6SJh1P1fER1TKU6Wqq2qA,pulover,MIBOL_CERNA
kudJQ7AAOK0KetYJYKSTcQ60xJre,pulover,MIBOL_CERNA
wChCSZMZUV5HgFOPQqYJsHLy8yej,pulover,MIBOL_CERNA
ioDhrsJV22Fym2kwi0Enu6L7qMoB,szonyeg,MIBOL_CERNA
kudJQ7AAOK0KetYJYKSTcQ60xJre,szonyeg,MIBOL_CERNA
2mf1pytEKj8RM8in6MbEzrMBMAX1,konyv,MIBOL_CERNA
i9zlLDQ6SJh1P1fER1TKU6Wqq2qA,hercegno,MIBOL_CSONT
kudJQ7AAOK0KetYJYKSTcQ60xJre,szem,MIBOL_DARABKA
pcKzkYgCUpVc1YGsfcG9cuHwhIFq,auto,MIBOL_DOLOG
8H7wVsJ31BN7WW6cJBe3DWB7ZJO9,asztal,MIBOL_FA
DL3j5JV4aiCT3r9LNq9fctuLkefs,asztal,MIBOL_FA
J8IzRk7DYymlKgV6sF7Umb2Wf8kh,asztal,MIBOL_FA
XUQR36tyWgppAe5zdMBRy1MXndde,asztal,MIBOL_FA
bXeBh3j0gOGpCmEt68bY2NjVKwZS,asztal,MIBOL_FA
gZUIZf0CyPQa4w9Wggvx5cJkQ4C2,asztal,MIBOL_FA
gwTxL0T8HQFlooQEgkqQvBG4rHtl,asztal,MIBOL_FA
hMhC4E5GeWS1zabc77OKHtfz529F,asztal,MIBOL_FA
jBpNE83rvgjtcjB4lQzfTlkuifEs,asztal,MIBOL_FA
b6lgi9tN1sInFmZy2YsPCSjxaQID,sepru,MIBOL_FA
cR7z9posZ25xSjb6z7sagHS235vn,sepru,MIBOL_FA
cR7z9posZ25xSjb6z7sagHS235vn,sepru,MIBOL_FA
fsUjgv5bHGSiLIc56gAiaFH0Eodm,sepru,MIBOL_FA
n8i5leQlntXz4XoA2JVGiOB0X0nS,sepru,MIBOL_FA
pcKzkYgCUpVc1YGsfcG9cuHwhIFq,sepru,MIBOL_FA
sTZywlkMZzaRE7Uqx1qpacwIHmlG,sepru,MIBOL_FA
2GQsh4qTCle4fioT2ib8QrWmurRt,ceruza,MIBOL_FA
46yfoWhTy2iS3zBBIKYeTkITLWIt,ceruza,MIBOL_FA
XUQR36tyWgppAe5zdMBRy1MXndde,ceruza,MIBOL_FA
i9zlLDQ6SJh1P1fER1TKU6Wqq2qA,ceruza,MIBOL_FA
XoMV4gJmAWW8fvZJRlQJoaciIPFJ,konyv,MIBOL_FA
sTZywlkMZzaRE7Uqx1qpacwIHmlG,konyv,MIBOL_FA
sTZywlkMZzaRE7Uqx1qpacwIHmlG,konyv,MIBOL_FA
XnQQOJ6n3tTZgUOBj6SEG8VnkkCr,kard,MIBOL_FA
HM7nhqdiyPmEZCyAkPB440Ok3wSG,vonat,MIBOL_FA
J8IzRk7DYymlKgV6sF7Umb2Wf8kh,vonat,MIBOL_FA
bJxnk1ZvF1GBnye0bYpBFGuOIcsJ,sepru,MIBOL_FA_IND
sTZywlkMZzaRE7Uqx1qpacwIHmlG,sepru,MIBOL_FA_IND
XWItECLFYo8VG5SskW9iQPJI7pRA,nadrag,MIBOL_FARMER
pB2ZvSU9uIZYrVmru0V6dzKTR2AW,nadrag,MIBOL_FARMER
8H7wVsJ31BN7WW6cJBe3DWB7ZJO9,asztal,MIBOL_FEM
DL3j5JV4aiCT3r9LNq9fctuLkefs,asztal,MIBOL_FEM
TuiyHopNE0Ns45VopNY0umEgHnon,kard,MIBOL_FEM
XWItECLFYo8VG5SskW9iQPJI7pRA,kard,MIBOL_FEM
XnQQOJ6n3tTZgUOBj6SEG8VnkkCr,kard,MIBOL_FEM
aCY8Po3E02wrI4Rrdzzxu9aTgdc7,kard,MIBOL_FEM
bJxnk1ZvF1GBnye0bYpBFGuOIcsJ,kard,MIBOL_FEM
hLKflzDgIt1d1kkYiBgtD6Ildzca,kard,MIBOL_FEM
hMhC4E5GeWS1zabc77OKHtfz529F,kard,MIBOL_FEM
jBpNE83rvgjtcjB4lQzfTlkuifEs,kard,MIBOL_FEM
8H7wVsJ31BN7WW6cJBe3DWB7ZJO9,helikopter,MIBOL_FEM
DL3j5JV4aiCT3r9LNq9fctuLkefs,helikopter,MIBOL_FEM
NcVfp49U0WugaYJkv4r2Y3PXc7cn,helikopter,MIBOL_FEM
XUQR36tyWgppAe5zdMBRy1MXndde,helikopter,MIBOL_FEM
Z5DTSVEQk3FtNUWlQHkHPAEBPtsT,helikopter,MIBOL_FEM
hMhC4E5GeWS1zabc77OKHtfz529F,helikopter,MIBOL_FEM
pB2ZvSU9uIZYrVmru0V6dzKTR2AW,helikopter,MIBOL_FEM
sTZywlkMZzaRE7Uqx1qpacwIHmlG,helikopter,MIBOL_FEM
wChCSZMZUV5HgFOPQqYJsHLy8yej,helikopter,MIBOL_FEM
2GQsh4qTCle4fioT2ib8QrWmurRt,vonat,MIBOL_FEM
2mf1pytEKj8RM8in6MbEzrMBMAX1,vonat,MIBOL_FEM
D8xwtXbTVptiRPXifIgUyGioQIkY,vonat,MIBOL_FEM
aCY8Po3E02wrI4Rrdzzxu9aTgdc7,vonat,MIBOL_FEM
cKkzcqwwIFXF6u0LdJBUTL1a4td2,vonat,MIBOL_FEM
gDJxpFMvaIHBGwkBz6Z9Z5E6rqeQ,vonat,MIBOL_FEM
ioDhrsJV22Fym2kwi0Enu6L7qMoB,vonat,MIBOL_FEM
XnQQOJ6n3tTZgUOBj6SEG8VnkkCr,auto,MIBOL_FEM
b6lgi9tN1sInFmZy2YsPCSjxaQID,auto,MIBOL_FEM
bJxnk1ZvF1GBnye0bYpBFGuOIcsJ,auto,MIBOL_FEM
d7QNG1DWNJdasfDIeRmdGvEIgJBM,auto,MIBOL_FEM
fsUjgv5bHGSiLIc56gAiaFH0Eodm,auto,MIBOL_FEM
hLKflzDgIt1d1kkYiBgtD6Ildzca,auto,MIBOL_FEM
hyQXyqpwb1eEKNKe7KdXNP9whDUd,auto,MIBOL_FEM
jBpNE83rvgjtcjB4lQzfTlkuifEs,auto,MIBOL_FEM
n8i5leQlntXz4XoA2JVGiOB0X0nS,auto,MIBOL_FEM
bXeBh3j0gOGpCmEt68bY2NjVKwZS,ceruza,MIBOL_FEM_IND
LDiQ49hqAeKCaIZiU4yXQEO9tTmv,auto,MIBOL_FESTEK
8H7wVsJ31BN7WW6cJBe3DWB7ZJO9,helikopter,MIBOL_FESTEKANYAG_IND
Z5DTSVEQk3FtNUWlQHkHPAEBPtsT,nadrag,MIBOL_FONAL
aCY8Po3E02wrI4Rrdzzxu9aTgdc7,cipo,MIBOL_FONAL
bXeBh3j0gOGpCmEt68bY2NjVKwZS,cipo,MIBOL_FONAL
DL3j5JV4aiCT3r9LNq9fctuLkefs,pulover,MIBOL_FONAL
kudJQ7AAOK0KetYJYKSTcQ60xJre,pulover,MIBOL_FONAL
kudJQ7AAOK0KetYJYKSTcQ60xJre,szonyeg,MIBOL_FONAL
sTZywlkMZzaRE7Uqx1qpacwIHmlG,nadrag,MIBOL_FONAL
aCY8Po3E02wrI4Rrdzzxu9aTgdc7,cipo,MIBOL_GUMI
gZUIZf0CyPQa4w9Wggvx5cJkQ4C2,cipo,MIBOL_GUMI
hMhC4E5GeWS1zabc77OKHtfz529F,cipo,MIBOL_GUMI
n8i5leQlntXz4XoA2JVGiOB0X0nS,cipo,MIBOL_GUMI
LDiQ49hqAeKCaIZiU4yXQEO9tTmv,auto,MIBOL_GUMI
b6lgi9tN1sInFmZy2YsPCSjxaQID,auto,MIBOL_GUMI
hLKflzDgIt1d1kkYiBgtD6Ildzca,auto,MIBOL_GUMI
46yfoWhTy2iS3zBBIKYeTkITLWIt,pulover,MIBOL_GYAPJU
pcKzkYgCUpVc1YGsfcG9cuHwhIFq,gyerek,MIBOL_HAS
jnjKoAau2JdPFO1Y9PwBO6XlzGha,lab,MIBOL_HUS
i9zlLDQ6SJh1P1fER1TKU6Wqq2qA,hercegno,MIBOL_HUS
sTZywlkMZzaRE7Uqx1qpacwIHmlG,helikopter,MIBOL_JATEK
DL3j5JV4aiCT3r9LNq9fctuLkefs,konyv,MIBOL_LAP
fsUjgv5bHGSiLIc56gAiaFH0Eodm,auto,MIBOL_LEGO
vu240s5N1IMDtgWR79UZHs2w0H6C,szonyeg,MIBOL_MEDVE
ioDhrsJV22Fym2kwi0Enu6L7qMoB,cipo,MIBOL_MINDENFELE
J8IzRk7DYymlKgV6sF7Umb2Wf8kh,cipo,MIBOL_MUANYAG
TuiyHopNE0Ns45VopNY0umEgHnon,cipo,MIBOL_MUANYAG
cR7z9posZ25xSjb6z7sagHS235vn,cipo,MIBOL_MUANYAG
ioDhrsJV22Fym2kwi0Enu6L7qMoB,cipo,MIBOL_MUANYAG
n8i5leQlntXz4XoA2JVGiOB0X0nS,cipo,MIBOL_MUANYAG
8H7wVsJ31BN7WW6cJBe3DWB7ZJO9,asztal,MIBOL_MUANYAG
cR7z9posZ25xSjb6z7sagHS235vn,sepru,MIBOL_MUANYAG
fsUjgv5bHGSiLIc56gAiaFH0Eodm,sepru,MIBOL_MUANYAG
LDiQ49hqAeKCaIZiU4yXQEO9tTmv,auto,MIBOL_MUANYAG
cR7z9posZ25xSjb6z7sagHS235vn,auto,MIBOL_MUANYAG
cR7z9posZ25xSjb6z7sagHS235vn,auto,MIBOL_MUANYAG
hLKflzDgIt1d1kkYiBgtD6Ildzca,auto,MIBOL_MUANYAG
pcKzkYgCUpVc1YGsfcG9cuHwhIFq,sepru,MIBOL_MUANYAG-FELESEG
XWItECLFYo8VG5SskW9iQPJI7pRA,nadrag,MIBOL_PAMUT
46yfoWhTy2iS3zBBIKYeTkITLWIt,pulover,MIBOL_PAMUT
XoMV4gJmAWW8fvZJRlQJoaciIPFJ,konyv,MIBOL_PAPIR
sTZywlkMZzaRE7Uqx1qpacwIHmlG,konyv,MIBOL_PAPIR
kudJQ7AAOK0KetYJYKSTcQ60xJre,szonyeg,MIBOL_RONGY
ve2UV1qBXwAErAfwa7CBZvAjwxAb,lab,MIBOL_RUD
NcVfp49U0WugaYJkv4r2Y3PXc7cn,pulover,MIBOL_RUHA
n8i5leQlntXz4XoA2JVGiOB0X0nS,sepru,MIBOL_SZALKA
NcVfp49U0WugaYJkv4r2Y3PXc7cn,sepru,MIBOL_SZALMA
NcVfp49U0WugaYJkv4r2Y3PXc7cn,sepru,MIBOL_SZENA
sTZywlkMZzaRE7Uqx1qpacwIHmlG,sepru,MIBOL_SZENA
hLKflzDgIt1d1kkYiBgtD6Ildzca,cipo,MIBOL_SZIVACS
vu240s5N1IMDtgWR79UZHs2w0H6C,pulover,MIBOL_SZOR
aCY8Po3E02wrI4Rrdzzxu9aTgdc7,szonyeg,MIBOL_SZOR
2GQsh4qTCle4fioT2ib8QrWmurRt,nadrag,MIBOL_SZORME
WukuItBR0pKip9BVBEXWLXAS465F,nadrag,MIBOL_SZOVET
fsUjgv5bHGSiLIc56gAiaFH0Eodm,nadrag,MIBOL_SZOVET
gwTxL0T8HQFlooQEgkqQvBG4rHtl,cipo,MIBOL_SZOVET
hMhC4E5GeWS1zabc77OKHtfz529F,cipo,MIBOL_SZOVET
hyQXyqpwb1eEKNKe7KdXNP9whDUd,pulover,MIBOL_SZOVET
ve2UV1qBXwAErAfwa7CBZvAjwxAb,pulover,MIBOL_SZOVET
XnQQOJ6n3tTZgUOBj6SEG8VnkkCr,szonyeg,MIBOL_SZOVET
jBpNE83rvgjtcjB4lQzfTlkuifEs,pulover,MIBOL_TEXTIL
jnjKoAau2JdPFO1Y9PwBO6XlzGha,helikopter,MIBOL_UVEG
cR7z9posZ25xSjb6z7sagHS235vn,auto,MIBOL_UVEG
2mf1pytEKj8RM8in6MbEzrMBMAX1,vonat,MIBOL_UVEG_IND
2mf1pytEKj8RM8in6MbEzrMBMAX1,vonat,MIBOL_UVEG_IND
ioDhrsJV22Fym2kwi0Enu6L7qMoB,nappali,MIBOL_VAS
bXeBh3j0gOGpCmEt68bY2NjVKwZS,asztal,MIBOL_VAS
TuiyHopNE0Ns45VopNY0umEgHnon,kard,MIBOL_VAS
b6lgi9tN1sInFmZy2YsPCSjxaQID,kard,MIBOL_VAS
jnjKoAau2JdPFO1Y9PwBO6XlzGha,kard,MIBOL_VAS
XoMV4gJmAWW8fvZJRlQJoaciIPFJ,helikopter,MIBOL_VAS
bXeBh3j0gOGpCmEt68bY2NjVKwZS,helikopter,MIBOL_VAS
gZUIZf0CyPQa4w9Wggvx5cJkQ4C2,helikopter,MIBOL_VAS
jnjKoAau2JdPFO1Y9PwBO6XlzGha,helikopter,MIBOL_VAS
46yfoWhTy2iS3zBBIKYeTkITLWIt,vonat,MIBOL_VAS
HM7nhqdiyPmEZCyAkPB440Ok3wSG,vonat,MIBOL_VAS
J8IzRk7DYymlKgV6sF7Umb2Wf8kh,vonat,MIBOL_VAS
Vi4tvYPaMpHrJtchbz4qPsufSAd3,vonat,MIBOL_VAS
ZE4Vso19ws4GQBEbRlAx3gqRf2Ql,vonat,MIBOL_VAS
gDJxpFMvaIHBGwkBz6Z9Z5E6rqeQ,vonat,MIBOL_VAS
gDJxpFMvaIHBGwkBz6Z9Z5E6rqeQ,vonat,MIBOL_VAS
ioDhrsJV22Fym2kwi0Enu6L7qMoB,vonat,MIBOL_VAS
kudJQ7AAOK0KetYJYKSTcQ60xJre,vonat,MIBOL_VAS
vu240s5N1IMDtgWR79UZHs2w0H6C,vonat,MIBOL_VAS
TuiyHopNE0Ns45VopNY0umEgHnon,auto,MIBOL_VAS
TuiyHopNE0Ns45VopNY0umEgHnon,kard,MIBOL_VAS_IND
2mf1pytEKj8RM8in6MbEzrMBMAX1,vonat,MIBOL_VAS_IND
HM7nhqdiyPmEZCyAkPB440Ok3wSG,nadrag,MIBOL_VASZON
TuiyHopNE0Ns45VopNY0umEgHnon,auto,MIBOL_VATTA
LDiQ49hqAeKCaIZiU4yXQEO9tTmv,auto,MIBOL_VAZ
Vi4tvYPaMpHrJtchbz4qPsufSAd3,vonat,MIBOL_VILLANY
WukuItBR0pKip9BVBEXWLXAS465F,sepru,MIBOL_VIRGACS
cKkzcqwwIFXF6u0LdJBUTL1a4td2,nadrag,MIBOL_ZSINOR
gZUIZf0CyPQa4w9Wggvx5cJkQ4C2,cipo,MIKOR_TAVASZ
pcKzkYgCUpVc1YGsfcG9cuHwhIFq,pulover,MIKOR_TAVASZ
YsgVSf2DRAuoIzG4hcEwSpkPiPJQ,eper,MIKOR_TAVASZ
DL3j5JV4aiCT3r9LNq9fctuLkefs,gomba,MIKOR_TAVASZ
bXeBh3j0gOGpCmEt68bY2NjVKwZS,erdo,MILLIO_FA
ZE4Vso19ws4GQBEbRlAx3gqRf2Ql,sepru,MILLIO_SZAL
8H7wVsJ31BN7WW6cJBe3DWB7ZJO9,pulover,MIVEL_FON
jBpNE83rvgjtcjB4lQzfTlkuifEs,pulover,MIVEL_FONOTT
wChCSZMZUV5HgFOPQqYJsHLy8yej,pulover,MIVEL_HORGOL
8H7wVsJ31BN7WW6cJBe3DWB7ZJO9,pulover,MIVEL_KOT
NcVfp49U0WugaYJkv4r2Y3PXc7cn,pulover,MIVEL_KOT
J8IzRk7DYymlKgV6sF7Umb2Wf8kh,krumpli,MIVEL_NO
YsgVSf2DRAuoIzG4hcEwSpkPiPJQ,nadrag,MIVEL_SZO
n8i5leQlntXz4XoA2JVGiOB0X0nS,cipo,MIVEL_SZO
kudJQ7AAOK0KetYJYKSTcQ60xJre,szonyeg,MIVEL_SZO
kudJQ7AAOK0KetYJYKSTcQ60xJre,bab,MIVEL_ULTET
Z5DTSVEQk3FtNUWlQHkHPAEBPtsT,nadrag,MIVEL_VARR
sTZywlkMZzaRE7Uqx1qpacwIHmlG,nadrag,MIVEL_VARR
jnjKoAau2JdPFO1Y9PwBO6XlzGha,cipo,MIVEL_VARR
46yfoWhTy2iS3zBBIKYeTkITLWIt,pulover,MIVEL_VARR
8H7wVsJ31BN7WW6cJBe3DWB7ZJO9,pulover,MIVEL_VARR
wChCSZMZUV5HgFOPQqYJsHLy8yej,pulover,MIVEL_VARR
46yfoWhTy2iS3zBBIKYeTkITLWIt,alma,MOD_BELEHARAP_FOGYASZT
J8IzRk7DYymlKgV6sF7Umb2Wf8kh,alma,MOD_BELEHARAP_FOGYASZT
J8IzRk7DYymlKgV6sF7Umb2Wf8kh,alma,MOD_BELEHARAP_FOGYASZT
WukuItBR0pKip9BVBEXWLXAS465F,alma,MOD_BELEHARAP_FOGYASZT
XUQR36tyWgppAe5zdMBRy1MXndde,alma,MOD_BELEHARAP_FOGYASZT
gwTxL0T8HQFlooQEgkqQvBG4rHtl,alma,MOD_BELEHARAP_FOGYASZT
n8i5leQlntXz4XoA2JVGiOB0X0nS,alma,MOD_BELEHARAP_FOGYASZT
TuiyHopNE0Ns45VopNY0umEgHnon,citrom,MOD_BELEHARAP_FOGYASZT
2mf1pytEKj8RM8in6MbEzrMBMAX1,eper,MOD_BERAK_FOGYASZT
n8i5leQlntXz4XoA2JVGiOB0X0nS,lab,MOD_BETEGSEG_LESZAKAD
Vi4tvYPaMpHrJtchbz4qPsufSAd3,eper,MOD_BEVESZ_FOGYASZT
fsUjgv5bHGSiLIc56gAiaFH0Eodm,citrom,MOD_CITROMLE_FOGYASZT
gDJxpFMvaIHBGwkBz6Z9Z5E6rqeQ,eper,MOD_CUKOR_FOGYASZT
hLKflzDgIt1d1kkYiBgtD6Ildzca,eper,MOD_CUKOR_FOGYASZT
NcVfp49U0WugaYJkv4r2Y3PXc7cn,citrom,MOD_CSAVAR_FOGYASZT
bJxnk1ZvF1GBnye0bYpBFGuOIcsJ,sepru,MOD_CSAVAR_OSSZEALLIT
ZE4Vso19ws4GQBEbRlAx3gqRf2Ql,eper,MOD_CSIPESZ_FOGYASZT
8H7wVsJ31BN7WW6cJBe3DWB7ZJO9,krumpli,MOD_EBED_FOGYASZT
8H7wVsJ31BN7WW6cJBe3DWB7ZJO9,citrom,MOD_EGESZ_FOGYASZT
LDiQ49hqAeKCaIZiU4yXQEO9tTmv,lo,MOD_EGYEDUL_HASZNAL
DL3j5JV4aiCT3r9LNq9fctuLkefs,citrom,MOD_ELVAG_FOGYASZT
bXeBh3j0gOGpCmEt68bY2NjVKwZS,eper,MOD_ERETT_EHETO
0ayEKzKAhgI7kLaya0CVdQ0WaTdh,krumpli,MOD_FASIRT_FOGYASZT
aCY8Po3E02wrI4Rrdzzxu9aTgdc7,citrom,MOD_FELVAG_FOGYASZT
vu240s5N1IMDtgWR79UZHs2w0H6C,citrom,MOD_FELVAG_FOGYASZT
n8i5leQlntXz4XoA2JVGiOB0X0nS,krumpli,MOD_FELVAG_FOGYASZT
n8i5leQlntXz4XoA2JVGiOB0X0nS,krumpli,MOD_FELVAG_FOGYASZT
2mf1pytEKj8RM8in6MbEzrMBMAX1,eper,MOD_FOLNYAL_FOGYASZT
8H7wVsJ31BN7WW6cJBe3DWB7ZJO9,krumpli,MOD_FOLVAG_FOGYASZT
aCY8Po3E02wrI4Rrdzzxu9aTgdc7,gomba,MOD_GYORS_NO
hyQXyqpwb1eEKNKe7KdXNP9whDUd,citrom,MOD_GYUMOLCSOK_KOZOZZ
cR7z9posZ25xSjb6z7sagHS235vn,alma,MOD_HARAP_FOGYASZT
pcKzkYgCUpVc1YGsfcG9cuHwhIFq,alma,MOD_HARAP_FOGYASZT
Vi4tvYPaMpHrJtchbz4qPsufSAd3,eper,MOD_HARAP_FOGYASZT
pcKzkYgCUpVc1YGsfcG9cuHwhIFq,krumpli,MOD_HUSI_FOGYASZT
kudJQ7AAOK0KetYJYKSTcQ60xJre,kutya,MOD_JOL_HALL
J8IzRk7DYymlKgV6sF7Umb2Wf8kh,alma,MOD_KEZ_FOGYASZT
2mf1pytEKj8RM8in6MbEzrMBMAX1,eper,MOD_KEZ_FOGYASZT
LDiQ49hqAeKCaIZiU4yXQEO9tTmv,eper,MOD_KEZ_FOGYASZT
8H7wVsJ31BN7WW6cJBe3DWB7ZJO9,citrom,MOD_LENYEL_FOGYASZT
TuiyHopNE0Ns45VopNY0umEgHnon,citrom,MOD_LENYEL_FOGYASZT
2mf1pytEKj8RM8in6MbEzrMBMAX1,eper,MOD_LENYEL_FOGYASZT
wChCSZMZUV5HgFOPQqYJsHLy8yej,gomba,MOD_LETEP_FOGYASZT
hLKflzDgIt1d1kkYiBgtD6Ildzca,eper,MOD_MEGCUKROZ_FOGYASZT
sTZywlkMZzaRE7Uqx1qpacwIHmlG,gomba,MOD_MEGMELEGIT_FOGYASZT
pcKzkYgCUpVc1YGsfcG9cuHwhIFq,alma,MOD_MEGMOS_FOGYASZT
LDiQ49hqAeKCaIZiU4yXQEO9tTmv,eper,MOD_MEGMOS_FOGYASZT
kudJQ7AAOK0KetYJYKSTcQ60xJre,eper,MOD_MEGMOS_FOGYASZT
hMhC4E5GeWS1zabc77OKHtfz529F,krumpli,MOD_MEGMOS_FOGYASZT
8H7wVsJ31BN7WW6cJBe3DWB7ZJO9,citrom,MOD_MEGRAG_FOGYASZT
TuiyHopNE0Ns45VopNY0umEgHnon,citrom,MOD_MEGRAG_FOGYASZT
2mf1pytEKj8RM8in6MbEzrMBMAX1,eper,MOD_MEGRAG_FOGYASZT
gDJxpFMvaIHBGwkBz6Z9Z5E6rqeQ,gomba,MOD_MEGSUT_FOGYASZT
J8IzRk7DYymlKgV6sF7Umb2Wf8kh,krumpli,MOD_MEGSUT_FOGYASZT
jnjKoAau2JdPFO1Y9PwBO6XlzGha,bab,MOD_MEGSUT_FOGYASZT
gDJxpFMvaIHBGwkBz6Z9Z5E6rqeQ,eper,MOD_MEZ_FOGYASZT
ioDhrsJV22Fym2kwi0Enu6L7qMoB,kutya,MOD_NEGYKEZLAB_JAR
bXeBh3j0gOGpCmEt68bY2NjVKwZS,krumpli,MOD_NYERS_FOGYASZT
n8i5leQlntXz4XoA2JVGiOB0X0nS,krumpli,MOD_NYERS_FOGYASZT
J8IzRk7DYymlKgV6sF7Umb2Wf8kh,jatszoter,MOD_PANELHAZAK_KOZOTT
2mf1pytEKj8RM8in6MbEzrMBMAX1,lab,MOD_PAROS_LABBAL_UGRAL
sTZywlkMZzaRE7Uqx1qpacwIHmlG,eper,MOD_PROCUKOR_FOGYASZT
8H7wVsJ31BN7WW6cJBe3DWB7ZJO9,krumpli,MOD_PUCOL_FOGYASZT
b6lgi9tN1sInFmZy2YsPCSjxaQID,krumpli,MOD_PUCOL_FOGYASZT
Z5DTSVEQk3FtNUWlQHkHPAEBPtsT,eper,MOD_SZAR_NEMFOGYASZT
XWItECLFYo8VG5SskW9iQPJI7pRA,alma,MOD_SZOR_FOGYASZT
46yfoWhTy2iS3zBBIKYeTkITLWIt,alma,MOD_VAG_FOGYASZT
XWItECLFYo8VG5SskW9iQPJI7pRA,alma,MOD_VAG_FOGYASZT
pcKzkYgCUpVc1YGsfcG9cuHwhIFq,alma,MOD_VAG_FOGYASZT
XoMV4gJmAWW8fvZJRlQJoaciIPFJ,citrom,MOD_VAG_FOGYASZT
ioDhrsJV22Fym2kwi0Enu6L7qMoB,vonat,MOZDONY_AKCIO
TuiyHopNE0Ns45VopNY0umEgHnon,auto,NEGY_ABLAK
hyQXyqpwb1eEKNKe7KdXNP9whDUd,auto,NEGY_ABLAK
fsUjgv5bHGSiLIc56gAiaFH0Eodm,auto,NEGY_AJTO
pcKzkYgCUpVc1YGsfcG9cuHwhIFq,auto,NEGY_EMBER
hLKflzDgIt1d1kkYiBgtD6Ildzca,tuzolto,NEGY_KEREK
LDiQ49hqAeKCaIZiU4yXQEO9tTmv,auto,NEGY_KEREK
TuiyHopNE0Ns45VopNY0umEgHnon,auto,NEGY_KEREK
XnQQOJ6n3tTZgUOBj6SEG8VnkkCr,auto,NEGY_KEREK
cR7z9posZ25xSjb6z7sagHS235vn,auto,NEGY_KEREK
d7QNG1DWNJdasfDIeRmdGvEIgJBM,auto,NEGY_KEREK
hyQXyqpwb1eEKNKe7KdXNP9whDUd,auto,NEGY_KEREK
n8i5leQlntXz4XoA2JVGiOB0X0nS,auto,NEGY_KEREK
pcKzkYgCUpVc1YGsfcG9cuHwhIFq,auto,NEGY_KEREK
XoMV4gJmAWW8fvZJRlQJoaciIPFJ,kutya,NEGY_LAB
ZE4Vso19ws4GQBEbRlAx3gqRf2Ql,kutya,NEGY_LAB
bJxnk1ZvF1GBnye0bYpBFGuOIcsJ,kutya,NEGY_LAB
d7QNG1DWNJdasfDIeRmdGvEIgJBM,kutya,NEGY_LAB
fsUjgv5bHGSiLIc56gAiaFH0Eodm,kutya,NEGY_LAB
hMhC4E5GeWS1zabc77OKHtfz529F,kutya,NEGY_LAB
i9zlLDQ6SJh1P1fER1TKU6Wqq2qA,kutya,NEGY_LAB
n8i5leQlntXz4XoA2JVGiOB0X0nS,kutya,NEGY_LAB
sTZywlkMZzaRE7Uqx1qpacwIHmlG,kutya,NEGY_LAB
ve2UV1qBXwAErAfwa7CBZvAjwxAb,kutya,NEGY_LAB
2GQsh4qTCle4fioT2ib8QrWmurRt,lo,NEGY_LAB
8H7wVsJ31BN7WW6cJBe3DWB7ZJO9,lo,NEGY_LAB
DL3j5JV4aiCT3r9LNq9fctuLkefs,lo,NEGY_LAB
Vi4tvYPaMpHrJtchbz4qPsufSAd3,lo,NEGY_LAB
XUQR36tyWgppAe5zdMBRy1MXndde,lo,NEGY_LAB
cR7z9posZ25xSjb6z7sagHS235vn,lo,NEGY_LAB
pB2ZvSU9uIZYrVmru0V6dzKTR2AW,lo,NEGY_LAB
pcKzkYgCUpVc1YGsfcG9cuHwhIFq,lo,NEGY_LAB
2mf1pytEKj8RM8in6MbEzrMBMAX1,asztal,NEGY_LAB
2mf1pytEKj8RM8in6MbEzrMBMAX1,asztal,NEGY_LAB
8H7wVsJ31BN7WW6cJBe3DWB7ZJO9,asztal,NEGY_LAB
DL3j5JV4aiCT3r9LNq9fctuLkefs,asztal,NEGY_LAB
DL3j5JV4aiCT3r9LNq9fctuLkefs,asztal,NEGY_LAB
XUQR36tyWgppAe5zdMBRy1MXndde,asztal,NEGY_LAB
bXeBh3j0gOGpCmEt68bY2NjVKwZS,asztal,NEGY_LAB
gZUIZf0CyPQa4w9Wggvx5cJkQ4C2,asztal,NEGY_LAB
gwTxL0T8HQFlooQEgkqQvBG4rHtl,asztal,NEGY_LAB
hMhC4E5GeWS1zabc77OKHtfz529F,asztal,NEGY_LAB
jBpNE83rvgjtcjB4lQzfTlkuifEs,asztal,NEGY_LAB
jnjKoAau2JdPFO1Y9PwBO6XlzGha,asztal,NEGY_LAB
DL3j5JV4aiCT3r9LNq9fctuLkefs,pulover,NEGY_LYUK
cR7z9posZ25xSjb6z7sagHS235vn,lo,NEGY_PATA
gZUIZf0CyPQa4w9Wggvx5cJkQ4C2,lo,NEGY_PATA
hMhC4E5GeWS1zabc77OKHtfz529F,helikopter,NEGY_PROPELLER
Vi4tvYPaMpHrJtchbz4qPsufSAd3,szonyeg,NEGY_SAROK
sTZywlkMZzaRE7Uqx1qpacwIHmlG,hercegno,NEMAKCIO_HERCEG
sTZywlkMZzaRE7Uqx1qpacwIHmlG,hercegno,NEMAKCIO_KIRALY
0ayEKzKAhgI7kLaya0CVdQ0WaTdh,nadrag,NEMAKCIO_MEGFAZAS
bJxnk1ZvF1GBnye0bYpBFGuOIcsJ,cipo,NEMAKCIO_TALP
cR7z9posZ25xSjb6z7sagHS235vn,cipo,NEMAKCIO_TALP
2mf1pytEKj8RM8in6MbEzrMBMAX1,gomba,NEMBENNE_BETON
Z5DTSVEQk3FtNUWlQHkHPAEBPtsT,eper,NEMBENNE_CUKKOR
2mf1pytEKj8RM8in6MbEzrMBMAX1,erdo,NEMBENNE_EG
gkE2DF9rjk40Tdxikha0B9r2yMvP,szonyeg,NEMBENNE_ESZIK
D8xwtXbTVptiRPXifIgUyGioQIkY,gomba,NEMFAJTA_ALLAT
DL3j5JV4aiCT3r9LNq9fctuLkefs,gomba,NEMFAJTA_ELOLENY
d7QNG1DWNJdasfDIeRmdGvEIgJBM,szonyeg,NEMFAJTA_ELOLENY
DL3j5JV4aiCT3r9LNq9fctuLkefs,gyerek,NEMFAJTA_FELNOTT
gDJxpFMvaIHBGwkBz6Z9Z5E6rqeQ,kard,NEMFAJTA_GYEREKJATEK
DL3j5JV4aiCT3r9LNq9fctuLkefs,gomba,NEMFAJTA_GYUMOLCS
DL3j5JV4aiCT3r9LNq9fctuLkefs,gomba,NEMFAJTA_HUS
D8xwtXbTVptiRPXifIgUyGioQIkY,gomba,NEMFAJTA_NOVENY
n8i5leQlntXz4XoA2JVGiOB0X0nS,auto,NEMHASONLIT_BUSZ
sTZywlkMZzaRE7Uqx1qpacwIHmlG,kutya,NEMHASONLIT_EMBER
TuiyHopNE0Ns45VopNY0umEgHnon,gyerek,NEMHASONLIT_FELNOTT
TuiyHopNE0Ns45VopNY0umEgHnon,kacsa,NEMHASONLIT_HATTYU
sTZywlkMZzaRE7Uqx1qpacwIHmlG,helikopter,NEMHASONLIT_KOCSI
bXeBh3j0gOGpCmEt68bY2NjVKwZS,cipo,NEMHASONLIT_LABDA
b6lgi9tN1sInFmZy2YsPCSjxaQID,erdo,NEMHOL_BELVAROS
ve2UV1qBXwAErAfwa7CBZvAjwxAb,tuzolto,NEMHOL_BOLT_IND
bXeBh3j0gOGpCmEt68bY2NjVKwZS,ceruza,NEMHOL_BUTOR
bXeBh3j0gOGpCmEt68bY2NjVKwZS,ceruza,NEMHOL_BUTOR
J8IzRk7DYymlKgV6sF7Umb2Wf8kh,cipo,NEMHOL_FU
XoMV4gJmAWW8fvZJRlQJoaciIPFJ,pulover,NEMHOL_HIDEG
Vi4tvYPaMpHrJtchbz4qPsufSAd3,szonyeg,NEMHOL_ISKOLA
kudJQ7AAOK0KetYJYKSTcQ60xJre,szonyeg,NEMHOL_KO
XoMV4gJmAWW8fvZJRlQJoaciIPFJ,pulover,NEMHOL_MELEG
pcKzkYgCUpVc1YGsfcG9cuHwhIFq,pulover,NEMHOL_MELEG
gkE2DF9rjk40Tdxikha0B9r2yMvP,kacsa,NEMHOL_OCEAN
XnQQOJ6n3tTZgUOBj6SEG8VnkkCr,szonyeg,NEMHOL_PARKETTA
YsgVSf2DRAuoIzG4hcEwSpkPiPJQ,helikopter,NEMHOL_UR
b6lgi9tN1sInFmZy2YsPCSjxaQID,auto,NEMHOL_VATIKAN
YsgVSf2DRAuoIzG4hcEwSpkPiPJQ,helikopter,NEMHOL_VIZ
WukuItBR0pKip9BVBEXWLXAS465F,ceruza,NEMILYEN_EHETO
DL3j5JV4aiCT3r9LNq9fctuLkefs,pulover,NEMILYEN_HIDEG
XoMV4gJmAWW8fvZJRlQJoaciIPFJ,szonyeg,NEMILYEN_HIDEG
kudJQ7AAOK0KetYJYKSTcQ60xJre,szonyeg,NEMILYEN_HIDEG
wChCSZMZUV5HgFOPQqYJsHLy8yej,szonyeg,NEMILYEN_HIDEG
pcKzkYgCUpVc1YGsfcG9cuHwhIFq,pulover,NEMILYEN_HIDEG_IND
n8i5leQlntXz4XoA2JVGiOB0X0nS,cipo,NEMILYEN_HOSSZU
cKkzcqwwIFXF6u0LdJBUTL1a4td2,ceruza,NEMILYEN_HOSSZU
8H7wVsJ31BN7WW6cJBe3DWB7ZJO9,lo,NEMILYEN_KEK
Vi4tvYPaMpHrJtchbz4qPsufSAd3,nadrag,NEMILYEN_KOSZOS
bJxnk1ZvF1GBnye0bYpBFGuOIcsJ,cipo,NEMILYEN_KOSZOS
cR7z9posZ25xSjb6z7sagHS235vn,cipo,NEMILYEN_KOSZOS
Vi4tvYPaMpHrJtchbz4qPsufSAd3,szonyeg,NEMILYEN_KOSZOS
8H7wVsJ31BN7WW6cJBe3DWB7ZJO9,lo,NEMILYEN_LILA
jnjKoAau2JdPFO1Y9PwBO6XlzGha,gyerek,NEMILYEN_MAGAS
kudJQ7AAOK0KetYJYKSTcQ60xJre,pulover,NEMILYEN_MELEG
bXeBh3j0gOGpCmEt68bY2NjVKwZS,cipo,NEMILYEN_MEZITLAB
n8i5leQlntXz4XoA2JVGiOB0X0nS,cipo,NEMILYEN_MEZITLAB
XnQQOJ6n3tTZgUOBj6SEG8VnkkCr,kacsa,NEMILYEN_NAGY
46yfoWhTy2iS3zBBIKYeTkITLWIt,szem,NEMILYEN_NAGY
Z5DTSVEQk3FtNUWlQHkHPAEBPtsT,gyerek,NEMILYEN_NAGY
46yfoWhTy2iS3zBBIKYeTkITLWIt,gomba,NEMILYEN_NAGY
cKkzcqwwIFXF6u0LdJBUTL1a4td2,ceruza,NEMILYEN_NAGY
2mf1pytEKj8RM8in6MbEzrMBMAX1,hercegno,NEMILYEN_NAGY_IND
n8i5leQlntXz4XoA2JVGiOB0X0nS,lab,NEMILYEN_OSSZENOTT
8H7wVsJ31BN7WW6cJBe3DWB7ZJO9,lo,NEMILYEN_ROZSASZIN
kudJQ7AAOK0KetYJYKSTcQ60xJre,vonat,NEMILYEN_SARGA
ve2UV1qBXwAErAfwa7CBZvAjwxAb,lab,NEMILYEN_SZABALYOS
ve2UV1qBXwAErAfwa7CBZvAjwxAb,lab,NEMILYEN_SZABALYOS
8H7wVsJ31BN7WW6cJBe3DWB7ZJO9,lo,NEMILYEN_SZIVARVANYOS
ve2UV1qBXwAErAfwa7CBZvAjwxAb,jatszoter,NEMILYEN_VESZELYES_IND
wChCSZMZUV5HgFOPQqYJsHLy8yej,szonyeg,NEMKAPCSOLAT_ASZTAL_ULES
ZE4Vso19ws4GQBEbRlAx3gqRf2Ql,kutya,NEMKI_GAZDA
gZUIZf0CyPQa4w9Wggvx5cJkQ4C2,asztal,NEMKI_KOVACS
n8i5leQlntXz4XoA2JVGiOB0X0nS,sepru,NEMLAB_AKCIO
n8i5leQlntXz4XoA2JVGiOB0X0nS,kard,NEMLAB_AKCIO
J8IzRk7DYymlKgV6sF7Umb2Wf8kh,tuzolto,NEMLEHET_ALSZIK_IND
bJxnk1ZvF1GBnye0bYpBFGuOIcsJ,cipo,NEMLEHET_BELELEP
TuiyHopNE0Ns45VopNY0umEgHnon,kacsa,NEMLEHET_BELETESZ
0ayEKzKAhgI7kLaya0CVdQ0WaTdh,szem,NEMLEHET_BEVER
0ayEKzKAhgI7kLaya0CVdQ0WaTdh,szem,NEMLEHET_ELESIK
bXeBh3j0gOGpCmEt68bY2NjVKwZS,ceruza,NEMLEHET_ELRONT
pB2ZvSU9uIZYrVmru0V6dzKTR2AW,gomba,NEMLEHET_ESZIK
cKkzcqwwIFXF6u0LdJBUTL1a4td2,ceruza,NEMLEHET_ESZIK
jnjKoAau2JdPFO1Y9PwBO6XlzGha,alma,NEMLEHET_ESZIK_IND
8H7wVsJ31BN7WW6cJBe3DWB7ZJO9,krumpli,NEMLEHET_ESZIK_IND
ZE4Vso19ws4GQBEbRlAx3gqRf2Ql,vonat,NEMLEHET_FARAD
8H7wVsJ31BN7WW6cJBe3DWB7ZJO9,pulover,NEMLEHET_FAZIK
NcVfp49U0WugaYJkv4r2Y3PXc7cn,pulover,NEMLEHET_FAZIK
ZE4Vso19ws4GQBEbRlAx3gqRf2Ql,pulover,NEMLEHET_FAZIK
kudJQ7AAOK0KetYJYKSTcQ60xJre,pulover,NEMLEHET_FAZIK
46yfoWhTy2iS3zBBIKYeTkITLWIt,szonyeg,NEMLEHET_FAZIK
XnQQOJ6n3tTZgUOBj6SEG8VnkkCr,szonyeg,NEMLEHET_FAZIK
XoMV4gJmAWW8fvZJRlQJoaciIPFJ,szonyeg,NEMLEHET_FAZIK
gDJxpFMvaIHBGwkBz6Z9Z5E6rqeQ,szonyeg,NEMLEHET_FAZIK
XnQQOJ6n3tTZgUOBj6SEG8VnkkCr,kard,NEMLEHET_FOG
LDiQ49hqAeKCaIZiU4yXQEO9tTmv,sepru,NEMLEHET_GUGGOL
fsUjgv5bHGSiLIc56gAiaFH0Eodm,auto,NEMLEHET_HAJT
kudJQ7AAOK0KetYJYKSTcQ60xJre,szonyeg,NEMLEHET_JATSZIK
vu240s5N1IMDtgWR79UZHs2w0H6C,ceruza,NEMLEHET_JATSZIK
wChCSZMZUV5HgFOPQqYJsHLy8yej,ceruza,NEMLEHET_JATSZIK
J8IzRk7DYymlKgV6sF7Umb2Wf8kh,konyv,NEMLEHET_JATSZIK
cR7z9posZ25xSjb6z7sagHS235vn,konyv,NEMLEHET_JATSZIK
NcVfp49U0WugaYJkv4r2Y3PXc7cn,kard,NEMLEHET_JATSZIK
b6lgi9tN1sInFmZy2YsPCSjxaQID,kard,NEMLEHET_JATSZIK
gDJxpFMvaIHBGwkBz6Z9Z5E6rqeQ,kard,NEMLEHET_JATSZIK
hLKflzDgIt1d1kkYiBgtD6Ildzca,kard,NEMLEHET_JATSZIK
Vi4tvYPaMpHrJtchbz4qPsufSAd3,szonyeg,NEMLEHET_KIMOS
bXeBh3j0gOGpCmEt68bY2NjVKwZS,erdo,NEMLEHET_LEP
XnQQOJ6n3tTZgUOBj6SEG8VnkkCr,szonyeg,NEMLEHET_LEP
YsgVSf2DRAuoIzG4hcEwSpkPiPJQ,szonyeg,NEMLEHET_LEP
kudJQ7AAOK0KetYJYKSTcQ60xJre,szonyeg,NEMLEHET_LEP
2mf1pytEKj8RM8in6MbEzrMBMAX1,gomba,NEMLEHET_LESZED
2mf1pytEKj8RM8in6MbEzrMBMAX1,gomba,NEMLEHET_LESZED
2mf1pytEKj8RM8in6MbEzrMBMAX1,gomba,NEMLEHET_LETAPOS
8H7wVsJ31BN7WW6cJBe3DWB7ZJO9,krumpli,NEMLEHET_MEGEMESZT_IND
8H7wVsJ31BN7WW6cJBe3DWB7ZJO9,citrom,NEMLEHET_MEGESZIK_IND
8H7wVsJ31BN7WW6cJBe3DWB7ZJO9,krumpli,NEMLEHET_MEGESZIK_IND
gZUIZf0CyPQa4w9Wggvx5cJkQ4C2,cipo,NEMLEHET_NYALOGAT
8H7wVsJ31BN7WW6cJBe3DWB7ZJO9,citrom,NEMLEHET_OSSZETEVESZT
n8i5leQlntXz4XoA2JVGiOB0X0nS,nappali,NEMLEHET_ROBBANT
bXeBh3j0gOGpCmEt68bY2NjVKwZS,cipo,NEMLEHET_RUG
ZE4Vso19ws4GQBEbRlAx3gqRf2Ql,vonat,NEMLEHET_SETAL
bJxnk1ZvF1GBnye0bYpBFGuOIcsJ,auto,NEMLEHET_SETAL
bXeBh3j0gOGpCmEt68bY2NjVKwZS,erdo,NEMLEHET_SZED_IND
bXeBh3j0gOGpCmEt68bY2NjVKwZS,helikopter,NEMLEHET_UL
n8i5leQlntXz4XoA2JVGiOB0X0nS,tuzolto,NEMLESZ_MEGGYULAD
n8i5leQlntXz4XoA2JVGiOB0X0nS,tuzolto,NEMLESZ_TUZ
8H7wVsJ31BN7WW6cJBe3DWB7ZJO9,citrom,NEMMOD_BELEHARAP_FOGYASZT
TuiyHopNE0Ns45VopNY0umEgHnon,auto,NEMMOD_GYALOG_MENNI
bXeBh3j0gOGpCmEt68bY2NjVKwZS,eper,NEMMOD_NYERS_FOGYASZT
bXeBh3j0gOGpCmEt68bY2NjVKwZS,krumpli,NEMMOD_NYERS_FOGYASZT
jnjKoAau2JdPFO1Y9PwBO6XlzGha,bab,NEMMOD_NYERS_FOGYASZT
ZE4Vso19ws4GQBEbRlAx3gqRf2Ql,pulover,NEMRESZE_CIPZAR
DL3j5JV4aiCT3r9LNq9fctuLkefs,erdo,NEMRESZE_FU
8H7wVsJ31BN7WW6cJBe3DWB7ZJO9,gyerek,NEMRESZE_HAJ
2mf1pytEKj8RM8in6MbEzrMBMAX1,hercegno,NEMRESZE_KORONA
hMhC4E5GeWS1zabc77OKHtfz529F,cipo,NEMRESZE_KOTOS
hMhC4E5GeWS1zabc77OKHtfz529F,cipo,NEMRESZE_TEPOZAR
WukuItBR0pKip9BVBEXWLXAS465F,nadrag,NEMRESZE_ZOKNI
DL3j5JV4aiCT3r9LNq9fctuLkefs,erdo,NEMSOK_EMBER
8H7wVsJ31BN7WW6cJBe3DWB7ZJO9,gyerek,NEMSOK_HAJ
ZE4Vso19ws4GQBEbRlAx3gqRf2Ql,kutya,NEMSZERET_KULLANCS
gDJxpFMvaIHBGwkBz6Z9Z5E6rqeQ,kutya,NEMSZERET_MACSKA
n8i5leQlntXz4XoA2JVGiOB0X0nS,kutya,NEMSZERET_MACSKA
LDiQ49hqAeKCaIZiU4yXQEO9tTmv,gyerek,NEMSZERET_TANUL
ZE4Vso19ws4GQBEbRlAx3gqRf2Ql,pulover,NEMSZIN_KARDIGAN
n8i5leQlntXz4XoA2JVGiOB0X0nS,kutya,NEMTARS_MACSKA
8H7wVsJ31BN7WW6cJBe3DWB7ZJO9,gyerek,NEMTUD_BESZEL
0ayEKzKAhgI7kLaya0CVdQ0WaTdh,szem,NEMTUD_CSINAL
TuiyHopNE0Ns45VopNY0umEgHnon,gyerek,NEMTUD_DOLGOZIK
8H7wVsJ31BN7WW6cJBe3DWB7ZJO9,gyerek,NEMTUD_FOG_IND
sTZywlkMZzaRE7Uqx1qpacwIHmlG,helikopter,NEMTUD_GURUL
gwTxL0T8HQFlooQEgkqQvBG4rHtl,asztal,NEMTUD_JAR
8H7wVsJ31BN7WW6cJBe3DWB7ZJO9,gyerek,NEMTUD_KAPASZKODIK_IND
8H7wVsJ31BN7WW6cJBe3DWB7ZJO9,gyerek,NEMTUD_KEZEL
ioDhrsJV22Fym2kwi0Enu6L7qMoB,tuzolto,NEMTUD_KIJON_IND
Z5DTSVEQk3FtNUWlQHkHPAEBPtsT,helikopter,NEMTUD_LATSZODIK
8H7wVsJ31BN7WW6cJBe3DWB7ZJO9,gyerek,NEMTUD_RAJZOL_IND
jnjKoAau2JdPFO1Y9PwBO6XlzGha,kacsa,NEMTUD_REPUL
n8i5leQlntXz4XoA2JVGiOB0X0nS,auto,NEMTUD_SZENNYEZ_IND
gDJxpFMvaIHBGwkBz6Z9Z5E6rqeQ,szonyeg,NEMTUD_SZUR
YsgVSf2DRAuoIzG4hcEwSpkPiPJQ,szonyeg,NEMVELE_KOSZ
gDJxpFMvaIHBGwkBz6Z9Z5E6rqeQ,kutya,NEMVOLT_TOJAS
LDiQ49hqAeKCaIZiU4yXQEO9tTmv,eper,NYAM_SZAJ_FOGYASZT
Z5DTSVEQk3FtNUWlQHkHPAEBPtsT,ceruza,OVODAS_AKCIO
ioDhrsJV22Fym2kwi0Enu6L7qMoB,tuzolto,OXIGENPALACK_KI
gZUIZf0CyPQa4w9Wggvx5cJkQ4C2,kez,OT_BOTOCSKA
Vi4tvYPaMpHrJtchbz4qPsufSAd3,vonat,OT_KEREK
aCY8Po3E02wrI4Rrdzzxu9aTgdc7,kez,OT_UJJ
bJxnk1ZvF1GBnye0bYpBFGuOIcsJ,kez,OT_UJJ
hyQXyqpwb1eEKNKe7KdXNP9whDUd,kez,OT_UJJ
sTZywlkMZzaRE7Uqx1qpacwIHmlG,kez,OT_UJJ
vu240s5N1IMDtgWR79UZHs2w0H6C,kez,OT_UJJ
wChCSZMZUV5HgFOPQqYJsHLy8yej,kez,OT_UJJ
2GQsh4qTCle4fioT2ib8QrWmurRt,lab,OT_UJJ
bXeBh3j0gOGpCmEt68bY2NjVKwZS,lab,OT_UJJ
cR7z9posZ25xSjb6z7sagHS235vn,gyerek,OT_UJJ
d7QNG1DWNJdasfDIeRmdGvEIgJBM,konyv,PAPIR_AKCIO
2GQsh4qTCle4fioT2ib8QrWmurRt,lo,PATKO_KI
Vi4tvYPaMpHrJtchbz4qPsufSAd3,lo,PATKO_KI
bJxnk1ZvF1GBnye0bYpBFGuOIcsJ,hercegno,PENZ_KI
gkE2DF9rjk40Tdxikha0B9r2yMvP,gyerek,PLUSS_KI
kudJQ7AAOK0KetYJYKSTcQ60xJre,tuzolto,POROLTO_KI
ve2UV1qBXwAErAfwa7CBZvAjwxAb,tuzolto,POROLTO_KI
2mf1pytEKj8RM8in6MbEzrMBMAX1,konyv,RAGASZTO_AKCIO
jBpNE83rvgjtcjB4lQzfTlkuifEs,hercegno,RANG_KI
sTZywlkMZzaRE7Uqx1qpacwIHmlG,helikopter,RENDOR_AKCIO
gwTxL0T8HQFlooQEgkqQvBG4rHtl,erdo,RENGETEG_FA
2mf1pytEKj8RM8in6MbEzrMBMAX1,pulover,RESZ_TEST
jnjKoAau2JdPFO1Y9PwBO6XlzGha,helikopter,RESZE_ABLAK
wChCSZMZUV5HgFOPQqYJsHLy8yej,helikopter,RESZE_ABLAK
2mf1pytEKj8RM8in6MbEzrMBMAX1,vonat,RESZE_ABLAK
2mf1pytEKj8RM8in6MbEzrMBMAX1,vonat,RESZE_ABLAK
D8xwtXbTVptiRPXifIgUyGioQIkY,vonat,RESZE_ABLAK
XWItECLFYo8VG5SskW9iQPJI7pRA,vonat,RESZE_ABLAK
aCY8Po3E02wrI4Rrdzzxu9aTgdc7,vonat,RESZE_ABLAK
LDiQ49hqAeKCaIZiU4yXQEO9tTmv,auto,RESZE_ABLAK
TuiyHopNE0Ns45VopNY0umEgHnon,auto,RESZE_ABLAK
TuiyHopNE0Ns45VopNY0umEgHnon,auto,RESZE_ABLAK
bJxnk1ZvF1GBnye0bYpBFGuOIcsJ,auto,RESZE_ABLAK
hyQXyqpwb1eEKNKe7KdXNP9whDUd,auto,RESZE_ABLAK
hyQXyqpwb1eEKNKe7KdXNP9whDUd,auto,RESZE_ABLAK
i9zlLDQ6SJh1P1fER1TKU6Wqq2qA,auto,RESZE_ABLAK
cR7z9posZ25xSjb6z7sagHS235vn,auto,RESZE_ABLAKTORLO
DL3j5JV4aiCT3r9LNq9fctuLkefs,helikopter,RESZE_AJTO
hMhC4E5GeWS1zabc77OKHtfz529F,helikopter,RESZE_AJTO
LDiQ49hqAeKCaIZiU4yXQEO9tTmv,auto,RESZE_AJTO
fsUjgv5bHGSiLIc56gAiaFH0Eodm,auto,RESZE_AJTO
jBpNE83rvgjtcjB4lQzfTlkuifEs,auto,RESZE_AJTO
bXeBh3j0gOGpCmEt68bY2NjVKwZS,cipo,RESZE_ALJ
gDJxpFMvaIHBGwkBz6Z9Z5E6rqeQ,gomba,RESZE_ALJ
gwTxL0T8HQFlooQEgkqQvBG4rHtl,krumpli,RESZE_ALJ
b6lgi9tN1sInFmZy2YsPCSjxaQID,sepru,RESZE_ALJ
b6lgi9tN1sInFmZy2YsPCSjxaQID,sepru,RESZE_ALJ
kudJQ7AAOK0KetYJYKSTcQ60xJre,kutya,RESZE_ALLKAPOCS
XUQR36tyWgppAe5zdMBRy1MXndde,asztal,RESZE_ASZTALLAP
HM7nhqdiyPmEZCyAkPB440Ok3wSG,nadrag,RESZE_BEJARAT
46yfoWhTy2iS3zBBIKYeTkITLWIt,szem,RESZE_BELSO
2GQsh4qTCle4fioT2ib8QrWmurRt,nadrag,RESZE_BELSO
J8IzRk7DYymlKgV6sF7Umb2Wf8kh,cipo,RESZE_BELSO
XUQR36tyWgppAe5zdMBRy1MXndde,cipo,RESZE_BELSO
jBpNE83rvgjtcjB4lQzfTlkuifEs,pulover,RESZE_BELSO
WukuItBR0pKip9BVBEXWLXAS465F,alma,RESZE_BELSO
gwTxL0T8HQFlooQEgkqQvBG4rHtl,alma,RESZE_BELSO
8H7wVsJ31BN7WW6cJBe3DWB7ZJO9,citrom,RESZE_BELSO
8H7wVsJ31BN7WW6cJBe3DWB7ZJO9,citrom,RESZE_BELSO
LDiQ49hqAeKCaIZiU4yXQEO9tTmv,eper,RESZE_BELSO
8H7wVsJ31BN7WW6cJBe3DWB7ZJO9,krumpli,RESZE_BELSO
8H7wVsJ31BN7WW6cJBe3DWB7ZJO9,krumpli,RESZE_BELSO
HM7nhqdiyPmEZCyAkPB440Ok3wSG,krumpli,RESZE_BELSO
HM7nhqdiyPmEZCyAkPB440Ok3wSG,krumpli,RESZE_BELSO
b6lgi9tN1sInFmZy2YsPCSjxaQID,krumpli,RESZE_BELSO
b6lgi9tN1sInFmZy2YsPCSjxaQID,krumpli,RESZE_BELSO
gwTxL0T8HQFlooQEgkqQvBG4rHtl,krumpli,RESZE_BELSO
pcKzkYgCUpVc1YGsfcG9cuHwhIFq,krumpli,RESZE_BELSO
TuiyHopNE0Ns45VopNY0umEgHnon,bab,RESZE_BELSO
XUQR36tyWgppAe5zdMBRy1MXndde,bab,RESZE_BELSO
Z5DTSVEQk3FtNUWlQHkHPAEBPtsT,bab,RESZE_BELSO
LDiQ49hqAeKCaIZiU4yXQEO9tTmv,ceruza,RESZE_BELSO
LDiQ49hqAeKCaIZiU4yXQEO9tTmv,ceruza,RESZE_BELSO
ioDhrsJV22Fym2kwi0Enu6L7qMoB,ceruza,RESZE_BELSO
pB2ZvSU9uIZYrVmru0V6dzKTR2AW,ceruza,RESZE_BELSO
TuiyHopNE0Ns45VopNY0umEgHnon,auto,RESZE_BELSO
WukuItBR0pKip9BVBEXWLXAS465F,alma,RESZE_BEMELYEDES
2mf1pytEKj8RM8in6MbEzrMBMAX1,lab,RESZE_BOKA
pcKzkYgCUpVc1YGsfcG9cuHwhIFq,lab,RESZE_BOKA
0ayEKzKAhgI7kLaya0CVdQ0WaTdh,nadrag,RESZE_BOKA
DL3j5JV4aiCT3r9LNq9fctuLkefs,gyerek,RESZE_BOKA
YsgVSf2DRAuoIzG4hcEwSpkPiPJQ,konyv,RESZE_BORITO
cR7z9posZ25xSjb6z7sagHS235vn,konyv,RESZE_BORITO
fsUjgv5bHGSiLIc56gAiaFH0Eodm,konyv,RESZE_BORITO
gwTxL0T8HQFlooQEgkqQvBG4rHtl,konyv,RESZE_BORITO
hyQXyqpwb1eEKNKe7KdXNP9whDUd,konyv,RESZE_BORITO
kudJQ7AAOK0KetYJYKSTcQ60xJre,konyv,RESZE_BORITO
kudJQ7AAOK0KetYJYKSTcQ60xJre,konyv,RESZE_BORITO
pcKzkYgCUpVc1YGsfcG9cuHwhIFq,konyv,RESZE_BORITO
ZE4Vso19ws4GQBEbRlAx3gqRf2Ql,sepru,RESZE_BOT
fsUjgv5bHGSiLIc56gAiaFH0Eodm,sepru,RESZE_BOT
gZUIZf0CyPQa4w9Wggvx5cJkQ4C2,kez,RESZE_BOTOCSKA
gZUIZf0CyPQa4w9Wggvx5cJkQ4C2,kez,RESZE_BOR
J8IzRk7DYymlKgV6sF7Umb2Wf8kh,lab,RESZE_BOR
ve2UV1qBXwAErAfwa7CBZvAjwxAb,lab,RESZE_BOR
ve2UV1qBXwAErAfwa7CBZvAjwxAb,lab,RESZE_BOR
TuiyHopNE0Ns45VopNY0umEgHnon,bab,RESZE_BOR
aCY8Po3E02wrI4Rrdzzxu9aTgdc7,kez,RESZE_BORRETEG
Z5DTSVEQk3FtNUWlQHkHPAEBPtsT,kutya,RESZE_BUNDA
XUQR36tyWgppAe5zdMBRy1MXndde,kez,RESZE_BUTYKOK
YsgVSf2DRAuoIzG4hcEwSpkPiPJQ,konyv,RESZE_CIM
d7QNG1DWNJdasfDIeRmdGvEIgJBM,konyv,RESZE_CIM
gwTxL0T8HQFlooQEgkqQvBG4rHtl,konyv,RESZE_CIM
LDiQ49hqAeKCaIZiU4yXQEO9tTmv,cipo,RESZE_CIPOFUZO
LDiQ49hqAeKCaIZiU4yXQEO9tTmv,gyerek,RESZE_CIPO
bXeBh3j0gOGpCmEt68bY2NjVKwZS,cipo,RESZE_CIPOFEJ
XUQR36tyWgppAe5zdMBRy1MXndde,cipo,RESZE_CIPOFUZO
bJxnk1ZvF1GBnye0bYpBFGuOIcsJ,cipo,RESZE_CIPOFUZO
ioDhrsJV22Fym2kwi0Enu6L7qMoB,cipo,RESZE_CIPOKOTO
TuiyHopNE0Ns45VopNY0umEgHnon,cipo,RESZE_CIPONYELV
LDiQ49hqAeKCaIZiU4yXQEO9tTmv,cipo,RESZE_CIPZAR
46yfoWhTy2iS3zBBIKYeTkITLWIt,pulover,RESZE_CIPZAR
ve2UV1qBXwAErAfwa7CBZvAjwxAb,pulover,RESZE_CIPZAR
wChCSZMZUV5HgFOPQqYJsHLy8yej,pulover,RESZE_CIPZAR
2GQsh4qTCle4fioT2ib8QrWmurRt,lab,RESZE_COMB
bXeBh3j0gOGpCmEt68bY2NjVKwZS,lab,RESZE_COMB
d7QNG1DWNJdasfDIeRmdGvEIgJBM,lab,RESZE_COMB
fsUjgv5bHGSiLIc56gAiaFH0Eodm,lab,RESZE_COMB
ioDhrsJV22Fym2kwi0Enu6L7qMoB,lab,RESZE_COMB
n8i5leQlntXz4XoA2JVGiOB0X0nS,lab,RESZE_COMB
pcKzkYgCUpVc1YGsfcG9cuHwhIFq,lab,RESZE_COMB
0ayEKzKAhgI7kLaya0CVdQ0WaTdh,nadrag,RESZE_COMB
DL3j5JV4aiCT3r9LNq9fctuLkefs,gyerek,RESZE_COMB
jBpNE83rvgjtcjB4lQzfTlkuifEs,kez,RESZE_CSIK
NcVfp49U0WugaYJkv4r2Y3PXc7cn,tuzolto,RESZE_CSIK_IND
HM7nhqdiyPmEZCyAkPB440Ok3wSG,krumpli,RESZE_CSIRA
NcVfp49U0WugaYJkv4r2Y3PXc7cn,krumpli,RESZE_CSIRA
TuiyHopNE0Ns45VopNY0umEgHnon,auto,RESZE_CSOMAGTARTO
bJxnk1ZvF1GBnye0bYpBFGuOIcsJ,auto,RESZE_CSOMAGTARTO
i9zlLDQ6SJh1P1fER1TKU6Wqq2qA,auto,RESZE_CSOMAGTARTO
jBpNE83rvgjtcjB4lQzfTlkuifEs,auto,RESZE_CSOMAGTARTO
n8i5leQlntXz4XoA2JVGiOB0X0nS,auto,RESZE_CSOMAGTARTO
bXeBh3j0gOGpCmEt68bY2NjVKwZS,kacsa,RESZE_CSONT
XoMV4gJmAWW8fvZJRlQJoaciIPFJ,kutya,RESZE_CSONT
bJxnk1ZvF1GBnye0bYpBFGuOIcsJ,sepru,RESZE_CSO
0ayEKzKAhgI7kLaya0CVdQ0WaTdh,kacsa,RESZE_CSOR
TuiyHopNE0Ns45VopNY0umEgHnon,kacsa,RESZE_CSOR
WukuItBR0pKip9BVBEXWLXAS465F,kacsa,RESZE_CSOR
aCY8Po3E02wrI4Rrdzzxu9aTgdc7,kacsa,RESZE_CSOR
b6lgi9tN1sInFmZy2YsPCSjxaQID,kacsa,RESZE_CSOR
gkE2DF9rjk40Tdxikha0B9r2yMvP,kacsa,RESZE_CSOR
vu240s5N1IMDtgWR79UZHs2w0H6C,kacsa,RESZE_CSOR
hLKflzDgIt1d1kkYiBgtD6Ildzca,kez,RESZE_CSUKLO
fsUjgv5bHGSiLIc56gAiaFH0Eodm,citrom,RESZE_CSUMA
cR7z9posZ25xSjb6z7sagHS235vn,alma,RESZE_CSUTKA
gZUIZf0CyPQa4w9Wggvx5cJkQ4C2,citrom,RESZE_CSUCSOK
XWItECLFYo8VG5SskW9iQPJI7pRA,nadrag,RESZE_DEREK
YsgVSf2DRAuoIzG4hcEwSpkPiPJQ,eper,RESZE_DOLOG
hMhC4E5GeWS1zabc77OKHtfz529F,krumpli,RESZE_DOLOG
jBpNE83rvgjtcjB4lQzfTlkuifEs,asztal,RESZE_DOLOG
ioDhrsJV22Fym2kwi0Enu6L7qMoB,szonyeg,RESZE_DOLOG
wChCSZMZUV5HgFOPQqYJsHLy8yej,tuzolto,RESZE_DUDA
vu240s5N1IMDtgWR79UZHs2w0H6C,ceruza,RESZE_EL
TuiyHopNE0Ns45VopNY0umEgHnon,kard,RESZE_EL
2mf1pytEKj8RM8in6MbEzrMBMAX1,erdo,RESZE_ELEJE
jnjKoAau2JdPFO1Y9PwBO6XlzGha,bab,RESZE_ELEJE
cKkzcqwwIFXF6u0LdJBUTL1a4td2,ceruza,RESZE_ELEJE
DL3j5JV4aiCT3r9LNq9fctuLkefs,konyv,RESZE_ELEJE
jnjKoAau2JdPFO1Y9PwBO6XlzGha,kard,RESZE_ELEJE
LDiQ49hqAeKCaIZiU4yXQEO9tTmv,lo,RESZE_EMLO
kudJQ7AAOK0KetYJYKSTcQ60xJre,szem,RESZE_ER
jBpNE83rvgjtcjB4lQzfTlkuifEs,kez,RESZE_ER
46yfoWhTy2iS3zBBIKYeTkITLWIt,erdo,RESZE_FA
gZUIZf0CyPQa4w9Wggvx5cJkQ4C2,asztal,RESZE_FADARAB
hLKflzDgIt1d1kkYiBgtD6Ildzca,asztal,RESZE_FADARAB
Z5DTSVEQk3FtNUWlQHkHPAEBPtsT,ceruza,RESZE_FARESZ
bXeBh3j0gOGpCmEt68bY2NjVKwZS,kacsa,RESZE_FAROK
XoMV4gJmAWW8fvZJRlQJoaciIPFJ,kutya,RESZE_FAROK
Z5DTSVEQk3FtNUWlQHkHPAEBPtsT,kutya,RESZE_FAROK
ZE4Vso19ws4GQBEbRlAx3gqRf2Ql,kutya,RESZE_FAROK
bJxnk1ZvF1GBnye0bYpBFGuOIcsJ,kutya,RESZE_FAROK
fsUjgv5bHGSiLIc56gAiaFH0Eodm,kutya,RESZE_FAROK
fsUjgv5bHGSiLIc56gAiaFH0Eodm,kutya,RESZE_FAROK
gDJxpFMvaIHBGwkBz6Z9Z5E6rqeQ,kutya,RESZE_FAROK
hyQXyqpwb1eEKNKe7KdXNP9whDUd,kutya,RESZE_FAROK
i9zlLDQ6SJh1P1fER1TKU6Wqq2qA,kutya,RESZE_FAROK
ioDhrsJV22Fym2kwi0Enu6L7qMoB,kutya,RESZE_FAROK
kudJQ7AAOK0KetYJYKSTcQ60xJre,kutya,RESZE_FAROK
n8i5leQlntXz4XoA2JVGiOB0X0nS,kutya,RESZE_FAROK
sTZywlkMZzaRE7Uqx1qpacwIHmlG,kutya,RESZE_FAROK
sTZywlkMZzaRE7Uqx1qpacwIHmlG,kutya,RESZE_FAROK
ve2UV1qBXwAErAfwa7CBZvAjwxAb,kutya,RESZE_FAROK
ve2UV1qBXwAErAfwa7CBZvAjwxAb,kutya,RESZE_FAROK
wChCSZMZUV5HgFOPQqYJsHLy8yej,kutya,RESZE_FAROK
2GQsh4qTCle4fioT2ib8QrWmurRt,lo,RESZE_FAROK
2mf1pytEKj8RM8in6MbEzrMBMAX1,lo,RESZE_FAROK
46yfoWhTy2iS3zBBIKYeTkITLWIt,lo,RESZE_FAROK
8H7wVsJ31BN7WW6cJBe3DWB7ZJO9,lo,RESZE_FAROK
DL3j5JV4aiCT3r9LNq9fctuLkefs,lo,RESZE_FAROK
Vi4tvYPaMpHrJtchbz4qPsufSAd3,lo,RESZE_FAROK
XUQR36tyWgppAe5zdMBRy1MXndde,lo,RESZE_FAROK
cR7z9posZ25xSjb6z7sagHS235vn,lo,RESZE_FAROK
gZUIZf0CyPQa4w9Wggvx5cJkQ4C2,lo,RESZE_FAROK
gwTxL0T8HQFlooQEgkqQvBG4rHtl,lo,RESZE_FAROK
pB2ZvSU9uIZYrVmru0V6dzKTR2AW,lo,RESZE_FAROK
pB2ZvSU9uIZYrVmru0V6dzKTR2AW,lo,RESZE_FAROK
pcKzkYgCUpVc1YGsfcG9cuHwhIFq,lo,RESZE_FAROK
LDiQ49hqAeKCaIZiU4yXQEO9tTmv,sepru,RESZE_FARUD
J8IzRk7DYymlKgV6sF7Umb2Wf8kh,asztal,RESZE_FEDEL
8H7wVsJ31BN7WW6cJBe3DWB7ZJO9,konyv,RESZE_FEDO
TuiyHopNE0Ns45VopNY0umEgHnon,szem,RESZE_FEHERJE
XnQQOJ6n3tTZgUOBj6SEG8VnkkCr,kacsa,RESZE_FEJ
bXeBh3j0gOGpCmEt68bY2NjVKwZS,kacsa,RESZE_FEJ
hLKflzDgIt1d1kkYiBgtD6Ildzca,kacsa,RESZE_FEJ
jBpNE83rvgjtcjB4lQzfTlkuifEs,kacsa,RESZE_FEJ
jBpNE83rvgjtcjB4lQzfTlkuifEs,kacsa,RESZE_FEJ
ZE4Vso19ws4GQBEbRlAx3gqRf2Ql,kutya,RESZE_FEJ
d7QNG1DWNJdasfDIeRmdGvEIgJBM,kutya,RESZE_FEJ
ioDhrsJV22Fym2kwi0Enu6L7qMoB,kutya,RESZE_FEJ
sTZywlkMZzaRE7Uqx1qpacwIHmlG,kutya,RESZE_FEJ
sTZywlkMZzaRE7Uqx1qpacwIHmlG,kutya,RESZE_FEJ
sTZywlkMZzaRE7Uqx1qpacwIHmlG,kutya,RESZE_FEJ
46yfoWhTy2iS3zBBIKYeTkITLWIt,lo,RESZE_FEJ
DL3j5JV4aiCT3r9LNq9fctuLkefs,lo,RESZE_FEJ
Vi4tvYPaMpHrJtchbz4qPsufSAd3,lo,RESZE_FEJ
gZUIZf0CyPQa4w9Wggvx5cJkQ4C2,lo,RESZE_FEJ
DL3j5JV4aiCT3r9LNq9fctuLkefs,gyerek,RESZE_FEJ
TuiyHopNE0Ns45VopNY0umEgHnon,gyerek,RESZE_FEJ
Z5DTSVEQk3FtNUWlQHkHPAEBPtsT,gyerek,RESZE_FEJ
jnjKoAau2JdPFO1Y9PwBO6XlzGha,gyerek,RESZE_FEJ
d7QNG1DWNJdasfDIeRmdGvEIgJBM,hercegno,RESZE_FEJ
gZUIZf0CyPQa4w9Wggvx5cJkQ4C2,asztal,RESZE_FEJ
2mf1pytEKj8RM8in6MbEzrMBMAX1,vonat,RESZE_FEK
ZE4Vso19ws4GQBEbRlAx3gqRf2Ql,kard,RESZE_FELALL
HM7nhqdiyPmEZCyAkPB440Ok3wSG,citrom,RESZE_FELOVALIS
aCY8Po3E02wrI4Rrdzzxu9aTgdc7,kez,RESZE_FELSO
aCY8Po3E02wrI4Rrdzzxu9aTgdc7,cipo,RESZE_FELSO
ve2UV1qBXwAErAfwa7CBZvAjwxAb,pulover,RESZE_FELSO
XUQR36tyWgppAe5zdMBRy1MXndde,asztal,RESZE_FELULET
LDiQ49hqAeKCaIZiU4yXQEO9tTmv,auto,RESZE_FENY
8H7wVsJ31BN7WW6cJBe3DWB7ZJO9,helikopter,RESZE_FESTEK
XoMV4gJmAWW8fvZJRlQJoaciIPFJ,kutya,RESZE_FOG
i9zlLDQ6SJh1P1fER1TKU6Wqq2qA,kutya,RESZE_FOG
kudJQ7AAOK0KetYJYKSTcQ60xJre,kutya,RESZE_FOG
sTZywlkMZzaRE7Uqx1qpacwIHmlG,kutya,RESZE_FOG
8H7wVsJ31BN7WW6cJBe3DWB7ZJO9,lo,RESZE_FOG
8H7wVsJ31BN7WW6cJBe3DWB7ZJO9,lo,RESZE_FOG
gZUIZf0CyPQa4w9Wggvx5cJkQ4C2,lo,RESZE_FOG
ZE4Vso19ws4GQBEbRlAx3gqRf2Ql,sepru,RESZE_FOGO
gDJxpFMvaIHBGwkBz6Z9Z5E6rqeQ,kard,RESZE_FOGO
hLKflzDgIt1d1kkYiBgtD6Ildzca,kard,RESZE_FOGO
Z5DTSVEQk3FtNUWlQHkHPAEBPtsT,kutya,RESZE_FOLT
hMhC4E5GeWS1zabc77OKHtfz529F,krumpli,RESZE_FOLT
cKkzcqwwIFXF6u0LdJBUTL1a4td2,ceruza,RESZE_FORMA
8H7wVsJ31BN7WW6cJBe3DWB7ZJO9,asztal,RESZE_FOLSO
bXeBh3j0gOGpCmEt68bY2NjVKwZS,hercegno,RESZE_FRIZURA
Vi4tvYPaMpHrJtchbz4qPsufSAd3,vonat,RESZE_FUTOKOCSI
DL3j5JV4aiCT3r9LNq9fctuLkefs,erdo,RESZE_FU
Z5DTSVEQk3FtNUWlQHkHPAEBPtsT,kutya,RESZE_FUL
ZE4Vso19ws4GQBEbRlAx3gqRf2Ql,kutya,RESZE_FUL
fsUjgv5bHGSiLIc56gAiaFH0Eodm,kutya,RESZE_FUL
hMhC4E5GeWS1zabc77OKHtfz529F,kutya,RESZE_FUL
n8i5leQlntXz4XoA2JVGiOB0X0nS,kutya,RESZE_FUL
sTZywlkMZzaRE7Uqx1qpacwIHmlG,kutya,RESZE_FUL
ve2UV1qBXwAErAfwa7CBZvAjwxAb,kutya,RESZE_FUL
wChCSZMZUV5HgFOPQqYJsHLy8yej,kutya,RESZE_FUL
46yfoWhTy2iS3zBBIKYeTkITLWIt,lo,RESZE_FUL
DL3j5JV4aiCT3r9LNq9fctuLkefs,lo,RESZE_FUL
HM7nhqdiyPmEZCyAkPB440Ok3wSG,lo,RESZE_FUL
pB2ZvSU9uIZYrVmru0V6dzKTR2AW,lo,RESZE_FUL
pcKzkYgCUpVc1YGsfcG9cuHwhIFq,lo,RESZE_FUL
pcKzkYgCUpVc1YGsfcG9cuHwhIFq,gyerek,RESZE_FUL
aCY8Po3E02wrI4Rrdzzxu9aTgdc7,vonat,RESZE_FULKE
2mf1pytEKj8RM8in6MbEzrMBMAX1,eper,RESZE_FURT
gZUIZf0CyPQa4w9Wggvx5cJkQ4C2,cipo,RESZE_FUZO
XoMV4gJmAWW8fvZJRlQJoaciIPFJ,gomba,RESZE_GALLER
XoMV4gJmAWW8fvZJRlQJoaciIPFJ,konyv,RESZE_GERINC
aCY8Po3E02wrI4Rrdzzxu9aTgdc7,kard,RESZE_GYEMANTOCSKA
sTZywlkMZzaRE7Uqx1qpacwIHmlG,gomba,RESZE_GYOKER
n8i5leQlntXz4XoA2JVGiOB0X0nS,kutya,RESZE_HAJ
DL3j5JV4aiCT3r9LNq9fctuLkefs,gyerek,RESZE_HAJ
LDiQ49hqAeKCaIZiU4yXQEO9tTmv,gyerek,RESZE_HAJ
TuiyHopNE0Ns45VopNY0umEgHnon,gyerek,RESZE_HAJ
XoMV4gJmAWW8fvZJRlQJoaciIPFJ,gyerek,RESZE_HAJ
XoMV4gJmAWW8fvZJRlQJoaciIPFJ,gyerek,RESZE_HAJ
cKkzcqwwIFXF6u0LdJBUTL1a4td2,gyerek,RESZE_HAJ
cKkzcqwwIFXF6u0LdJBUTL1a4td2,gyerek,RESZE_HAJ
cR7z9posZ25xSjb6z7sagHS235vn,gyerek,RESZE_HAJ
pcKzkYgCUpVc1YGsfcG9cuHwhIFq,gyerek,RESZE_HAJ
XUQR36tyWgppAe5zdMBRy1MXndde,hercegno,RESZE_HAJ
hMhC4E5GeWS1zabc77OKHtfz529F,hercegno,RESZE_HAJ
jBpNE83rvgjtcjB4lQzfTlkuifEs,hercegno,RESZE_HAJ
hyQXyqpwb1eEKNKe7KdXNP9whDUd,krumpli,RESZE_HAJTAS
jBpNE83rvgjtcjB4lQzfTlkuifEs,bab,RESZE_HAJTAS
XnQQOJ6n3tTZgUOBj6SEG8VnkkCr,kacsa,RESZE_HANG
jBpNE83rvgjtcjB4lQzfTlkuifEs,kacsa,RESZE_HANG
hMhC4E5GeWS1zabc77OKHtfz529F,kutya,RESZE_HANG
n8i5leQlntXz4XoA2JVGiOB0X0nS,kutya,RESZE_HANG
ve2UV1qBXwAErAfwa7CBZvAjwxAb,kutya,RESZE_HANG
DL3j5JV4aiCT3r9LNq9fctuLkefs,lo,RESZE_HANG
cR7z9posZ25xSjb6z7sagHS235vn,lo,RESZE_HANG
gZUIZf0CyPQa4w9Wggvx5cJkQ4C2,lo,RESZE_HANG
pB2ZvSU9uIZYrVmru0V6dzKTR2AW,lo,RESZE_HANG
HM7nhqdiyPmEZCyAkPB440Ok3wSG,vonat,RESZE_HANG
J8IzRk7DYymlKgV6sF7Umb2Wf8kh,kacsa,RESZE_HARTYA
sTZywlkMZzaRE7Uqx1qpacwIHmlG,kutya,RESZE_HAS
DL3j5JV4aiCT3r9LNq9fctuLkefs,lo,RESZE_HAS
cR7z9posZ25xSjb6z7sagHS235vn,lo,RESZE_HAS
NcVfp49U0WugaYJkv4r2Y3PXc7cn,pulover,RESZE_HAS
NcVfp49U0WugaYJkv4r2Y3PXc7cn,pulover,RESZE_HAT
2GQsh4qTCle4fioT2ib8QrWmurRt,ceruza,RESZE_HEGY
46yfoWhTy2iS3zBBIKYeTkITLWIt,ceruza,RESZE_HEGY
LDiQ49hqAeKCaIZiU4yXQEO9tTmv,ceruza,RESZE_HEGY
LDiQ49hqAeKCaIZiU4yXQEO9tTmv,ceruza,RESZE_HEGY
WukuItBR0pKip9BVBEXWLXAS465F,ceruza,RESZE_HEGY
WukuItBR0pKip9BVBEXWLXAS465F,ceruza,RESZE_HEGY
XUQR36tyWgppAe5zdMBRy1MXndde,ceruza,RESZE_HEGY
Z5DTSVEQk3FtNUWlQHkHPAEBPtsT,ceruza,RESZE_HEGY
Z5DTSVEQk3FtNUWlQHkHPAEBPtsT,ceruza,RESZE_HEGY
gZUIZf0CyPQa4w9Wggvx5cJkQ4C2,ceruza,RESZE_HEGY
i9zlLDQ6SJh1P1fER1TKU6Wqq2qA,ceruza,RESZE_HEGY
pB2ZvSU9uIZYrVmru0V6dzKTR2AW,ceruza,RESZE_HEGY
wChCSZMZUV5HgFOPQqYJsHLy8yej,ceruza,RESZE_HEGY
wChCSZMZUV5HgFOPQqYJsHLy8yej,ceruza,RESZE_HEGY
XWItECLFYo8VG5SskW9iQPJI7pRA,kard,RESZE_HEGY
XUQR36tyWgppAe5zdMBRy1MXndde,alma,RESZE_HEJ
NcVfp49U0WugaYJkv4r2Y3PXc7cn,citrom,RESZE_HEJ
aCY8Po3E02wrI4Rrdzzxu9aTgdc7,citrom,RESZE_HEJ
gZUIZf0CyPQa4w9Wggvx5cJkQ4C2,citrom,RESZE_HEJ
2GQsh4qTCle4fioT2ib8QrWmurRt,eper,RESZE_HEJ
0ayEKzKAhgI7kLaya0CVdQ0WaTdh,krumpli,RESZE_HEJ
NcVfp49U0WugaYJkv4r2Y3PXc7cn,krumpli,RESZE_HEJ
cR7z9posZ25xSjb6z7sagHS235vn,krumpli,RESZE_HEJ
cR7z9posZ25xSjb6z7sagHS235vn,krumpli,RESZE_HEJ
hMhC4E5GeWS1zabc77OKHtfz529F,krumpli,RESZE_HEJ
pcKzkYgCUpVc1YGsfcG9cuHwhIFq,krumpli,RESZE_HEJ
XUQR36tyWgppAe5zdMBRy1MXndde,bab,RESZE_HEJ
gZUIZf0CyPQa4w9Wggvx5cJkQ4C2,bab,RESZE_HEJ
jBpNE83rvgjtcjB4lQzfTlkuifEs,bab,RESZE_HEJ
DL3j5JV4aiCT3r9LNq9fctuLkefs,citrom,RESZE_HEJA
TuiyHopNE0Ns45VopNY0umEgHnon,gyerek,RESZE_HOMLOK
wChCSZMZUV5HgFOPQqYJsHLy8yej,kez,RESZE_HUS
NcVfp49U0WugaYJkv4r2Y3PXc7cn,krumpli,RESZE_HUS
TuiyHopNE0Ns45VopNY0umEgHnon,bab,RESZE_HUS
gZUIZf0CyPQa4w9Wggvx5cJkQ4C2,bab,RESZE_HUS
8H7wVsJ31BN7WW6cJBe3DWB7ZJO9,citrom,RESZE_IZ
YsgVSf2DRAuoIzG4hcEwSpkPiPJQ,konyv,RESZE_IZE
2mf1pytEKj8RM8in6MbEzrMBMAX1,vonat,RESZE_IZZO
HM7nhqdiyPmEZCyAkPB440Ok3wSG,tuzolto,RESZE_JEL
YsgVSf2DRAuoIzG4hcEwSpkPiPJQ,tuzolto,RESZE_KALAP
2mf1pytEKj8RM8in6MbEzrMBMAX1,gomba,RESZE_KALAP
2mf1pytEKj8RM8in6MbEzrMBMAX1,gomba,RESZE_KALAP
46yfoWhTy2iS3zBBIKYeTkITLWIt,gomba,RESZE_KALAP
D8xwtXbTVptiRPXifIgUyGioQIkY,gomba,RESZE_KALAP
DL3j5JV4aiCT3r9LNq9fctuLkefs,gomba,RESZE_KALAP
Vi4tvYPaMpHrJtchbz4qPsufSAd3,gomba,RESZE_KALAP
XnQQOJ6n3tTZgUOBj6SEG8VnkkCr,gomba,RESZE_KALAP
XnQQOJ6n3tTZgUOBj6SEG8VnkkCr,gomba,RESZE_KALAP
XoMV4gJmAWW8fvZJRlQJoaciIPFJ,gomba,RESZE_KALAP
YsgVSf2DRAuoIzG4hcEwSpkPiPJQ,gomba,RESZE_KALAP
YsgVSf2DRAuoIzG4hcEwSpkPiPJQ,gomba,RESZE_KALAP
aCY8Po3E02wrI4Rrdzzxu9aTgdc7,gomba,RESZE_KALAP
d7QNG1DWNJdasfDIeRmdGvEIgJBM,gomba,RESZE_KALAP
i9zlLDQ6SJh1P1fER1TKU6Wqq2qA,gomba,RESZE_KALAP
pB2ZvSU9uIZYrVmru0V6dzKTR2AW,gomba,RESZE_KALAP
Z5DTSVEQk3FtNUWlQHkHPAEBPtsT,asztal,RESZE_KAMPO
gDJxpFMvaIHBGwkBz6Z9Z5E6rqeQ,jatszoter,RESZE_KAPU
46yfoWhTy2iS3zBBIKYeTkITLWIt,pulover,RESZE_KAPUCNI
XoMV4gJmAWW8fvZJRlQJoaciIPFJ,pulover,RESZE_KAPUCNI
ZE4Vso19ws4GQBEbRlAx3gqRf2Ql,pulover,RESZE_KAPUCNI
hyQXyqpwb1eEKNKe7KdXNP9whDUd,pulover,RESZE_KAPUCNI
jBpNE83rvgjtcjB4lQzfTlkuifEs,pulover,RESZE_KAPUCNI
pcKzkYgCUpVc1YGsfcG9cuHwhIFq,pulover,RESZE_KAPUCNI
ve2UV1qBXwAErAfwa7CBZvAjwxAb,pulover,RESZE_KAPUCNI
wChCSZMZUV5HgFOPQqYJsHLy8yej,pulover,RESZE_KAPUCNI
2mf1pytEKj8RM8in6MbEzrMBMAX1,pulover,RESZE_KAR
2mf1pytEKj8RM8in6MbEzrMBMAX1,pulover,RESZE_KAR
wChCSZMZUV5HgFOPQqYJsHLy8yej,gomba,RESZE_KARIMA
gkE2DF9rjk40Tdxikha0B9r2yMvP,kacsa,RESZE_KAROM
jBpNE83rvgjtcjB4lQzfTlkuifEs,auto,RESZE_KAROSSZERIA
XoMV4gJmAWW8fvZJRlQJoaciIPFJ,pulover,RESZE_KARRESZ
pB2ZvSU9uIZYrVmru0V6dzKTR2AW,sepru,RESZE_KEFE
YsgVSf2DRAuoIzG4hcEwSpkPiPJQ,lo,RESZE_KEFE
hLKflzDgIt1d1kkYiBgtD6Ildzca,tuzolto,RESZE_KEREK
2mf1pytEKj8RM8in6MbEzrMBMAX1,vonat,RESZE_KEREK
2mf1pytEKj8RM8in6MbEzrMBMAX1,vonat,RESZE_KEREK
46yfoWhTy2iS3zBBIKYeTkITLWIt,vonat,RESZE_KEREK
Vi4tvYPaMpHrJtchbz4qPsufSAd3,vonat,RESZE_KEREK
aCY8Po3E02wrI4Rrdzzxu9aTgdc7,vonat,RESZE_KEREK
gDJxpFMvaIHBGwkBz6Z9Z5E6rqeQ,vonat,RESZE_KEREK
gkE2DF9rjk40Tdxikha0B9r2yMvP,vonat,RESZE_KEREK
kudJQ7AAOK0KetYJYKSTcQ60xJre,vonat,RESZE_KEREK
LDiQ49hqAeKCaIZiU4yXQEO9tTmv,auto,RESZE_KEREK
TuiyHopNE0Ns45VopNY0umEgHnon,auto,RESZE_KEREK
XnQQOJ6n3tTZgUOBj6SEG8VnkkCr,auto,RESZE_KEREK
cR7z9posZ25xSjb6z7sagHS235vn,auto,RESZE_KEREK
d7QNG1DWNJdasfDIeRmdGvEIgJBM,auto,RESZE_KEREK
fsUjgv5bHGSiLIc56gAiaFH0Eodm,auto,RESZE_KEREK
hyQXyqpwb1eEKNKe7KdXNP9whDUd,auto,RESZE_KEREK
i9zlLDQ6SJh1P1fER1TKU6Wqq2qA,auto,RESZE_KEREK
jBpNE83rvgjtcjB4lQzfTlkuifEs,auto,RESZE_KEREK
n8i5leQlntXz4XoA2JVGiOB0X0nS,auto,RESZE_KEREK
pcKzkYgCUpVc1YGsfcG9cuHwhIFq,auto,RESZE_KEREK
gDJxpFMvaIHBGwkBz6Z9Z5E6rqeQ,jatszoter,RESZE_KERITES
hMhC4E5GeWS1zabc77OKHtfz529F,jatszoter,RESZE_KERITES
ZE4Vso19ws4GQBEbRlAx3gqRf2Ql,pulover,RESZE_KEZ
jBpNE83rvgjtcjB4lQzfTlkuifEs,pulover,RESZE_KEZ
0ayEKzKAhgI7kLaya0CVdQ0WaTdh,gyerek,RESZE_KEZ
DL3j5JV4aiCT3r9LNq9fctuLkefs,gyerek,RESZE_KEZ
TuiyHopNE0Ns45VopNY0umEgHnon,gyerek,RESZE_KEZ
Z5DTSVEQk3FtNUWlQHkHPAEBPtsT,gyerek,RESZE_KEZ
cR7z9posZ25xSjb6z7sagHS235vn,gyerek,RESZE_KEZ
jnjKoAau2JdPFO1Y9PwBO6XlzGha,gyerek,RESZE_KEZ
pcKzkYgCUpVc1YGsfcG9cuHwhIFq,gyerek,RESZE_KEZ
d7QNG1DWNJdasfDIeRmdGvEIgJBM,hercegno,RESZE_KEZ
pB2ZvSU9uIZYrVmru0V6dzKTR2AW,helikopter,RESZE_KEZ
pB2ZvSU9uIZYrVmru0V6dzKTR2AW,helikopter,RESZE_KEZ
i9zlLDQ6SJh1P1fER1TKU6Wqq2qA,kez,RESZE_KEZFEJ
HM7nhqdiyPmEZCyAkPB440Ok3wSG,nadrag,RESZE_KIJARAT
J8IzRk7DYymlKgV6sF7Umb2Wf8kh,tuzolto,RESZE_KOCSI
2mf1pytEKj8RM8in6MbEzrMBMAX1,vonat,RESZE_KORMANY
b6lgi9tN1sInFmZy2YsPCSjxaQID,auto,RESZE_KORMANY
cR7z9posZ25xSjb6z7sagHS235vn,auto,RESZE_KORMANY
i9zlLDQ6SJh1P1fER1TKU6Wqq2qA,auto,RESZE_KORMANY
jBpNE83rvgjtcjB4lQzfTlkuifEs,auto,RESZE_KORMANY
pcKzkYgCUpVc1YGsfcG9cuHwhIFq,auto,RESZE_KORMANY
LDiQ49hqAeKCaIZiU4yXQEO9tTmv,sepru,RESZE_KOSZMOSZ
i9zlLDQ6SJh1P1fER1TKU6Wqq2qA,kez,RESZE_KONYOK
hLKflzDgIt1d1kkYiBgtD6Ildzca,kez,RESZE_KONYOKHAJLAT
sTZywlkMZzaRE7Uqx1qpacwIHmlG,konyv,RESZE_KONYV
LDiQ49hqAeKCaIZiU4yXQEO9tTmv,szem,RESZE_KOR
pB2ZvSU9uIZYrVmru0V6dzKTR2AW,szem,RESZE_KOR
ZE4Vso19ws4GQBEbRlAx3gqRf2Ql,kez,RESZE_KOR
ZE4Vso19ws4GQBEbRlAx3gqRf2Ql,bab,RESZE_KOR
gZUIZf0CyPQa4w9Wggvx5cJkQ4C2,kez,RESZE_KOR
2mf1pytEKj8RM8in6MbEzrMBMAX1,lo,RESZE_KOROM
2mf1pytEKj8RM8in6MbEzrMBMAX1,lo,RESZE_KOROM
XUQR36tyWgppAe5zdMBRy1MXndde,kez,RESZE_KOROM
ZE4Vso19ws4GQBEbRlAx3gqRf2Ql,kez,RESZE_KOROM
aCY8Po3E02wrI4Rrdzzxu9aTgdc7,kez,RESZE_KOROM
aCY8Po3E02wrI4Rrdzzxu9aTgdc7,kez,RESZE_KOROM
bJxnk1ZvF1GBnye0bYpBFGuOIcsJ,kez,RESZE_KOROM
gZUIZf0CyPQa4w9Wggvx5cJkQ4C2,kez,RESZE_KOROM
hyQXyqpwb1eEKNKe7KdXNP9whDUd,kez,RESZE_KOROM
jBpNE83rvgjtcjB4lQzfTlkuifEs,kez,RESZE_KOROM
wChCSZMZUV5HgFOPQqYJsHLy8yej,kez,RESZE_KOROM
gDJxpFMvaIHBGwkBz6Z9Z5E6rqeQ,lab,RESZE_KOROM
8H7wVsJ31BN7WW6cJBe3DWB7ZJO9,gyerek,RESZE_KOROM
cR7z9posZ25xSjb6z7sagHS235vn,gyerek,RESZE_KOROM
LDiQ49hqAeKCaIZiU4yXQEO9tTmv,auto,RESZE_KOTEL
TuiyHopNE0Ns45VopNY0umEgHnon,szem,RESZE_KOZEP
TuiyHopNE0Ns45VopNY0umEgHnon,bab,RESZE_KOZEP
vu240s5N1IMDtgWR79UZHs2w0H6C,szonyeg,RESZE_KOZEP
J8IzRk7DYymlKgV6sF7Umb2Wf8kh,cipo,RESZE_KULSO
XUQR36tyWgppAe5zdMBRy1MXndde,cipo,RESZE_KULSO
8H7wVsJ31BN7WW6cJBe3DWB7ZJO9,citrom,RESZE_KULSO
gDJxpFMvaIHBGwkBz6Z9Z5E6rqeQ,eper,RESZE_KULSO
8H7wVsJ31BN7WW6cJBe3DWB7ZJO9,krumpli,RESZE_KULSO
XWItECLFYo8VG5SskW9iQPJI7pRA,krumpli,RESZE_KULSO
b6lgi9tN1sInFmZy2YsPCSjxaQID,krumpli,RESZE_KULSO
b6lgi9tN1sInFmZy2YsPCSjxaQID,krumpli,RESZE_KULSO
ioDhrsJV22Fym2kwi0Enu6L7qMoB,ceruza,RESZE_KULSO
J8IzRk7DYymlKgV6sF7Umb2Wf8kh,kacsa,RESZE_LAB
bXeBh3j0gOGpCmEt68bY2NjVKwZS,kacsa,RESZE_LAB
bXeBh3j0gOGpCmEt68bY2NjVKwZS,kacsa,RESZE_LAB
bXeBh3j0gOGpCmEt68bY2NjVKwZS,kacsa,RESZE_LAB
cKkzcqwwIFXF6u0LdJBUTL1a4td2,kacsa,RESZE_LAB
gkE2DF9rjk40Tdxikha0B9r2yMvP,kacsa,RESZE_LAB
hLKflzDgIt1d1kkYiBgtD6Ildzca,kacsa,RESZE_LAB
jBpNE83rvgjtcjB4lQzfTlkuifEs,kacsa,RESZE_LAB
XoMV4gJmAWW8fvZJRlQJoaciIPFJ,kutya,RESZE_LAB
Z5DTSVEQk3FtNUWlQHkHPAEBPtsT,kutya,RESZE_LAB
ZE4Vso19ws4GQBEbRlAx3gqRf2Ql,kutya,RESZE_LAB
bJxnk1ZvF1GBnye0bYpBFGuOIcsJ,kutya,RESZE_LAB
d7QNG1DWNJdasfDIeRmdGvEIgJBM,kutya,RESZE_LAB
fsUjgv5bHGSiLIc56gAiaFH0Eodm,kutya,RESZE_LAB
hMhC4E5GeWS1zabc77OKHtfz529F,kutya,RESZE_LAB
i9zlLDQ6SJh1P1fER1TKU6Wqq2qA,kutya,RESZE_LAB
ioDhrsJV22Fym2kwi0Enu6L7qMoB,kutya,RESZE_LAB
kudJQ7AAOK0KetYJYKSTcQ60xJre,kutya,RESZE_LAB
n8i5leQlntXz4XoA2JVGiOB0X0nS,kutya,RESZE_LAB
sTZywlkMZzaRE7Uqx1qpacwIHmlG,kutya,RESZE_LAB
ve2UV1qBXwAErAfwa7CBZvAjwxAb,kutya,RESZE_LAB
ve2UV1qBXwAErAfwa7CBZvAjwxAb,kutya,RESZE_LAB
2GQsh4qTCle4fioT2ib8QrWmurRt,lo,RESZE_LAB
46yfoWhTy2iS3zBBIKYeTkITLWIt,lo,RESZE_LAB
8H7wVsJ31BN7WW6cJBe3DWB7ZJO9,lo,RESZE_LAB
DL3j5JV4aiCT3r9LNq9fctuLkefs,lo,RESZE_LAB
Vi4tvYPaMpHrJtchbz4qPsufSAd3,lo,RESZE_LAB
XUQR36tyWgppAe5zdMBRy1MXndde,lo,RESZE_LAB
cR7z9posZ25xSjb6z7sagHS235vn,lo,RESZE_LAB
gZUIZf0CyPQa4w9Wggvx5cJkQ4C2,lo,RESZE_LAB
pB2ZvSU9uIZYrVmru0V6dzKTR2AW,lo,RESZE_LAB
pcKzkYgCUpVc1YGsfcG9cuHwhIFq,lo,RESZE_LAB
DL3j5JV4aiCT3r9LNq9fctuLkefs,gyerek,RESZE_LAB
LDiQ49hqAeKCaIZiU4yXQEO9tTmv,gyerek,RESZE_LAB
TuiyHopNE0Ns45VopNY0umEgHnon,gyerek,RESZE_LAB
Z5DTSVEQk3FtNUWlQHkHPAEBPtsT,gyerek,RESZE_LAB
cR7z9posZ25xSjb6z7sagHS235vn,gyerek,RESZE_LAB
jnjKoAau2JdPFO1Y9PwBO6XlzGha,gyerek,RESZE_LAB
pcKzkYgCUpVc1YGsfcG9cuHwhIFq,gyerek,RESZE_LAB
d7QNG1DWNJdasfDIeRmdGvEIgJBM,hercegno,RESZE_LAB
DL3j5JV4aiCT3r9LNq9fctuLkefs,gomba,RESZE_LAB
2mf1pytEKj8RM8in6MbEzrMBMAX1,asztal,RESZE_LAB
2mf1pytEKj8RM8in6MbEzrMBMAX1,asztal,RESZE_LAB
8H7wVsJ31BN7WW6cJBe3DWB7ZJO9,asztal,RESZE_LAB
DL3j5JV4aiCT3r9LNq9fctuLkefs,asztal,RESZE_LAB
DL3j5JV4aiCT3r9LNq9fctuLkefs,asztal,RESZE_LAB
J8IzRk7DYymlKgV6sF7Umb2Wf8kh,asztal,RESZE_LAB
XUQR36tyWgppAe5zdMBRy1MXndde,asztal,RESZE_LAB
Z5DTSVEQk3FtNUWlQHkHPAEBPtsT,asztal,RESZE_LAB
Z5DTSVEQk3FtNUWlQHkHPAEBPtsT,asztal,RESZE_LAB
bXeBh3j0gOGpCmEt68bY2NjVKwZS,asztal,RESZE_LAB
gZUIZf0CyPQa4w9Wggvx5cJkQ4C2,asztal,RESZE_LAB
gZUIZf0CyPQa4w9Wggvx5cJkQ4C2,asztal,RESZE_LAB
gwTxL0T8HQFlooQEgkqQvBG4rHtl,asztal,RESZE_LAB
hMhC4E5GeWS1zabc77OKHtfz529F,asztal,RESZE_LAB
jBpNE83rvgjtcjB4lQzfTlkuifEs,asztal,RESZE_LAB
jnjKoAau2JdPFO1Y9PwBO6XlzGha,asztal,RESZE_LAB
jnjKoAau2JdPFO1Y9PwBO6XlzGha,asztal,RESZE_LAB
2mf1pytEKj8RM8in6MbEzrMBMAX1,lab,RESZE_LABFEJ
Z5DTSVEQk3FtNUWlQHkHPAEBPtsT,lab,RESZE_LABFEJ
bXeBh3j0gOGpCmEt68bY2NjVKwZS,lab,RESZE_LABFEJ
d7QNG1DWNJdasfDIeRmdGvEIgJBM,lab,RESZE_LABFEJ
d7QNG1DWNJdasfDIeRmdGvEIgJBM,lab,RESZE_LABFEJ
fsUjgv5bHGSiLIc56gAiaFH0Eodm,lab,RESZE_LABFEJ
ioDhrsJV22Fym2kwi0Enu6L7qMoB,lab,RESZE_LABFEJ
jnjKoAau2JdPFO1Y9PwBO6XlzGha,lab,RESZE_LABFEJ
pcKzkYgCUpVc1YGsfcG9cuHwhIFq,lab,RESZE_LABFEJ
ve2UV1qBXwAErAfwa7CBZvAjwxAb,lab,RESZE_LABFEJ
ve2UV1qBXwAErAfwa7CBZvAjwxAb,lab,RESZE_LABFEJ
bXeBh3j0gOGpCmEt68bY2NjVKwZS,cipo,RESZE_LABFEJ
TuiyHopNE0Ns45VopNY0umEgHnon,gyerek,RESZE_LABFEJ
ve2UV1qBXwAErAfwa7CBZvAjwxAb,lab,RESZE_LABKOROM
ve2UV1qBXwAErAfwa7CBZvAjwxAb,lab,RESZE_LABKOROM
d7QNG1DWNJdasfDIeRmdGvEIgJBM,lab,RESZE_LABSZAR
ioDhrsJV22Fym2kwi0Enu6L7qMoB,lab,RESZE_LABSZAR
XnQQOJ6n3tTZgUOBj6SEG8VnkkCr,nadrag,RESZE_LABSZAR
2mf1pytEKj8RM8in6MbEzrMBMAX1,lab,RESZE_LABUJJ
HM7nhqdiyPmEZCyAkPB440Ok3wSG,lab,RESZE_LABUJJ
Z5DTSVEQk3FtNUWlQHkHPAEBPtsT,lab,RESZE_LABUJJ
bXeBh3j0gOGpCmEt68bY2NjVKwZS,lab,RESZE_LABUJJ
d7QNG1DWNJdasfDIeRmdGvEIgJBM,lab,RESZE_LABUJJ
gDJxpFMvaIHBGwkBz6Z9Z5E6rqeQ,lab,RESZE_LABUJJ
jnjKoAau2JdPFO1Y9PwBO6XlzGha,lab,RESZE_LABUJJ
ve2UV1qBXwAErAfwa7CBZvAjwxAb,lab,RESZE_LABUJJ
DL3j5JV4aiCT3r9LNq9fctuLkefs,gyerek,RESZE_LABUJJ
2mf1pytEKj8RM8in6MbEzrMBMAX1,vonat,RESZE_LAMPA
LDiQ49hqAeKCaIZiU4yXQEO9tTmv,auto,RESZE_LAMPA
d7QNG1DWNJdasfDIeRmdGvEIgJBM,auto,RESZE_LAMPA
jBpNE83rvgjtcjB4lQzfTlkuifEs,auto,RESZE_LAMPA
pcKzkYgCUpVc1YGsfcG9cuHwhIFq,auto,RESZE_LAMPA
jBpNE83rvgjtcjB4lQzfTlkuifEs,asztal,RESZE_LAP
8H7wVsJ31BN7WW6cJBe3DWB7ZJO9,konyv,RESZE_LAP
8H7wVsJ31BN7WW6cJBe3DWB7ZJO9,konyv,RESZE_LAP
J8IzRk7DYymlKgV6sF7Umb2Wf8kh,konyv,RESZE_LAP
cR7z9posZ25xSjb6z7sagHS235vn,konyv,RESZE_LAP
d7QNG1DWNJdasfDIeRmdGvEIgJBM,konyv,RESZE_LAP
gkE2DF9rjk40Tdxikha0B9r2yMvP,konyv,RESZE_LAP
gwTxL0T8HQFlooQEgkqQvBG4rHtl,konyv,RESZE_LAP
hyQXyqpwb1eEKNKe7KdXNP9whDUd,konyv,RESZE_LAP
kudJQ7AAOK0KetYJYKSTcQ60xJre,konyv,RESZE_LAP
sTZywlkMZzaRE7Uqx1qpacwIHmlG,konyv,RESZE_LAP
kudJQ7AAOK0KetYJYKSTcQ60xJre,kutya,RESZE_LATAS
pB2ZvSU9uIZYrVmru0V6dzKTR2AW,gomba,RESZE_LEMEZ
fsUjgv5bHGSiLIc56gAiaFH0Eodm,tuzolto,RESZE_LETRA
YsgVSf2DRAuoIzG4hcEwSpkPiPJQ,tuzolto,RESZE_LETRA_IND
hLKflzDgIt1d1kkYiBgtD6Ildzca,tuzolto,RESZE_LETRA_IND
2mf1pytEKj8RM8in6MbEzrMBMAX1,erdo,RESZE_LEVEGO
WukuItBR0pKip9BVBEXWLXAS465F,alma,RESZE_LEVEL
cR7z9posZ25xSjb6z7sagHS235vn,alma,RESZE_LEVEL
jBpNE83rvgjtcjB4lQzfTlkuifEs,alma,RESZE_LEVEL
pcKzkYgCUpVc1YGsfcG9cuHwhIFq,alma,RESZE_LEVEL
LDiQ49hqAeKCaIZiU4yXQEO9tTmv,eper,RESZE_LEVEL
gDJxpFMvaIHBGwkBz6Z9Z5E6rqeQ,eper,RESZE_LEVEL
gDJxpFMvaIHBGwkBz6Z9Z5E6rqeQ,eper,RESZE_LEVEL
jBpNE83rvgjtcjB4lQzfTlkuifEs,bab,RESZE_LEVEL
LDiQ49hqAeKCaIZiU4yXQEO9tTmv,lo,RESZE_LOFAROK
Z5DTSVEQk3FtNUWlQHkHPAEBPtsT,erdo,RESZE_LOMB
n8i5leQlntXz4XoA2JVGiOB0X0nS,lab,RESZE_LYUK
TuiyHopNE0Ns45VopNY0umEgHnon,cipo,RESZE_LYUK
bJxnk1ZvF1GBnye0bYpBFGuOIcsJ,cipo,RESZE_LYUK
2mf1pytEKj8RM8in6MbEzrMBMAX1,pulover,RESZE_LYUK
DL3j5JV4aiCT3r9LNq9fctuLkefs,pulover,RESZE_LYUK
DL3j5JV4aiCT3r9LNq9fctuLkefs,pulover,RESZE_LYUK
TuiyHopNE0Ns45VopNY0umEgHnon,bab,RESZE_LYUK
TuiyHopNE0Ns45VopNY0umEgHnon,sepru,RESZE_LYUK
8H7wVsJ31BN7WW6cJBe3DWB7ZJO9,lo,RESZE_LYUK_IND
bXeBh3j0gOGpCmEt68bY2NjVKwZS,erdo,RESZE_MADAR
TuiyHopNE0Ns45VopNY0umEgHnon,sepru,RESZE_MADZAG
XUQR36tyWgppAe5zdMBRy1MXndde,alma,RESZE_MAG
cR7z9posZ25xSjb6z7sagHS235vn,alma,RESZE_MAG
jBpNE83rvgjtcjB4lQzfTlkuifEs,alma,RESZE_MAG
XoMV4gJmAWW8fvZJRlQJoaciIPFJ,citrom,RESZE_MAG
i9zlLDQ6SJh1P1fER1TKU6Wqq2qA,citrom,RESZE_MAG
pB2ZvSU9uIZYrVmru0V6dzKTR2AW,citrom,RESZE_MAG
2GQsh4qTCle4fioT2ib8QrWmurRt,eper,RESZE_MAG
2mf1pytEKj8RM8in6MbEzrMBMAX1,eper,RESZE_MAG
LDiQ49hqAeKCaIZiU4yXQEO9tTmv,eper,RESZE_MAG
LDiQ49hqAeKCaIZiU4yXQEO9tTmv,eper,RESZE_MAG
LDiQ49hqAeKCaIZiU4yXQEO9tTmv,eper,RESZE_MAG
Z5DTSVEQk3FtNUWlQHkHPAEBPtsT,eper,RESZE_MAG
ZE4Vso19ws4GQBEbRlAx3gqRf2Ql,eper,RESZE_MAG
ZE4Vso19ws4GQBEbRlAx3gqRf2Ql,eper,RESZE_MAG
bJxnk1ZvF1GBnye0bYpBFGuOIcsJ,eper,RESZE_MAG
bJxnk1ZvF1GBnye0bYpBFGuOIcsJ,eper,RESZE_MAG
gDJxpFMvaIHBGwkBz6Z9Z5E6rqeQ,eper,RESZE_MAG
hLKflzDgIt1d1kkYiBgtD6Ildzca,eper,RESZE_MAG
kudJQ7AAOK0KetYJYKSTcQ60xJre,eper,RESZE_MAG
ve2UV1qBXwAErAfwa7CBZvAjwxAb,eper,RESZE_MAG
jBpNE83rvgjtcjB4lQzfTlkuifEs,alma,RESZE_MAGHAZ
Z5DTSVEQk3FtNUWlQHkHPAEBPtsT,kutya,RESZE_MANCS
hMhC4E5GeWS1zabc77OKHtfz529F,kard,RESZE_MARKOLAT
hMhC4E5GeWS1zabc77OKHtfz529F,kard,RESZE_MARKOLAT
LDiQ49hqAeKCaIZiU4yXQEO9tTmv,jatszoter,RESZE_MASZOKA
ve2UV1qBXwAErAfwa7CBZvAjwxAb,lab,RESZE_MERET
ve2UV1qBXwAErAfwa7CBZvAjwxAb,pulover,RESZE_MERET
kudJQ7AAOK0KetYJYKSTcQ60xJre,konyv,RESZE_MESE
Z5DTSVEQk3FtNUWlQHkHPAEBPtsT,nadrag,RESZE_MINTA
8H7wVsJ31BN7WW6cJBe3DWB7ZJO9,pulover,RESZE_MINTA
kudJQ7AAOK0KetYJYKSTcQ60xJre,pulover,RESZE_MINTA
ve2UV1qBXwAErAfwa7CBZvAjwxAb,pulover,RESZE_MINTA
vu240s5N1IMDtgWR79UZHs2w0H6C,pulover,RESZE_MINTA
vu240s5N1IMDtgWR79UZHs2w0H6C,szonyeg,RESZE_MINTA
kudJQ7AAOK0KetYJYKSTcQ60xJre,konyv,RESZE_MINTA
fsUjgv5bHGSiLIc56gAiaFH0Eodm,auto,RESZE_MOTOR
jBpNE83rvgjtcjB4lQzfTlkuifEs,auto,RESZE_MOTOR
2mf1pytEKj8RM8in6MbEzrMBMAX1,hercegno,RESZE_MOZDULAT
TuiyHopNE0Ns45VopNY0umEgHnon,cipo,RESZE_MUANYAG
Vi4tvYPaMpHrJtchbz4qPsufSAd3,konyv,RESZE_NEGYZET
YsgVSf2DRAuoIzG4hcEwSpkPiPJQ,konyv,RESZE_NEGYZET
cKkzcqwwIFXF6u0LdJBUTL1a4td2,jatszoter,RESZE_NOVENY
46yfoWhTy2iS3zBBIKYeTkITLWIt,erdo,RESZE_NOVENY
fsUjgv5bHGSiLIc56gAiaFH0Eodm,bab,RESZE_NUDLIALAK
TuiyHopNE0Ns45VopNY0umEgHnon,kacsa,RESZE_NYAK
bXeBh3j0gOGpCmEt68bY2NjVKwZS,kacsa,RESZE_NYAK
bXeBh3j0gOGpCmEt68bY2NjVKwZS,kacsa,RESZE_NYAK
jBpNE83rvgjtcjB4lQzfTlkuifEs,kacsa,RESZE_NYAK
DL3j5JV4aiCT3r9LNq9fctuLkefs,lo,RESZE_NYAK
2mf1pytEKj8RM8in6MbEzrMBMAX1,pulover,RESZE_NYAK
8H7wVsJ31BN7WW6cJBe3DWB7ZJO9,pulover,RESZE_NYAK
jBpNE83rvgjtcjB4lQzfTlkuifEs,pulover,RESZE_NYAK
DL3j5JV4aiCT3r9LNq9fctuLkefs,gyerek,RESZE_NYAK
TuiyHopNE0Ns45VopNY0umEgHnon,gyerek,RESZE_NYAK
2mf1pytEKj8RM8in6MbEzrMBMAX1,pulover,RESZE_NYAKRESZ
ve2UV1qBXwAErAfwa7CBZvAjwxAb,pulover,RESZE_NYAKRESZ
2GQsh4qTCle4fioT2ib8QrWmurRt,sepru,RESZE_NYEL
NcVfp49U0WugaYJkv4r2Y3PXc7cn,sepru,RESZE_NYEL
TuiyHopNE0Ns45VopNY0umEgHnon,sepru,RESZE_NYEL
WukuItBR0pKip9BVBEXWLXAS465F,sepru,RESZE_NYEL
b6lgi9tN1sInFmZy2YsPCSjxaQID,sepru,RESZE_NYEL
fsUjgv5bHGSiLIc56gAiaFH0Eodm,sepru,RESZE_NYEL
hyQXyqpwb1eEKNKe7KdXNP9whDUd,sepru,RESZE_NYEL
pB2ZvSU9uIZYrVmru0V6dzKTR2AW,sepru,RESZE_NYEL
pcKzkYgCUpVc1YGsfcG9cuHwhIFq,sepru,RESZE_NYEL
sTZywlkMZzaRE7Uqx1qpacwIHmlG,sepru,RESZE_NYEL
NcVfp49U0WugaYJkv4r2Y3PXc7cn,kard,RESZE_NYEL
TuiyHopNE0Ns45VopNY0umEgHnon,kard,RESZE_NYEL
b6lgi9tN1sInFmZy2YsPCSjxaQID,kard,RESZE_NYEL
bJxnk1ZvF1GBnye0bYpBFGuOIcsJ,kard,RESZE_NYEL
jBpNE83rvgjtcjB4lQzfTlkuifEs,kard,RESZE_NYEL
sTZywlkMZzaRE7Uqx1qpacwIHmlG,kutya,RESZE_NYELV
ve2UV1qBXwAErAfwa7CBZvAjwxAb,kutya,RESZE_NYELV
wChCSZMZUV5HgFOPQqYJsHLy8yej,kutya,RESZE_NYELV
LDiQ49hqAeKCaIZiU4yXQEO9tTmv,cipo,RESZE_NYELV
TuiyHopNE0Ns45VopNY0umEgHnon,cipo,RESZE_NYELV
YsgVSf2DRAuoIzG4hcEwSpkPiPJQ,lo,RESZE_NYEREG
vu240s5N1IMDtgWR79UZHs2w0H6C,erdo,RESZE_ODU
8H7wVsJ31BN7WW6cJBe3DWB7ZJO9,citrom,RESZE_OLDAL
fsUjgv5bHGSiLIc56gAiaFH0Eodm,bab,RESZE_OLDAL
8H7wVsJ31BN7WW6cJBe3DWB7ZJO9,konyv,RESZE_OLDAL
Vi4tvYPaMpHrJtchbz4qPsufSAd3,konyv,RESZE_OLDAL
fsUjgv5bHGSiLIc56gAiaFH0Eodm,konyv,RESZE_OLDAL
hyQXyqpwb1eEKNKe7KdXNP9whDUd,konyv,RESZE_OLDAL
sTZywlkMZzaRE7Uqx1qpacwIHmlG,konyv,RESZE_OLDAL
XoMV4gJmAWW8fvZJRlQJoaciIPFJ,konyv,RESZE_OLDALSZAM
XoMV4gJmAWW8fvZJRlQJoaciIPFJ,kutya,RESZE_ORR
Z5DTSVEQk3FtNUWlQHkHPAEBPtsT,kutya,RESZE_ORR
ZE4Vso19ws4GQBEbRlAx3gqRf2Ql,kutya,RESZE_ORR
ioDhrsJV22Fym2kwi0Enu6L7qMoB,kutya,RESZE_ORR
sTZywlkMZzaRE7Uqx1qpacwIHmlG,kutya,RESZE_ORR
sTZywlkMZzaRE7Uqx1qpacwIHmlG,kutya,RESZE_ORR
ve2UV1qBXwAErAfwa7CBZvAjwxAb,kutya,RESZE_ORR
DL3j5JV4aiCT3r9LNq9fctuLkefs,lo,RESZE_ORR
gZUIZf0CyPQa4w9Wggvx5cJkQ4C2,lo,RESZE_ORR
D8xwtXbTVptiRPXifIgUyGioQIkY,cipo,RESZE_ORR
J8IzRk7DYymlKgV6sF7Umb2Wf8kh,cipo,RESZE_ORR
XUQR36tyWgppAe5zdMBRy1MXndde,cipo,RESZE_ORR
bXeBh3j0gOGpCmEt68bY2NjVKwZS,cipo,RESZE_ORR
hMhC4E5GeWS1zabc77OKHtfz529F,cipo,RESZE_ORR
DL3j5JV4aiCT3r9LNq9fctuLkefs,gyerek,RESZE_ORR
LDiQ49hqAeKCaIZiU4yXQEO9tTmv,gyerek,RESZE_ORR
TuiyHopNE0Ns45VopNY0umEgHnon,gyerek,RESZE_ORR
8H7wVsJ31BN7WW6cJBe3DWB7ZJO9,lo,RESZE_ORRLYUK
XWItECLFYo8VG5SskW9iQPJI7pRA,erdo,RESZE_OSVENY
fsUjgv5bHGSiLIc56gAiaFH0Eodm,nadrag,RESZE_OVTARTO
ZE4Vso19ws4GQBEbRlAx3gqRf2Ql,kez,RESZE_PALCIKA
ZE4Vso19ws4GQBEbRlAx3gqRf2Ql,kard,RESZE_PALCIKA
fsUjgv5bHGSiLIc56gAiaFH0Eodm,nadrag,RESZE_PANT
8H7wVsJ31BN7WW6cJBe3DWB7ZJO9,konyv,RESZE_PAPIR
8H7wVsJ31BN7WW6cJBe3DWB7ZJO9,konyv,RESZE_PAPIR
jBpNE83rvgjtcjB4lQzfTlkuifEs,nappali,RESZE_PARKETTA
46yfoWhTy2iS3zBBIKYeTkITLWIt,lo,RESZE_PATA
DL3j5JV4aiCT3r9LNq9fctuLkefs,lo,RESZE_PATA
YsgVSf2DRAuoIzG4hcEwSpkPiPJQ,lo,RESZE_PATA
cR7z9posZ25xSjb6z7sagHS235vn,lo,RESZE_PATA
gZUIZf0CyPQa4w9Wggvx5cJkQ4C2,lo,RESZE_PATA
gwTxL0T8HQFlooQEgkqQvBG4rHtl,lo,RESZE_PATA
pB2ZvSU9uIZYrVmru0V6dzKTR2AW,lo,RESZE_PATA
pcKzkYgCUpVc1YGsfcG9cuHwhIFq,lo,RESZE_PATA
2mf1pytEKj8RM8in6MbEzrMBMAX1,lo,RESZE_PATKO
NcVfp49U0WugaYJkv4r2Y3PXc7cn,lo,RESZE_PATKO
NcVfp49U0WugaYJkv4r2Y3PXc7cn,kard,RESZE_PENGE
XnQQOJ6n3tTZgUOBj6SEG8VnkkCr,kard,RESZE_PENGE
ZE4Vso19ws4GQBEbRlAx3gqRf2Ql,kard,RESZE_PENGE
hMhC4E5GeWS1zabc77OKHtfz529F,kard,RESZE_PENGE
hMhC4E5GeWS1zabc77OKHtfz529F,kard,RESZE_PENGE
n8i5leQlntXz4XoA2JVGiOB0X0nS,kard,RESZE_PENGE
LDiQ49hqAeKCaIZiU4yXQEO9tTmv,gyerek,RESZE_POLO
TuiyHopNE0Ns45VopNY0umEgHnon,szem,RESZE_PONT
TuiyHopNE0Ns45VopNY0umEgHnon,szem,RESZE_PONT
DL3j5JV4aiCT3r9LNq9fctuLkefs,citrom,RESZE_POTTY
cKkzcqwwIFXF6u0LdJBUTL1a4td2,eper,RESZE_POTTY
sTZywlkMZzaRE7Uqx1qpacwIHmlG,eper,RESZE_POTTY
sTZywlkMZzaRE7Uqx1qpacwIHmlG,gomba,RESZE_POTTY
wChCSZMZUV5HgFOPQqYJsHLy8yej,gomba,RESZE_POTTY
cKkzcqwwIFXF6u0LdJBUTL1a4td2,krumpli,RESZE_POTTY
8H7wVsJ31BN7WW6cJBe3DWB7ZJO9,helikopter,RESZE_PROPELLER
8H7wVsJ31BN7WW6cJBe3DWB7ZJO9,helikopter,RESZE_PROPELLER
NcVfp49U0WugaYJkv4r2Y3PXc7cn,helikopter,RESZE_PROPELLER
NcVfp49U0WugaYJkv4r2Y3PXc7cn,helikopter,RESZE_PROPELLER
WukuItBR0pKip9BVBEXWLXAS465F,helikopter,RESZE_PROPELLER
XUQR36tyWgppAe5zdMBRy1MXndde,helikopter,RESZE_PROPELLER
XUQR36tyWgppAe5zdMBRy1MXndde,helikopter,RESZE_PROPELLER
XoMV4gJmAWW8fvZJRlQJoaciIPFJ,helikopter,RESZE_PROPELLER
YsgVSf2DRAuoIzG4hcEwSpkPiPJQ,helikopter,RESZE_PROPELLER
Z5DTSVEQk3FtNUWlQHkHPAEBPtsT,helikopter,RESZE_PROPELLER
Z5DTSVEQk3FtNUWlQHkHPAEBPtsT,helikopter,RESZE_PROPELLER
bXeBh3j0gOGpCmEt68bY2NjVKwZS,helikopter,RESZE_PROPELLER
bXeBh3j0gOGpCmEt68bY2NjVKwZS,helikopter,RESZE_PROPELLER
gZUIZf0CyPQa4w9Wggvx5cJkQ4C2,helikopter,RESZE_PROPELLER
gZUIZf0CyPQa4w9Wggvx5cJkQ4C2,helikopter,RESZE_PROPELLER
gwTxL0T8HQFlooQEgkqQvBG4rHtl,helikopter,RESZE_PROPELLER
hMhC4E5GeWS1zabc77OKHtfz529F,helikopter,RESZE_PROPELLER
sTZywlkMZzaRE7Uqx1qpacwIHmlG,helikopter,RESZE_PROPELLER
wChCSZMZUV5HgFOPQqYJsHLy8yej,helikopter,RESZE_PROPELLER
bXeBh3j0gOGpCmEt68bY2NjVKwZS,cipo,RESZE_PUHASAG
TuiyHopNE0Ns45VopNY0umEgHnon,citrom,RESZE_PUP
cR7z9posZ25xSjb6z7sagHS235vn,szem,RESZE_PUPILLA
LDiQ49hqAeKCaIZiU4yXQEO9tTmv,ceruza,RESZE_RADIR
Z5DTSVEQk3FtNUWlQHkHPAEBPtsT,ceruza,RESZE_RADIR
bXeBh3j0gOGpCmEt68bY2NjVKwZS,ceruza,RESZE_RADIR
vu240s5N1IMDtgWR79UZHs2w0H6C,ceruza,RESZE_RADIR
wChCSZMZUV5HgFOPQqYJsHLy8yej,ceruza,RESZE_RADIR
XWItECLFYo8VG5SskW9iQPJI7pRA,szem,RESZE_RECE
TuiyHopNE0Ns45VopNY0umEgHnon,cipo,RESZE_RECE
TuiyHopNE0Ns45VopNY0umEgHnon,sepru,RESZE_RECE
cR7z9posZ25xSjb6z7sagHS235vn,auto,RESZE_RENDSZAM
cR7z9posZ25xSjb6z7sagHS235vn,auto,RESZE_RENDSZAM
cR7z9posZ25xSjb6z7sagHS235vn,szem,RESZE_REPEDEZES
TuiyHopNE0Ns45VopNY0umEgHnon,bab,RESZE_RETEG
2GQsh4qTCle4fioT2ib8QrWmurRt,sepru,RESZE_RUD
sTZywlkMZzaRE7Uqx1qpacwIHmlG,nappali,RESZE_RUGO
NcVfp49U0WugaYJkv4r2Y3PXc7cn,pulover,RESZE_RUHA
LDiQ49hqAeKCaIZiU4yXQEO9tTmv,gyerek,RESZE_RUHA
Z5DTSVEQk3FtNUWlQHkHPAEBPtsT,lab,RESZE_SAROK
jnjKoAau2JdPFO1Y9PwBO6XlzGha,lab,RESZE_SAROK
D8xwtXbTVptiRPXifIgUyGioQIkY,cipo,RESZE_SAROK
XUQR36tyWgppAe5zdMBRy1MXndde,cipo,RESZE_SAROK
aCY8Po3E02wrI4Rrdzzxu9aTgdc7,cipo,RESZE_SAROK
jnjKoAau2JdPFO1Y9PwBO6XlzGha,cipo,RESZE_SAROK
Z5DTSVEQk3FtNUWlQHkHPAEBPtsT,asztal,RESZE_SAROK
46yfoWhTy2iS3zBBIKYeTkITLWIt,szonyeg,RESZE_SAROK
Vi4tvYPaMpHrJtchbz4qPsufSAd3,szonyeg,RESZE_SAROK
XoMV4gJmAWW8fvZJRlQJoaciIPFJ,szonyeg,RESZE_SAROK
vu240s5N1IMDtgWR79UZHs2w0H6C,szonyeg,RESZE_SAROK
YsgVSf2DRAuoIzG4hcEwSpkPiPJQ,konyv,RESZE_SAROK
0ayEKzKAhgI7kLaya0CVdQ0WaTdh,gyerek,RESZE_SEGG
bXeBh3j0gOGpCmEt68bY2NjVKwZS,hercegno,RESZE_SERO
2mf1pytEKj8RM8in6MbEzrMBMAX1,lab,RESZE_SIPCSONT
2GQsh4qTCle4fioT2ib8QrWmurRt,lo,RESZE_SORENY
2mf1pytEKj8RM8in6MbEzrMBMAX1,lo,RESZE_SORENY
2mf1pytEKj8RM8in6MbEzrMBMAX1,lo,RESZE_SORENY
8H7wVsJ31BN7WW6cJBe3DWB7ZJO9,lo,RESZE_SORENY
DL3j5JV4aiCT3r9LNq9fctuLkefs,lo,RESZE_SORENY
HM7nhqdiyPmEZCyAkPB440Ok3wSG,lo,RESZE_SORENY
LDiQ49hqAeKCaIZiU4yXQEO9tTmv,lo,RESZE_SORENY
NcVfp49U0WugaYJkv4r2Y3PXc7cn,lo,RESZE_SORENY
YsgVSf2DRAuoIzG4hcEwSpkPiPJQ,lo,RESZE_SORENY
cR7z9posZ25xSjb6z7sagHS235vn,lo,RESZE_SORENY
gwTxL0T8HQFlooQEgkqQvBG4rHtl,lo,RESZE_SORENY
pB2ZvSU9uIZYrVmru0V6dzKTR2AW,lo,RESZE_SORENY
pcKzkYgCUpVc1YGsfcG9cuHwhIFq,lo,RESZE_SORENY
bJxnk1ZvF1GBnye0bYpBFGuOIcsJ,kutya,RESZE_SZAGLAS
XoMV4gJmAWW8fvZJRlQJoaciIPFJ,kutya,RESZE_SZAJ
ioDhrsJV22Fym2kwi0Enu6L7qMoB,kutya,RESZE_SZAJ
ve2UV1qBXwAErAfwa7CBZvAjwxAb,kutya,RESZE_SZAJ
8H7wVsJ31BN7WW6cJBe3DWB7ZJO9,lo,RESZE_SZAJ
DL3j5JV4aiCT3r9LNq9fctuLkefs,lo,RESZE_SZAJ
LDiQ49hqAeKCaIZiU4yXQEO9tTmv,gyerek,RESZE_SZAJ
TuiyHopNE0Ns45VopNY0umEgHnon,gyerek,RESZE_SZAJ
pcKzkYgCUpVc1YGsfcG9cuHwhIFq,gyerek,RESZE_SZAJ
LDiQ49hqAeKCaIZiU4yXQEO9tTmv,sepru,RESZE_SZAL
NcVfp49U0WugaYJkv4r2Y3PXc7cn,sepru,RESZE_SZAL
NcVfp49U0WugaYJkv4r2Y3PXc7cn,sepru,RESZE_SZAL
XWItECLFYo8VG5SskW9iQPJI7pRA,sepru,RESZE_SZAL
XWItECLFYo8VG5SskW9iQPJI7pRA,sepru,RESZE_SZAL
ZE4Vso19ws4GQBEbRlAx3gqRf2Ql,sepru,RESZE_SZAL
pcKzkYgCUpVc1YGsfcG9cuHwhIFq,sepru,RESZE_SZAL
ZE4Vso19ws4GQBEbRlAx3gqRf2Ql,sepru,RESZE_SZALKA
cR7z9posZ25xSjb6z7sagHS235vn,sepru,RESZE_SZALKA
fsUjgv5bHGSiLIc56gAiaFH0Eodm,sepru,RESZE_SZALMASZAL
HM7nhqdiyPmEZCyAkPB440Ok3wSG,nadrag,RESZE_SZAR
Vi4tvYPaMpHrJtchbz4qPsufSAd3,nadrag,RESZE_SZAR
WukuItBR0pKip9BVBEXWLXAS465F,nadrag,RESZE_SZAR
fsUjgv5bHGSiLIc56gAiaFH0Eodm,nadrag,RESZE_SZAR
pB2ZvSU9uIZYrVmru0V6dzKTR2AW,nadrag,RESZE_SZAR
WukuItBR0pKip9BVBEXWLXAS465F,alma,RESZE_SZAR
cR7z9posZ25xSjb6z7sagHS235vn,alma,RESZE_SZAR
hMhC4E5GeWS1zabc77OKHtfz529F,alma,RESZE_SZAR
jBpNE83rvgjtcjB4lQzfTlkuifEs,alma,RESZE_SZAR
jnjKoAau2JdPFO1Y9PwBO6XlzGha,alma,RESZE_SZAR
n8i5leQlntXz4XoA2JVGiOB0X0nS,alma,RESZE_SZAR
pcKzkYgCUpVc1YGsfcG9cuHwhIFq,alma,RESZE_SZAR
2mf1pytEKj8RM8in6MbEzrMBMAX1,eper,RESZE_SZAR
Vi4tvYPaMpHrJtchbz4qPsufSAd3,eper,RESZE_SZAR
YsgVSf2DRAuoIzG4hcEwSpkPiPJQ,eper,RESZE_SZAR
Z5DTSVEQk3FtNUWlQHkHPAEBPtsT,eper,RESZE_SZAR
ve2UV1qBXwAErAfwa7CBZvAjwxAb,eper,RESZE_SZAR
2mf1pytEKj8RM8in6MbEzrMBMAX1,gomba,RESZE_SZAR
46yfoWhTy2iS3zBBIKYeTkITLWIt,gomba,RESZE_SZAR
D8xwtXbTVptiRPXifIgUyGioQIkY,gomba,RESZE_SZAR
Vi4tvYPaMpHrJtchbz4qPsufSAd3,gomba,RESZE_SZAR
Vi4tvYPaMpHrJtchbz4qPsufSAd3,gomba,RESZE_SZAR
Vi4tvYPaMpHrJtchbz4qPsufSAd3,gomba,RESZE_SZAR
XnQQOJ6n3tTZgUOBj6SEG8VnkkCr,gomba,RESZE_SZAR
XoMV4gJmAWW8fvZJRlQJoaciIPFJ,gomba,RESZE_SZAR
i9zlLDQ6SJh1P1fER1TKU6Wqq2qA,gomba,RESZE_SZAR
sTZywlkMZzaRE7Uqx1qpacwIHmlG,gomba,RESZE_SZAR
wChCSZMZUV5HgFOPQqYJsHLy8yej,gomba,RESZE_SZAR
Z5DTSVEQk3FtNUWlQHkHPAEBPtsT,bab,RESZE_SZAR
jBpNE83rvgjtcjB4lQzfTlkuifEs,bab,RESZE_SZAR
0ayEKzKAhgI7kLaya0CVdQ0WaTdh,kacsa,RESZE_SZARNY
XnQQOJ6n3tTZgUOBj6SEG8VnkkCr,kacsa,RESZE_SZARNY
aCY8Po3E02wrI4Rrdzzxu9aTgdc7,kacsa,RESZE_SZARNY
bXeBh3j0gOGpCmEt68bY2NjVKwZS,kacsa,RESZE_SZARNY
hLKflzDgIt1d1kkYiBgtD6Ildzca,kacsa,RESZE_SZARNY
aCY8Po3E02wrI4Rrdzzxu9aTgdc7,vonat,RESZE_SZEK
pcKzkYgCUpVc1YGsfcG9cuHwhIFq,nappali,RESZE_SZEKRENY
TuiyHopNE0Ns45VopNY0umEgHnon,auto,RESZE_SZELVEDO
TuiyHopNE0Ns45VopNY0umEgHnon,auto,RESZE_SZELVEDO
TuiyHopNE0Ns45VopNY0umEgHnon,kacsa,RESZE_SZEM
WukuItBR0pKip9BVBEXWLXAS465F,kacsa,RESZE_SZEM
cKkzcqwwIFXF6u0LdJBUTL1a4td2,kacsa,RESZE_SZEM
XoMV4gJmAWW8fvZJRlQJoaciIPFJ,kutya,RESZE_SZEM
ioDhrsJV22Fym2kwi0Enu6L7qMoB,kutya,RESZE_SZEM
ve2UV1qBXwAErAfwa7CBZvAjwxAb,kutya,RESZE_SZEM
8H7wVsJ31BN7WW6cJBe3DWB7ZJO9,lo,RESZE_SZEM
DL3j5JV4aiCT3r9LNq9fctuLkefs,lo,RESZE_SZEM
pB2ZvSU9uIZYrVmru0V6dzKTR2AW,lo,RESZE_SZEM
TuiyHopNE0Ns45VopNY0umEgHnon,gyerek,RESZE_SZEM
cKkzcqwwIFXF6u0LdJBUTL1a4td2,gyerek,RESZE_SZEM
cR7z9posZ25xSjb6z7sagHS235vn,gyerek,RESZE_SZEM
jnjKoAau2JdPFO1Y9PwBO6XlzGha,gyerek,RESZE_SZEM
pcKzkYgCUpVc1YGsfcG9cuHwhIFq,gyerek,RESZE_SZEM
46yfoWhTy2iS3zBBIKYeTkITLWIt,szem,RESZE_SZEMGOLYO
cR7z9posZ25xSjb6z7sagHS235vn,szem,RESZE_SZEMGOLYO
pB2ZvSU9uIZYrVmru0V6dzKTR2AW,szem,RESZE_SZEMGOLYO
LDiQ49hqAeKCaIZiU4yXQEO9tTmv,szem,RESZE_SZEMHEJ
LDiQ49hqAeKCaIZiU4yXQEO9tTmv,szem,RESZE_SZEMHEJ
TuiyHopNE0Ns45VopNY0umEgHnon,szem,RESZE_SZEMHEJ
WukuItBR0pKip9BVBEXWLXAS465F,szem,RESZE_SZEMOLDOK
gwTxL0T8HQFlooQEgkqQvBG4rHtl,szem,RESZE_SZEMOLDOK
cR7z9posZ25xSjb6z7sagHS235vn,gyerek,RESZE_SZEMOLDOK
8H7wVsJ31BN7WW6cJBe3DWB7ZJO9,szem,RESZE_SZEMPILLA
DL3j5JV4aiCT3r9LNq9fctuLkefs,szem,RESZE_SZEMPILLA
LDiQ49hqAeKCaIZiU4yXQEO9tTmv,szem,RESZE_SZEMPILLA
TuiyHopNE0Ns45VopNY0umEgHnon,szem,RESZE_SZEMPILLA
WukuItBR0pKip9BVBEXWLXAS465F,szem,RESZE_SZEMPILLA
gwTxL0T8HQFlooQEgkqQvBG4rHtl,szem,RESZE_SZEMPILLA
hMhC4E5GeWS1zabc77OKHtfz529F,szem,RESZE_SZEMPILLA
cKkzcqwwIFXF6u0LdJBUTL1a4td2,gyerek,RESZE_SZEMPILLA
cR7z9posZ25xSjb6z7sagHS235vn,gyerek,RESZE_SZEMPILLA
2mf1pytEKj8RM8in6MbEzrMBMAX1,konyv,RESZE_SZERZO
sTZywlkMZzaRE7Uqx1qpacwIHmlG,kutya,RESZE_SZIMAT
WukuItBR0pKip9BVBEXWLXAS465F,szem,RESZE_SZIN
cR7z9posZ25xSjb6z7sagHS235vn,szem,RESZE_SZIN
n8i5leQlntXz4XoA2JVGiOB0X0nS,cipo,RESZE_SZIN
n8i5leQlntXz4XoA2JVGiOB0X0nS,krumpli,RESZE_SZIN
YsgVSf2DRAuoIzG4hcEwSpkPiPJQ,szonyeg,RESZE_SZIN
d7QNG1DWNJdasfDIeRmdGvEIgJBM,szonyeg,RESZE_SZIN
LDiQ49hqAeKCaIZiU4yXQEO9tTmv,ceruza,RESZE_SZIN
8H7wVsJ31BN7WW6cJBe3DWB7ZJO9,konyv,RESZE_SZIN
d7QNG1DWNJdasfDIeRmdGvEIgJBM,konyv,RESZE_SZIN
sTZywlkMZzaRE7Uqx1qpacwIHmlG,gomba,RESZE_SZIN_IND
Vi4tvYPaMpHrJtchbz4qPsufSAd3,tuzolto,RESZE_SZIRENA
fsUjgv5bHGSiLIc56gAiaFH0Eodm,tuzolto,RESZE_SZIRENA
wChCSZMZUV5HgFOPQqYJsHLy8yej,tuzolto,RESZE_SZIRENA
sTZywlkMZzaRE7Uqx1qpacwIHmlG,kutya,RESZE_SZIV
gZUIZf0CyPQa4w9Wggvx5cJkQ4C2,lo,RESZE_SZIV
fsUjgv5bHGSiLIc56gAiaFH0Eodm,kutya,RESZE_SZOR
ve2UV1qBXwAErAfwa7CBZvAjwxAb,kutya,RESZE_SZOR
ve2UV1qBXwAErAfwa7CBZvAjwxAb,kutya,RESZE_SZOR
46yfoWhTy2iS3zBBIKYeTkITLWIt,szonyeg,RESZE_SZORME
2GQsh4qTCle4fioT2ib8QrWmurRt,lab,RESZE_TALP
Z5DTSVEQk3FtNUWlQHkHPAEBPtsT,lab,RESZE_TALP
LDiQ49hqAeKCaIZiU4yXQEO9tTmv,cipo,RESZE_TALP
TuiyHopNE0Ns45VopNY0umEgHnon,cipo,RESZE_TALP
TuiyHopNE0Ns45VopNY0umEgHnon,cipo,RESZE_TALP
aCY8Po3E02wrI4Rrdzzxu9aTgdc7,cipo,RESZE_TALP
bJxnk1ZvF1GBnye0bYpBFGuOIcsJ,cipo,RESZE_TALP
bXeBh3j0gOGpCmEt68bY2NjVKwZS,cipo,RESZE_TALP
cR7z9posZ25xSjb6z7sagHS235vn,cipo,RESZE_TALP
gZUIZf0CyPQa4w9Wggvx5cJkQ4C2,cipo,RESZE_TALP
gwTxL0T8HQFlooQEgkqQvBG4rHtl,cipo,RESZE_TALP
gwTxL0T8HQFlooQEgkqQvBG4rHtl,cipo,RESZE_TALP
hLKflzDgIt1d1kkYiBgtD6Ildzca,cipo,RESZE_TALP
hLKflzDgIt1d1kkYiBgtD6Ildzca,cipo,RESZE_TALP
hMhC4E5GeWS1zabc77OKHtfz529F,cipo,RESZE_TALP
ioDhrsJV22Fym2kwi0Enu6L7qMoB,cipo,RESZE_TALP
HM7nhqdiyPmEZCyAkPB440Ok3wSG,asztal,RESZE_TALP
gwTxL0T8HQFlooQEgkqQvBG4rHtl,helikopter,RESZE_TALP
hMhC4E5GeWS1zabc77OKHtfz529F,helikopter,RESZE_TALP
XUQR36tyWgppAe5zdMBRy1MXndde,helikopter,RESZE_TALPACSKA
gZUIZf0CyPQa4w9Wggvx5cJkQ4C2,cipo,RESZE_TALPBETET
ioDhrsJV22Fym2kwi0Enu6L7qMoB,kutya,RESZE_TAPPANCS
DL3j5JV4aiCT3r9LNq9fctuLkefs,helikopter,RESZE_TAR
Z5DTSVEQk3FtNUWlQHkHPAEBPtsT,asztal,RESZE_TARTO
d7QNG1DWNJdasfDIeRmdGvEIgJBM,konyv,RESZE_TARTO
Vi4tvYPaMpHrJtchbz4qPsufSAd3,kez,RESZE_TENYER
i9zlLDQ6SJh1P1fER1TKU6Wqq2qA,kez,RESZE_TENYER
jBpNE83rvgjtcjB4lQzfTlkuifEs,kez,RESZE_TENYER
sTZywlkMZzaRE7Uqx1qpacwIHmlG,kez,RESZE_TENYER
sTZywlkMZzaRE7Uqx1qpacwIHmlG,kez,RESZE_TENYER
vu240s5N1IMDtgWR79UZHs2w0H6C,kez,RESZE_TENYER
wChCSZMZUV5HgFOPQqYJsHLy8yej,kez,RESZE_TENYER
LDiQ49hqAeKCaIZiU4yXQEO9tTmv,cipo,RESZE_TEPOZAR
XUQR36tyWgppAe5zdMBRy1MXndde,cipo,RESZE_TEPOZAR
bJxnk1ZvF1GBnye0bYpBFGuOIcsJ,cipo,RESZE_TEPOZAR
gZUIZf0CyPQa4w9Wggvx5cJkQ4C2,cipo,RESZE_TEPOZAR
2mf1pytEKj8RM8in6MbEzrMBMAX1,lab,RESZE_TERD
Z5DTSVEQk3FtNUWlQHkHPAEBPtsT,lab,RESZE_TERD
bXeBh3j0gOGpCmEt68bY2NjVKwZS,lab,RESZE_TERD
fsUjgv5bHGSiLIc56gAiaFH0Eodm,lab,RESZE_TERD
n8i5leQlntXz4XoA2JVGiOB0X0nS,lab,RESZE_TERD
pcKzkYgCUpVc1YGsfcG9cuHwhIFq,lab,RESZE_TERD
ve2UV1qBXwAErAfwa7CBZvAjwxAb,lab,RESZE_TERD
0ayEKzKAhgI7kLaya0CVdQ0WaTdh,nadrag,RESZE_TERD
Z5DTSVEQk3FtNUWlQHkHPAEBPtsT,nadrag,RESZE_TERD
DL3j5JV4aiCT3r9LNq9fctuLkefs,gyerek,RESZE_TERD
DL3j5JV4aiCT3r9LNq9fctuLkefs,gyerek,RESZE_TERDHAJLAT
TuiyHopNE0Ns45VopNY0umEgHnon,kacsa,RESZE_TEST
bXeBh3j0gOGpCmEt68bY2NjVKwZS,kacsa,RESZE_TEST
hLKflzDgIt1d1kkYiBgtD6Ildzca,kacsa,RESZE_TEST
Z5DTSVEQk3FtNUWlQHkHPAEBPtsT,kutya,RESZE_TEST
ZE4Vso19ws4GQBEbRlAx3gqRf2Ql,kutya,RESZE_TEST
ioDhrsJV22Fym2kwi0Enu6L7qMoB,kutya,RESZE_TEST
gwTxL0T8HQFlooQEgkqQvBG4rHtl,lo,RESZE_TEST
DL3j5JV4aiCT3r9LNq9fctuLkefs,gyerek,RESZE_TEST
jnjKoAau2JdPFO1Y9PwBO6XlzGha,gyerek,RESZE_TEST
hMhC4E5GeWS1zabc77OKHtfz529F,helikopter,RESZE_TEST
8H7wVsJ31BN7WW6cJBe3DWB7ZJO9,gyerek,RESZE_TESTRESZ
kudJQ7AAOK0KetYJYKSTcQ60xJre,eper,RESZE_TETO
Z5DTSVEQk3FtNUWlQHkHPAEBPtsT,asztal,RESZE_TETO
hLKflzDgIt1d1kkYiBgtD6Ildzca,asztal,RESZE_TETO
jnjKoAau2JdPFO1Y9PwBO6XlzGha,asztal,RESZE_TETO
DL3j5JV4aiCT3r9LNq9fctuLkefs,helikopter,RESZE_TETO
2mf1pytEKj8RM8in6MbEzrMBMAX1,hercegno,RESZE_TIARA
hMhC4E5GeWS1zabc77OKHtfz529F,kard,RESZE_TOK
J8IzRk7DYymlKgV6sF7Umb2Wf8kh,kacsa,RESZE_TOLL
TuiyHopNE0Ns45VopNY0umEgHnon,kacsa,RESZE_TOLL
WukuItBR0pKip9BVBEXWLXAS465F,kacsa,RESZE_TOLL
XWItECLFYo8VG5SskW9iQPJI7pRA,kacsa,RESZE_TOLL
XnQQOJ6n3tTZgUOBj6SEG8VnkkCr,kacsa,RESZE_TOLL
b6lgi9tN1sInFmZy2YsPCSjxaQID,kacsa,RESZE_TOLL
gkE2DF9rjk40Tdxikha0B9r2yMvP,kacsa,RESZE_TOLL
hLKflzDgIt1d1kkYiBgtD6Ildzca,kacsa,RESZE_TOLL
sTZywlkMZzaRE7Uqx1qpacwIHmlG,nappali,RESZE_TOLL
2mf1pytEKj8RM8in6MbEzrMBMAX1,gomba,RESZE_TO
gZUIZf0CyPQa4w9Wggvx5cJkQ4C2,ceruza,RESZE_TO
0ayEKzKAhgI7kLaya0CVdQ0WaTdh,gyerek,RESZE_TOK
pB2ZvSU9uIZYrVmru0V6dzKTR2AW,gomba,RESZE_TOMB
gwTxL0T8HQFlooQEgkqQvBG4rHtl,tuzolto,RESZE_TOMLO
YsgVSf2DRAuoIzG4hcEwSpkPiPJQ,gomba,RESZE_TONK
fsUjgv5bHGSiLIc56gAiaFH0Eodm,konyv,RESZE_TORTENET
jBpNE83rvgjtcjB4lQzfTlkuifEs,kacsa,RESZE_TORZS
ZE4Vso19ws4GQBEbRlAx3gqRf2Ql,pulover,RESZE_TORZS
sTZywlkMZzaRE7Uqx1qpacwIHmlG,kutya,RESZE_TUDO
sTZywlkMZzaRE7Uqx1qpacwIHmlG,kutya,RESZE_TUDO
bXeBh3j0gOGpCmEt68bY2NjVKwZS,erdo,RESZE_TUSKE_IND
bXeBh3j0gOGpCmEt68bY2NjVKwZS,erdo,RESZE_TUSKE_IND
bXeBh3j0gOGpCmEt68bY2NjVKwZS,kacsa,RESZE_UJJ
Vi4tvYPaMpHrJtchbz4qPsufSAd3,kez,RESZE_UJJ
XUQR36tyWgppAe5zdMBRy1MXndde,kez,RESZE_UJJ
XUQR36tyWgppAe5zdMBRy1MXndde,kez,RESZE_UJJ
ZE4Vso19ws4GQBEbRlAx3gqRf2Ql,kez,RESZE_UJJ
ZE4Vso19ws4GQBEbRlAx3gqRf2Ql,kez,RESZE_UJJ
aCY8Po3E02wrI4Rrdzzxu9aTgdc7,kez,RESZE_UJJ
aCY8Po3E02wrI4Rrdzzxu9aTgdc7,kez,RESZE_UJJ
aCY8Po3E02wrI4Rrdzzxu9aTgdc7,kez,RESZE_UJJ
aCY8Po3E02wrI4Rrdzzxu9aTgdc7,kez,RESZE_UJJ
bJxnk1ZvF1GBnye0bYpBFGuOIcsJ,kez,RESZE_UJJ
gZUIZf0CyPQa4w9Wggvx5cJkQ4C2,kez,RESZE_UJJ
hLKflzDgIt1d1kkYiBgtD6Ildzca,kez,RESZE_UJJ
hyQXyqpwb1eEKNKe7KdXNP9whDUd,kez,RESZE_UJJ
jBpNE83rvgjtcjB4lQzfTlkuifEs,kez,RESZE_UJJ
sTZywlkMZzaRE7Uqx1qpacwIHmlG,kez,RESZE_UJJ
sTZywlkMZzaRE7Uqx1qpacwIHmlG,kez,RESZE_UJJ
sTZywlkMZzaRE7Uqx1qpacwIHmlG,kez,RESZE_UJJ
vu240s5N1IMDtgWR79UZHs2w0H6C,kez,RESZE_UJJ
wChCSZMZUV5HgFOPQqYJsHLy8yej,kez,RESZE_UJJ
wChCSZMZUV5HgFOPQqYJsHLy8yej,kez,RESZE_UJJ
wChCSZMZUV5HgFOPQqYJsHLy8yej,kez,RESZE_UJJ
2GQsh4qTCle4fioT2ib8QrWmurRt,lab,RESZE_UJJ
gkE2DF9rjk40Tdxikha0B9r2yMvP,lab,RESZE_UJJ
2mf1pytEKj8RM8in6MbEzrMBMAX1,pulover,RESZE_UJJ
46yfoWhTy2iS3zBBIKYeTkITLWIt,pulover,RESZE_UJJ
8H7wVsJ31BN7WW6cJBe3DWB7ZJO9,pulover,RESZE_UJJ
DL3j5JV4aiCT3r9LNq9fctuLkefs,pulover,RESZE_UJJ
NcVfp49U0WugaYJkv4r2Y3PXc7cn,pulover,RESZE_UJJ
XoMV4gJmAWW8fvZJRlQJoaciIPFJ,pulover,RESZE_UJJ
ve2UV1qBXwAErAfwa7CBZvAjwxAb,pulover,RESZE_UJJ
wChCSZMZUV5HgFOPQqYJsHLy8yej,pulover,RESZE_UJJ
DL3j5JV4aiCT3r9LNq9fctuLkefs,gyerek,RESZE_UJJ
cR7z9posZ25xSjb6z7sagHS235vn,gyerek,RESZE_UJJ
8H7wVsJ31BN7WW6cJBe3DWB7ZJO9,gyerek,RESZE_UJJACSKA
gZUIZf0CyPQa4w9Wggvx5cJkQ4C2,kez,RESZE_UJJBEGY
ZE4Vso19ws4GQBEbRlAx3gqRf2Ql,kez,RESZE_UJJTAPINTO
XWItECLFYo8VG5SskW9iQPJI7pRA,kacsa,RESZE_USZOHARTYA
XnQQOJ6n3tTZgUOBj6SEG8VnkkCr,kacsa,RESZE_USZOHARTYA
jnjKoAau2JdPFO1Y9PwBO6XlzGha,kacsa,RESZE_USZOHARTYA
2mf1pytEKj8RM8in6MbEzrMBMAX1,erdo,RESZE_UT
46yfoWhTy2iS3zBBIKYeTkITLWIt,erdo,RESZE_UTVONAL
hMhC4E5GeWS1zabc77OKHtfz529F,helikopter,RESZE_ULES
TuiyHopNE0Ns45VopNY0umEgHnon,auto,RESZE_ULES
wChCSZMZUV5HgFOPQqYJsHLy8yej,erdo,RESZE_UREG
2mf1pytEKj8RM8in6MbEzrMBMAX1,lab,RESZE_VADLI
46yfoWhTy2iS3zBBIKYeTkITLWIt,vonat,RESZE_VAGON
hLKflzDgIt1d1kkYiBgtD6Ildzca,kez,RESZE_VALL
DL3j5JV4aiCT3r9LNq9fctuLkefs,gyerek,RESZE_VALL
hMhC4E5GeWS1zabc77OKHtfz529F,kard,RESZE_VEDO
ve2UV1qBXwAErAfwa7CBZvAjwxAb,lab,RESZE_VEG
n8i5leQlntXz4XoA2JVGiOB0X0nS,cipo,RESZE_VEG
ve2UV1qBXwAErAfwa7CBZvAjwxAb,pulover,RESZE_VEG
HM7nhqdiyPmEZCyAkPB440Ok3wSG,citrom,RESZE_VEG
TuiyHopNE0Ns45VopNY0umEgHnon,sepru,RESZE_VEG
WukuItBR0pKip9BVBEXWLXAS465F,sepru,RESZE_VEG
XWItECLFYo8VG5SskW9iQPJI7pRA,sepru,RESZE_VEG
XWItECLFYo8VG5SskW9iQPJI7pRA,sepru,RESZE_VEG
cR7z9posZ25xSjb6z7sagHS235vn,sepru,RESZE_VEG
hyQXyqpwb1eEKNKe7KdXNP9whDUd,sepru,RESZE_VEG
pcKzkYgCUpVc1YGsfcG9cuHwhIFq,sepru,RESZE_VEG
bXeBh3j0gOGpCmEt68bY2NjVKwZS,ceruza,RESZE_VEG
bXeBh3j0gOGpCmEt68bY2NjVKwZS,ceruza,RESZE_VEG
gZUIZf0CyPQa4w9Wggvx5cJkQ4C2,ceruza,RESZE_VEG
pB2ZvSU9uIZYrVmru0V6dzKTR2AW,ceruza,RESZE_VEG
2mf1pytEKj8RM8in6MbEzrMBMAX1,konyv,RESZE_VEG
DL3j5JV4aiCT3r9LNq9fctuLkefs,konyv,RESZE_VEG
cR7z9posZ25xSjb6z7sagHS235vn,konyv,RESZE_VEG
XnQQOJ6n3tTZgUOBj6SEG8VnkkCr,kard,RESZE_VEG
jnjKoAau2JdPFO1Y9PwBO6XlzGha,kard,RESZE_VEG
ZE4Vso19ws4GQBEbRlAx3gqRf2Ql,kez,RESZE_VEGTAG
hMhC4E5GeWS1zabc77OKHtfz529F,helikopter,RESZE_VEZETOFULKE
bJxnk1ZvF1GBnye0bYpBFGuOIcsJ,auto,RESZE_VILAGITOLAMPA
XoMV4gJmAWW8fvZJRlQJoaciIPFJ,nappali,RESZE_VIRAG
LDiQ49hqAeKCaIZiU4yXQEO9tTmv,auto,RESZE_VISSZAPILLANTO
cR7z9posZ25xSjb6z7sagHS235vn,auto,RESZE_VISSZAPILLANTO
jnjKoAau2JdPFO1Y9PwBO6XlzGha,alma,RESZE_VITAMIN
hLKflzDgIt1d1kkYiBgtD6Ildzca,tuzolto,RESZE_VIZ
gDJxpFMvaIHBGwkBz6Z9Z5E6rqeQ,lab,RESZE_VIZHOLYAG
fsUjgv5bHGSiLIc56gAiaFH0Eodm,tuzolto,RESZE_VIZTARTALY
ZE4Vso19ws4GQBEbRlAx3gqRf2Ql,kard,RESZE_VONAL
ZE4Vso19ws4GQBEbRlAx3gqRf2Ql,sepru,RESZE_VONAL_IND
Vi4tvYPaMpHrJtchbz4qPsufSAd3,nadrag,RESZE_ZSEB
Vi4tvYPaMpHrJtchbz4qPsufSAd3,nadrag,RESZE_ZSEB
XWItECLFYo8VG5SskW9iQPJI7pRA,nadrag,RESZE_ZSEB
XnQQOJ6n3tTZgUOBj6SEG8VnkkCr,nadrag,RESZE_ZSEB
YsgVSf2DRAuoIzG4hcEwSpkPiPJQ,nadrag,RESZE_ZSEB
YsgVSf2DRAuoIzG4hcEwSpkPiPJQ,nadrag,RESZE_ZSEB
cKkzcqwwIFXF6u0LdJBUTL1a4td2,nadrag,RESZE_ZSEB
gkE2DF9rjk40Tdxikha0B9r2yMvP,nadrag,RESZE_ZSEB
gkE2DF9rjk40Tdxikha0B9r2yMvP,nadrag,RESZE_ZSEB
pB2ZvSU9uIZYrVmru0V6dzKTR2AW,nadrag,RESZE_ZSEB
ZE4Vso19ws4GQBEbRlAx3gqRf2Ql,pulover,RESZE_ZSEB
i9zlLDQ6SJh1P1fER1TKU6Wqq2qA,pulover,RESZE_ZSEB
jBpNE83rvgjtcjB4lQzfTlkuifEs,pulover,RESZE_ZSEB
jBpNE83rvgjtcjB4lQzfTlkuifEs,pulover,RESZE_ZSEB
kudJQ7AAOK0KetYJYKSTcQ60xJre,pulover,RESZE_ZSEB
wChCSZMZUV5HgFOPQqYJsHLy8yej,pulover,RESZE_ZSEB
pB2ZvSU9uIZYrVmru0V6dzKTR2AW,hercegno,RETEG_KI_IND
cR7z9posZ25xSjb6z7sagHS235vn,lo,ROKON_KI
cKkzcqwwIFXF6u0LdJBUTL1a4td2,nadrag,ROVIDNADRAG_Ki
TuiyHopNE0Ns45VopNY0umEgHnon,gyerek,RUHA_KI
Z5DTSVEQk3FtNUWlQHkHPAEBPtsT,gyerek,RUHA_KI
J8IzRk7DYymlKgV6sF7Umb2Wf8kh,tuzolto,RUHA_KI
NcVfp49U0WugaYJkv4r2Y3PXc7cn,tuzolto,RUHA_KI
aCY8Po3E02wrI4Rrdzzxu9aTgdc7,tuzolto,RUHA_KI
b6lgi9tN1sInFmZy2YsPCSjxaQID,tuzolto,RUHA_KI
gDJxpFMvaIHBGwkBz6Z9Z5E6rqeQ,tuzolto,RUHA_KI
kudJQ7AAOK0KetYJYKSTcQ60xJre,tuzolto,RUHA_KI
kudJQ7AAOK0KetYJYKSTcQ60xJre,tuzolto,RUHA_KI
n8i5leQlntXz4XoA2JVGiOB0X0nS,tuzolto,RUHA_KI
ve2UV1qBXwAErAfwa7CBZvAjwxAb,tuzolto,RUHA_KI
ve2UV1qBXwAErAfwa7CBZvAjwxAb,tuzolto,RUHA_KI
2mf1pytEKj8RM8in6MbEzrMBMAX1,hercegno,RUHA_KI
46yfoWhTy2iS3zBBIKYeTkITLWIt,hercegno,RUHA_KI
XnQQOJ6n3tTZgUOBj6SEG8VnkkCr,hercegno,RUHA_KI
bXeBh3j0gOGpCmEt68bY2NjVKwZS,hercegno,RUHA_KI
bXeBh3j0gOGpCmEt68bY2NjVKwZS,hercegno,RUHA_KI
d7QNG1DWNJdasfDIeRmdGvEIgJBM,hercegno,RUHA_KI
gZUIZf0CyPQa4w9Wggvx5cJkQ4C2,hercegno,RUHA_KI
hMhC4E5GeWS1zabc77OKHtfz529F,hercegno,RUHA_KI
i9zlLDQ6SJh1P1fER1TKU6Wqq2qA,hercegno,RUHA_KI
jBpNE83rvgjtcjB4lQzfTlkuifEs,hercegno,RUHADARAB_KI
jBpNE83rvgjtcjB4lQzfTlkuifEs,hercegno,RUHADARAB_KI
n8i5leQlntXz4XoA2JVGiOB0X0nS,tuzolto,SAPKA_KI
wChCSZMZUV5HgFOPQqYJsHLy8yej,tuzolto,SAPKA_KI
sTZywlkMZzaRE7Uqx1qpacwIHmlG,gomba,SAPKA_KI
jBpNE83rvgjtcjB4lQzfTlkuifEs,hercegno,SELYEM_KI
b6lgi9tN1sInFmZy2YsPCSjxaQID,tuzolto,SISAK_KI
gwTxL0T8HQFlooQEgkqQvBG4rHtl,tuzolto,SISAK_KI
kudJQ7AAOK0KetYJYKSTcQ60xJre,tuzolto,SISAK_KI
kudJQ7AAOK0KetYJYKSTcQ60xJre,tuzolto,SLAG_KI
TuiyHopNE0Ns45VopNY0umEgHnon,nappali,SOK_ABLAK
jnjKoAau2JdPFO1Y9PwBO6XlzGha,helikopter,SOK_ABLAK
XWItECLFYo8VG5SskW9iQPJI7pRA,vonat,SOK_ABLAK
aCY8Po3E02wrI4Rrdzzxu9aTgdc7,vonat,SOK_ABLAK
2mf1pytEKj8RM8in6MbEzrMBMAX1,erdo,SOK_AG
Z5DTSVEQk3FtNUWlQHkHPAEBPtsT,erdo,SOK_ALLAT
d7QNG1DWNJdasfDIeRmdGvEIgJBM,konyv,SOK_BETU
bXeBh3j0gOGpCmEt68bY2NjVKwZS,erdo,SOK_BOKOR
WukuItBR0pKip9BVBEXWLXAS465F,jatszoter,SOK_EMBER
ioDhrsJV22Fym2kwi0Enu6L7qMoB,vonat,SOK_EMBER
bXeBh3j0gOGpCmEt68bY2NjVKwZS,lab,SOK_ER
8H7wVsJ31BN7WW6cJBe3DWB7ZJO9,krumpli,SOK_ETEL
2mf1pytEKj8RM8in6MbEzrMBMAX1,erdo,SOK_FA
XWItECLFYo8VG5SskW9iQPJI7pRA,erdo,SOK_FA
Z5DTSVEQk3FtNUWlQHkHPAEBPtsT,erdo,SOK_FA
bXeBh3j0gOGpCmEt68bY2NjVKwZS,erdo,SOK_FA
jnjKoAau2JdPFO1Y9PwBO6XlzGha,erdo,SOK_FA
vu240s5N1IMDtgWR79UZHs2w0H6C,erdo,SOK_FA
wChCSZMZUV5HgFOPQqYJsHLy8yej,erdo,SOK_FA
gDJxpFMvaIHBGwkBz6Z9Z5E6rqeQ,gomba,SOK_FAJTA
Vi4tvYPaMpHrJtchbz4qPsufSAd3,vonat,SOK_FUTOKOCSI
XWItECLFYo8VG5SskW9iQPJI7pRA,erdo,SOK_GESZTENYE
8H7wVsJ31BN7WW6cJBe3DWB7ZJO9,erdo,SOK_GOMBA
LDiQ49hqAeKCaIZiU4yXQEO9tTmv,jatszoter,SOK_HELY
J8IzRk7DYymlKgV6sF7Umb2Wf8kh,jatszoter,SOK_JATEK
WukuItBR0pKip9BVBEXWLXAS465F,jatszoter,SOK_JATEK
d7QNG1DWNJdasfDIeRmdGvEIgJBM,jatszoter,SOK_JATEK
ve2UV1qBXwAErAfwa7CBZvAjwxAb,jatszoter,SOK_JATEK
46yfoWhTy2iS3zBBIKYeTkITLWIt,vonat,SOK_KEREK
aCY8Po3E02wrI4Rrdzzxu9aTgdc7,vonat,SOK_KEREK
sTZywlkMZzaRE7Uqx1qpacwIHmlG,konyv,SOK_KONYV
8H7wVsJ31BN7WW6cJBe3DWB7ZJO9,konyv,SOK_LAP
pcKzkYgCUpVc1YGsfcG9cuHwhIFq,konyv,SOK_LAP
bJxnk1ZvF1GBnye0bYpBFGuOIcsJ,hercegno,SOK_LOVAG
gwTxL0T8HQFlooQEgkqQvBG4rHtl,erdo,SOK_MADAR
bJxnk1ZvF1GBnye0bYpBFGuOIcsJ,eper,SOK_MAG
ve2UV1qBXwAErAfwa7CBZvAjwxAb,eper,SOK_MAG
sTZywlkMZzaRE7Uqx1qpacwIHmlG,nappali,SOK_MESE
2mf1pytEKj8RM8in6MbEzrMBMAX1,erdo,SOK_NOVENY
Vi4tvYPaMpHrJtchbz4qPsufSAd3,konyv,SOK_OLDAL
sTZywlkMZzaRE7Uqx1qpacwIHmlG,kutya,SOK_ORSZAG
bJxnk1ZvF1GBnye0bYpBFGuOIcsJ,hercegno,SOK_PENZ
pB2ZvSU9uIZYrVmru0V6dzKTR2AW,hercegno,SOK_RETEG
8H7wVsJ31BN7WW6cJBe3DWB7ZJO9,gyerek,SOK_SIR
pcKzkYgCUpVc1YGsfcG9cuHwhIFq,sepru,SOK_SZAL
hyQXyqpwb1eEKNKe7KdXNP9whDUd,tuzolto,SOK_SZERSZAM
2mf1pytEKj8RM8in6MbEzrMBMAX1,erdo,SOK_SZIKLA
bXeBh3j0gOGpCmEt68bY2NjVKwZS,erdo,SOK_VADASZ
46yfoWhTy2iS3zBBIKYeTkITLWIt,vonat,SOK_VAGON
46yfoWhTy2iS3zBBIKYeTkITLWIt,alma,SOK_VITAMIN
J8IzRk7DYymlKgV6sF7Umb2Wf8kh,tuzolto,SZALLAS_KI
LDiQ49hqAeKCaIZiU4yXQEO9tTmv,eper,SZAZ_MAG
8H7wVsJ31BN7WW6cJBe3DWB7ZJO9,konyv,SZAZ_OLDAL
Vi4tvYPaMpHrJtchbz4qPsufSAd3,vonat,SZAZEZER_EMBER
Z5DTSVEQk3FtNUWlQHkHPAEBPtsT,gyerek,SZERET_ALLAT
pcKzkYgCUpVc1YGsfcG9cuHwhIFq,gyerek,SZERET_ALLAT
ZE4Vso19ws4GQBEbRlAx3gqRf2Ql,gyerek,SZERET_CSOKI
gZUIZf0CyPQa4w9Wggvx5cJkQ4C2,hercegno,SZERET_CSOKOLOZIK
pcKzkYgCUpVc1YGsfcG9cuHwhIFq,gyerek,SZERET_EDESSEG
sTZywlkMZzaRE7Uqx1qpacwIHmlG,kutya,SZERET_EMBER
2mf1pytEKj8RM8in6MbEzrMBMAX1,lo,SZERET_ESZIK
2GQsh4qTCle4fioT2ib8QrWmurRt,gyerek,SZERET_ESZIK
ZE4Vso19ws4GQBEbRlAx3gqRf2Ql,gyerek,SZERET_ESZIK
2GQsh4qTCle4fioT2ib8QrWmurRt,gyerek,SZERET_FUTKAROZIK
ZE4Vso19ws4GQBEbRlAx3gqRf2Ql,kutya,SZERET_GYEREK
XUQR36tyWgppAe5zdMBRy1MXndde,lo,SZERET_GYUMOLCS
ZE4Vso19ws4GQBEbRlAx3gqRf2Ql,kutya,SZERET_HUS
XoMV4gJmAWW8fvZJRlQJoaciIPFJ,kutya,SZERET_JATSZIK
ZE4Vso19ws4GQBEbRlAx3gqRf2Ql,kutya,SZERET_JATSZIK
0ayEKzKAhgI7kLaya0CVdQ0WaTdh,gyerek,SZERET_JATSZIK
0ayEKzKAhgI7kLaya0CVdQ0WaTdh,gyerek,SZERET_JATSZIK
2GQsh4qTCle4fioT2ib8QrWmurRt,gyerek,SZERET_JATSZIK
Z5DTSVEQk3FtNUWlQHkHPAEBPtsT,gyerek,SZERET_JATSZIK
cR7z9posZ25xSjb6z7sagHS235vn,gyerek,SZERET_JATSZIK
pcKzkYgCUpVc1YGsfcG9cuHwhIFq,gyerek,SZERET_JATSZIK
ZE4Vso19ws4GQBEbRlAx3gqRf2Ql,kutya,SZERET_KAKIL
fsUjgv5bHGSiLIc56gAiaFH0Eodm,kutya,SZERET_LABDAZIK
NcVfp49U0WugaYJkv4r2Y3PXc7cn,tuzolto,SZERET_ODAER
XoMV4gJmAWW8fvZJRlQJoaciIPFJ,kutya,SZERET_PIHEN
0ayEKzKAhgI7kLaya0CVdQ0WaTdh,gyerek,SZERET_PLAYSTATION
0ayEKzKAhgI7kLaya0CVdQ0WaTdh,gyerek,SZERET_RESZE
ZE4Vso19ws4GQBEbRlAx3gqRf2Ql,gyerek,SZERET_RESZE
pcKzkYgCUpVc1YGsfcG9cuHwhIFq,gyerek,SZERET_RESZE
n8i5leQlntXz4XoA2JVGiOB0X0nS,kutya,SZERET_SETAL
Z5DTSVEQk3FtNUWlQHkHPAEBPtsT,gyerek,SZERET_SPORTOL
Z5DTSVEQk3FtNUWlQHkHPAEBPtsT,gyerek,SZERET_SZEP
ZE4Vso19ws4GQBEbRlAx3gqRf2Ql,gyerek,SZERET_SZULINAP
LDiQ49hqAeKCaIZiU4yXQEO9tTmv,gyerek,SZERET_TANUL
ZE4Vso19ws4GQBEbRlAx3gqRf2Ql,gyerek,SZERET_TANUL
pcKzkYgCUpVc1YGsfcG9cuHwhIFq,gyerek,SZERET_TANUL
ZE4Vso19ws4GQBEbRlAx3gqRf2Ql,gyerek,SZERET_TELEFONOZ
0ayEKzKAhgI7kLaya0CVdQ0WaTdh,gyerek,SZERET_UL
n8i5leQlntXz4XoA2JVGiOB0X0nS,kutya,SZERET_VIRSLI
XoMV4gJmAWW8fvZJRlQJoaciIPFJ,kutya,SZERET_VISSZAHOZ
hyQXyqpwb1eEKNKe7KdXNP9whDUd,tuzolto,SZERSZAM_KI
Vi4tvYPaMpHrJtchbz4qPsufSAd3,nadrag,SZIN_GATYA
Z5DTSVEQk3FtNUWlQHkHPAEBPtsT,nadrag,SZIN_GATYA
Z5DTSVEQk3FtNUWlQHkHPAEBPtsT,nadrag,SZIN_GATYA
sTZywlkMZzaRE7Uqx1qpacwIHmlG,hercegno,SZIN_KIRALYNO
ZE4Vso19ws4GQBEbRlAx3gqRf2Ql,gyerek,SZIN_KOLOK
2mf1pytEKj8RM8in6MbEzrMBMAX1,lo,SZIN_PACI
kudJQ7AAOK0KetYJYKSTcQ60xJre,szem,SZIN_SZEMGOLYO
bXeBh3j0gOGpCmEt68bY2NjVKwZS,erdo,SZIN_VADON
2mf1pytEKj8RM8in6MbEzrMBMAX1,hercegno,SZOBA_KI
hMhC4E5GeWS1zabc77OKHtfz529F,hercegno,SZOKNYA_KI
jBpNE83rvgjtcjB4lQzfTlkuifEs,hercegno,SZOKNYA_KI
pB2ZvSU9uIZYrVmru0V6dzKTR2AW,hercegno,SZOKNYA_KI
vu240s5N1IMDtgWR79UZHs2w0H6C,hercegno,SZOKNYA_KI
aCY8Po3E02wrI4Rrdzzxu9aTgdc7,gomba,SZOKNYACSKA_KI
2mf1pytEKj8RM8in6MbEzrMBMAX1,hercegno,SZOLGA_NEMKI
TuiyHopNE0Ns45VopNY0umEgHnon,gyerek,TANSZER_KI
8H7wVsJ31BN7WW6cJBe3DWB7ZJO9,szem,TARGY_RESZE
HM7nhqdiyPmEZCyAkPB440Ok3wSG,lo,TARGYA_KI
NcVfp49U0WugaYJkv4r2Y3PXc7cn,szem,TEST_RESZE
aCY8Po3E02wrI4Rrdzzxu9aTgdc7,kez,TEST_RESZE
aCY8Po3E02wrI4Rrdzzxu9aTgdc7,kez,TEST_RESZE
cKkzcqwwIFXF6u0LdJBUTL1a4td2,kez,TEST_RESZE
sTZywlkMZzaRE7Uqx1qpacwIHmlG,kez,TEST_RESZE
hMhC4E5GeWS1zabc77OKHtfz529F,hercegno,TIARA_KI
bXeBh3j0gOGpCmEt68bY2NjVKwZS,kacsa,TIZENKETTO_CSONT
ZE4Vso19ws4GQBEbRlAx3gqRf2Ql,sepru,TIZEZER_SZAL
hMhC4E5GeWS1zabc77OKHtfz529F,asztal,TORTA_AKCIO
NcVfp49U0WugaYJkv4r2Y3PXc7cn,tuzolto,TOMLO_KI
kudJQ7AAOK0KetYJYKSTcQ60xJre,tuzolto,TOMLO_KI
DL3j5JV4aiCT3r9LNq9fctuLkefs,asztal,TUD_ALL
DL3j5JV4aiCT3r9LNq9fctuLkefs,asztal,TUD_ALL
DL3j5JV4aiCT3r9LNq9fctuLkefs,gomba,TUD_ALL_IND
8H7wVsJ31BN7WW6cJBe3DWB7ZJO9,lo,TUD_ALSZIK
TuiyHopNE0Ns45VopNY0umEgHnon,gyerek,TUD_ALSZIK
2mf1pytEKj8RM8in6MbEzrMBMAX1,eper,TUD_BEBARNUL
2mf1pytEKj8RM8in6MbEzrMBMAX1,lo,TUD_BELEDUG_IND
cKkzcqwwIFXF6u0LdJBUTL1a4td2,krumpli,TUD_BELEFER
n8i5leQlntXz4XoA2JVGiOB0X0nS,tuzolto,TUD_BEMEGY
ioDhrsJV22Fym2kwi0Enu6L7qMoB,tuzolto,TUD_BERAGAD_IND
NcVfp49U0WugaYJkv4r2Y3PXc7cn,helikopter,TUD_BERAGAD_IND
HM7nhqdiyPmEZCyAkPB440Ok3wSG,tuzolto,TUD_BERUG
Vi4tvYPaMpHrJtchbz4qPsufSAd3,tuzolto,TUD_BESZALL
0ayEKzKAhgI7kLaya0CVdQ0WaTdh,gyerek,TUD_BESZEL
Vi4tvYPaMpHrJtchbz4qPsufSAd3,tuzolto,TUD_BESZOL
HM7nhqdiyPmEZCyAkPB440Ok3wSG,lo,TUD_CSACSOG
NcVfp49U0WugaYJkv4r2Y3PXc7cn,kard,TUD_CSILLOG
vu240s5N1IMDtgWR79UZHs2w0H6C,hercegno,TUD_CSILLOG_IND
Vi4tvYPaMpHrJtchbz4qPsufSAd3,lo,TUD_CSINAL
hLKflzDgIt1d1kkYiBgtD6Ildzca,kez,TUD_CSINAL
hLKflzDgIt1d1kkYiBgtD6Ildzca,kez,TUD_CSINAL
LDiQ49hqAeKCaIZiU4yXQEO9tTmv,bab,TUD_CSIRAZIK
fsUjgv5bHGSiLIc56gAiaFH0Eodm,kutya,TUD_CSOVAL
kudJQ7AAOK0KetYJYKSTcQ60xJre,kutya,TUD_CSOVAL
sTZywlkMZzaRE7Uqx1qpacwIHmlG,kutya,TUD_CSOVAL
ve2UV1qBXwAErAfwa7CBZvAjwxAb,kutya,TUD_CSOVAL
wChCSZMZUV5HgFOPQqYJsHLy8yej,kutya,TUD_CSOVAL
cR7z9posZ25xSjb6z7sagHS235vn,konyv,TUD_DUSIT_IND
cKkzcqwwIFXF6u0LdJBUTL1a4td2,gyerek,TUD_EDZ
gZUIZf0CyPQa4w9Wggvx5cJkQ4C2,helikopter,TUD_EJTOERNYOZ_IND
d7QNG1DWNJdasfDIeRmdGvEIgJBM,kutya,TUD_EL
sTZywlkMZzaRE7Uqx1qpacwIHmlG,kutya,TUD_EL
YsgVSf2DRAuoIzG4hcEwSpkPiPJQ,lo,TUD_EL
gZUIZf0CyPQa4w9Wggvx5cJkQ4C2,lo,TUD_EL
pcKzkYgCUpVc1YGsfcG9cuHwhIFq,lo,TUD_EL
pcKzkYgCUpVc1YGsfcG9cuHwhIFq,lo,TUD_EL
bJxnk1ZvF1GBnye0bYpBFGuOIcsJ,hercegno,TUD_EL
n8i5leQlntXz4XoA2JVGiOB0X0nS,lab,TUD_ELFED_IND
XUQR36tyWgppAe5zdMBRy1MXndde,ceruza,TUD_ELKOPIK
J8IzRk7DYymlKgV6sF7Umb2Wf8kh,tuzolto,TUD_ELOLT
NcVfp49U0WugaYJkv4r2Y3PXc7cn,tuzolto,TUD_ELOLT
Vi4tvYPaMpHrJtchbz4qPsufSAd3,tuzolto,TUD_ELOLT
YsgVSf2DRAuoIzG4hcEwSpkPiPJQ,tuzolto,TUD_ELOLT
b6lgi9tN1sInFmZy2YsPCSjxaQID,tuzolto,TUD_ELOLT
fsUjgv5bHGSiLIc56gAiaFH0Eodm,tuzolto,TUD_ELOLT
gDJxpFMvaIHBGwkBz6Z9Z5E6rqeQ,tuzolto,TUD_ELOLT
hLKflzDgIt1d1kkYiBgtD6Ildzca,tuzolto,TUD_ELOLT
hyQXyqpwb1eEKNKe7KdXNP9whDUd,tuzolto,TUD_ELOLT
ioDhrsJV22Fym2kwi0Enu6L7qMoB,tuzolto,TUD_ELOLT
n8i5leQlntXz4XoA2JVGiOB0X0nS,tuzolto,TUD_ELOLT
ve2UV1qBXwAErAfwa7CBZvAjwxAb,tuzolto,TUD_ELOLT
8H7wVsJ31BN7WW6cJBe3DWB7ZJO9,helikopter,TUD_ELVISZ
NcVfp49U0WugaYJkv4r2Y3PXc7cn,helikopter,TUD_ELVISZ
WukuItBR0pKip9BVBEXWLXAS465F,helikopter,TUD_ELVISZ
2GQsh4qTCle4fioT2ib8QrWmurRt,vonat,TUD_ELVISZ
WukuItBR0pKip9BVBEXWLXAS465F,kacsa,TUD_EPIT
TuiyHopNE0Ns45VopNY0umEgHnon,kacsa,TUD_ESZIK
bXeBh3j0gOGpCmEt68bY2NjVKwZS,kacsa,TUD_ESZIK
hLKflzDgIt1d1kkYiBgtD6Ildzca,kacsa,TUD_ESZIK
ve2UV1qBXwAErAfwa7CBZvAjwxAb,kutya,TUD_ESZIK
ve2UV1qBXwAErAfwa7CBZvAjwxAb,kutya,TUD_ESZIK
2mf1pytEKj8RM8in6MbEzrMBMAX1,lo,TUD_ESZIK
8H7wVsJ31BN7WW6cJBe3DWB7ZJO9,lo,TUD_ESZIK
DL3j5JV4aiCT3r9LNq9fctuLkefs,lo,TUD_ESZIK
HM7nhqdiyPmEZCyAkPB440Ok3wSG,lo,TUD_ESZIK
XUQR36tyWgppAe5zdMBRy1MXndde,lo,TUD_ESZIK
gZUIZf0CyPQa4w9Wggvx5cJkQ4C2,lo,TUD_ESZIK
DL3j5JV4aiCT3r9LNq9fctuLkefs,gyerek,TUD_ESZIK
2mf1pytEKj8RM8in6MbEzrMBMAX1,hercegno,TUD_ESZIK
J8IzRk7DYymlKgV6sF7Umb2Wf8kh,kacsa,TUD_EVEZ
2mf1pytEKj8RM8in6MbEzrMBMAX1,vonat,TUD_FEKEZ
2mf1pytEKj8RM8in6MbEzrMBMAX1,vonat,TUD_FEKEZ
gDJxpFMvaIHBGwkBz6Z9Z5E6rqeQ,szonyeg,TUD_FEKSZIK
WukuItBR0pKip9BVBEXWLXAS465F,alma,TUD_FELKAPASZKODIK
aCY8Po3E02wrI4Rrdzzxu9aTgdc7,tuzolto,TUD_FELMEGY
Z5DTSVEQk3FtNUWlQHkHPAEBPtsT,helikopter,TUD_FELMEGY
Z5DTSVEQk3FtNUWlQHkHPAEBPtsT,helikopter,TUD_FELMEGY
8H7wVsJ31BN7WW6cJBe3DWB7ZJO9,gyerek,TUD_FELNO
WukuItBR0pKip9BVBEXWLXAS465F,helikopter,TUD_FELVISZ
cKkzcqwwIFXF6u0LdJBUTL1a4td2,kez,TUD_FEST
gZUIZf0CyPQa4w9Wggvx5cJkQ4C2,hercegno,TUD_FESULKODIK
bXeBh3j0gOGpCmEt68bY2NjVKwZS,lab,TUD_FOLYIK_IND
sTZywlkMZzaRE7Uqx1qpacwIHmlG,helikopter,TUD_FORGAT
bXeBh3j0gOGpCmEt68bY2NjVKwZS,cipo,TUD_FOLJON
DL3j5JV4aiCT3r9LNq9fctuLkefs,helikopter,TUD_FOLREPUL
gZUIZf0CyPQa4w9Wggvx5cJkQ4C2,helikopter,TUD_FOLVISZ
i9zlLDQ6SJh1P1fER1TKU6Wqq2qA,kutya,TUD_FUT
2mf1pytEKj8RM8in6MbEzrMBMAX1,lo,TUD_FUT
pcKzkYgCUpVc1YGsfcG9cuHwhIFq,lo,TUD_FUT
hLKflzDgIt1d1kkYiBgtD6Ildzca,kez,TUD_FUT
XoMV4gJmAWW8fvZJRlQJoaciIPFJ,gyerek,TUD_FUT
cKkzcqwwIFXF6u0LdJBUTL1a4td2,gyerek,TUD_FUT
XWItECLFYo8VG5SskW9iQPJI7pRA,vonat,TUD_FUSTOL
aCY8Po3E02wrI4Rrdzzxu9aTgdc7,kacsa,TUD_GAGOG
vu240s5N1IMDtgWR79UZHs2w0H6C,kacsa,TUD_GAGOG
kudJQ7AAOK0KetYJYKSTcQ60xJre,bab,TUD_GURUL
2mf1pytEKj8RM8in6MbEzrMBMAX1,vonat,TUD_GURUL
kudJQ7AAOK0KetYJYKSTcQ60xJre,vonat,TUD_GURUL
hyQXyqpwb1eEKNKe7KdXNP9whDUd,auto,TUD_GURUL
jBpNE83rvgjtcjB4lQzfTlkuifEs,auto,TUD_GURUL
pcKzkYgCUpVc1YGsfcG9cuHwhIFq,auto,TUD_GURUL
Vi4tvYPaMpHrJtchbz4qPsufSAd3,tuzolto,TUD_GYAKORLAT
bXeBh3j0gOGpCmEt68bY2NjVKwZS,hercegno,TUD_GYONYORKODIK
bXeBh3j0gOGpCmEt68bY2NjVKwZS,kacsa,TUD_HALAD
bXeBh3j0gOGpCmEt68bY2NjVKwZS,kacsa,TUD_HALASZIK
XoMV4gJmAWW8fvZJRlQJoaciIPFJ,kutya,TUD_HALL
kudJQ7AAOK0KetYJYKSTcQ60xJre,kutya,TUD_HALL
bJxnk1ZvF1GBnye0bYpBFGuOIcsJ,kutya,TUD_HALLAS
0ayEKzKAhgI7kLaya0CVdQ0WaTdh,kacsa,TUD_HAPOG
WukuItBR0pKip9BVBEXWLXAS465F,kacsa,TUD_HAPOG
hLKflzDgIt1d1kkYiBgtD6Ildzca,kacsa,TUD_HAPOG
vu240s5N1IMDtgWR79UZHs2w0H6C,kacsa,TUD_HAPOG
gDJxpFMvaIHBGwkBz6Z9Z5E6rqeQ,kutya,TUD_HARAP
hMhC4E5GeWS1zabc77OKHtfz529F,kutya,TUD_HARAP
n8i5leQlntXz4XoA2JVGiOB0X0nS,kard,TUD_HARCOL
pB2ZvSU9uIZYrVmru0V6dzKTR2AW,lo,TUD_HUZ
XoMV4gJmAWW8fvZJRlQJoaciIPFJ,gyerek,TUD_HULYESKEDIK
hLKflzDgIt1d1kkYiBgtD6Ildzca,kez,TUD_IR
LDiQ49hqAeKCaIZiU4yXQEO9tTmv,ceruza,TUD_IR
LDiQ49hqAeKCaIZiU4yXQEO9tTmv,ceruza,TUD_IR
sTZywlkMZzaRE7Uqx1qpacwIHmlG,kez,TUD_IRANYIT
8H7wVsJ31BN7WW6cJBe3DWB7ZJO9,lo,TUD_ISZIK
cKkzcqwwIFXF6u0LdJBUTL1a4td2,kez,TUD_ISZIK
DL3j5JV4aiCT3r9LNq9fctuLkefs,gyerek,TUD_ISZIK
ioDhrsJV22Fym2kwi0Enu6L7qMoB,kutya,TUD_JAR
n8i5leQlntXz4XoA2JVGiOB0X0nS,lab,TUD_JAR
cR7z9posZ25xSjb6z7sagHS235vn,gyerek,TUD_JAR
gkE2DF9rjk40Tdxikha0B9r2yMvP,gyerek,TUD_JAR
pcKzkYgCUpVc1YGsfcG9cuHwhIFq,gyerek,TUD_JAR
kudJQ7AAOK0KetYJYKSTcQ60xJre,vonat,TUD_JAR
sTZywlkMZzaRE7Uqx1qpacwIHmlG,kutya,TUD_JATSZIK
LDiQ49hqAeKCaIZiU4yXQEO9tTmv,jatszoter,TUD_JATSZIK
8H7wVsJ31BN7WW6cJBe3DWB7ZJO9,gyerek,TUD_JATSZIK
DL3j5JV4aiCT3r9LNq9fctuLkefs,gyerek,TUD_JATSZIK
LDiQ49hqAeKCaIZiU4yXQEO9tTmv,gyerek,TUD_JATSZIK
TuiyHopNE0Ns45VopNY0umEgHnon,gyerek,TUD_JATSZIK
XWItECLFYo8VG5SskW9iQPJI7pRA,gyerek,TUD_JATSZIK
gkE2DF9rjk40Tdxikha0B9r2yMvP,gyerek,TUD_JATSZIK
jnjKoAau2JdPFO1Y9PwBO6XlzGha,gyerek,TUD_JATSZIK
gkE2DF9rjk40Tdxikha0B9r2yMvP,konyv,TUD_JATSZIK
cKkzcqwwIFXF6u0LdJBUTL1a4td2,vonat,TUD_JATSZIK
sTZywlkMZzaRE7Uqx1qpacwIHmlG,nappali,TUD_JATSZIK_IND
bJxnk1ZvF1GBnye0bYpBFGuOIcsJ,kutya,TUD_JELEZ
J8IzRk7DYymlKgV6sF7Umb2Wf8kh,tuzolto,TUD_JON
Vi4tvYPaMpHrJtchbz4qPsufSAd3,tuzolto,TUD_JON
Vi4tvYPaMpHrJtchbz4qPsufSAd3,tuzolto,TUD_JON
gDJxpFMvaIHBGwkBz6Z9Z5E6rqeQ,tuzolto,TUD_JON
ioDhrsJV22Fym2kwi0Enu6L7qMoB,tuzolto,TUD_JON
ZE4Vso19ws4GQBEbRlAx3gqRf2Ql,vonat,TUD_JON
HM7nhqdiyPmEZCyAkPB440Ok3wSG,lo,TUD_KAKIL
sTZywlkMZzaRE7Uqx1qpacwIHmlG,kutya,TUD_KAP_IND
Z5DTSVEQk3FtNUWlQHkHPAEBPtsT,asztal,TUD_KARCOL
bXeBh3j0gOGpCmEt68bY2NjVKwZS,kacsa,TUD_KERES
cKkzcqwwIFXF6u0LdJBUTL1a4td2,kacsa,TUD_KERES
bXeBh3j0gOGpCmEt68bY2NjVKwZS,hercegno,TUD_KERES
bXeBh3j0gOGpCmEt68bY2NjVKwZS,cipo,TUD_KESZUL
gZUIZf0CyPQa4w9Wggvx5cJkQ4C2,cipo,TUD_KESZUL
8H7wVsJ31BN7WW6cJBe3DWB7ZJO9,pulover,TUD_KESZUL
NcVfp49U0WugaYJkv4r2Y3PXc7cn,pulover,TUD_KESZUL
hyQXyqpwb1eEKNKe7KdXNP9whDUd,pulover,TUD_KESZUL
vu240s5N1IMDtgWR79UZHs2w0H6C,pulover,TUD_KESZUL
ve2UV1qBXwAErAfwa7CBZvAjwxAb,tuzolto,TUD_KESZUL
aCY8Po3E02wrI4Rrdzzxu9aTgdc7,szonyeg,TUD_KESZUL
pcKzkYgCUpVc1YGsfcG9cuHwhIFq,auto,TUD_KESZUL
LDiQ49hqAeKCaIZiU4yXQEO9tTmv,bab,TUD_KICSIRAZ
n8i5leQlntXz4XoA2JVGiOB0X0nS,tuzolto,TUD_KIHOZ
bXeBh3j0gOGpCmEt68bY2NjVKwZS,cipo,TUD_KIJON_IND
Z5DTSVEQk3FtNUWlQHkHPAEBPtsT,erdo,TUD_KIJON_IND
2mf1pytEKj8RM8in6MbEzrMBMAX1,gomba,TUD_KINO
gDJxpFMvaIHBGwkBz6Z9Z5E6rqeQ,gomba,TUD_KINYILIK
8H7wVsJ31BN7WW6cJBe3DWB7ZJO9,helikopter,TUD_KIOLT
gZUIZf0CyPQa4w9Wggvx5cJkQ4C2,hercegno,TUD_KISMINKEL
HM7nhqdiyPmEZCyAkPB440Ok3wSG,tuzolto,TUD_KISZABADIT
ioDhrsJV22Fym2kwi0Enu6L7qMoB,tuzolto,TUD_KITOR
46yfoWhTy2iS3zBBIKYeTkITLWIt,ceruza,TUD_KITORIK
NcVfp49U0WugaYJkv4r2Y3PXc7cn,tuzolto,TUD_KOT
aCY8Po3E02wrI4Rrdzzxu9aTgdc7,kacsa,TUD_KOVET
gDJxpFMvaIHBGwkBz6Z9Z5E6rqeQ,vonat,TUD_KOZLEKEDIK
vu240s5N1IMDtgWR79UZHs2w0H6C,vonat,TUD_KOZLEKEDIK
XnQQOJ6n3tTZgUOBj6SEG8VnkkCr,hercegno,TUD_LAKIK
wChCSZMZUV5HgFOPQqYJsHLy8yej,kutya,TUD_LAT
LDiQ49hqAeKCaIZiU4yXQEO9tTmv,szem,TUD_LAT
kudJQ7AAOK0KetYJYKSTcQ60xJre,szem,TUD_LAT
bXeBh3j0gOGpCmEt68bY2NjVKwZS,kacsa,TUD_LEBUKIK
jBpNE83rvgjtcjB4lQzfTlkuifEs,kacsa,TUD_LEBUKIK
Vi4tvYPaMpHrJtchbz4qPsufSAd3,tuzolto,TUD_LECSUSZIK
gDJxpFMvaIHBGwkBz6Z9Z5E6rqeQ,tuzolto,TUD_LECSUSZIK
kudJQ7AAOK0KetYJYKSTcQ60xJre,tuzolto,TUD_LECSUSZIK
bXeBh3j0gOGpCmEt68bY2NjVKwZS,helikopter,TUD_LEDOB
46yfoWhTy2iS3zBBIKYeTkITLWIt,alma,TUD_LEESIK
YsgVSf2DRAuoIzG4hcEwSpkPiPJQ,tuzolto,TUD_LEHOZ
Z5DTSVEQk3FtNUWlQHkHPAEBPtsT,helikopter,TUD_LEMEGY
NcVfp49U0WugaYJkv4r2Y3PXc7cn,helikopter,TUD_LESZALL
hMhC4E5GeWS1zabc77OKHtfz529F,helikopter,TUD_LESZALL
wChCSZMZUV5HgFOPQqYJsHLy8yej,helikopter,TUD_LESZALL
fsUjgv5bHGSiLIc56gAiaFH0Eodm,tuzolto,TUD_LESZED
DL3j5JV4aiCT3r9LNq9fctuLkefs,citrom,TUD_LESZED
n8i5leQlntXz4XoA2JVGiOB0X0nS,kard,TUD_LEVAG
Vi4tvYPaMpHrJtchbz4qPsufSAd3,jatszoter,TUD_LEVISZ
wChCSZMZUV5HgFOPQqYJsHLy8yej,kutya,TUD_LIHEG
WukuItBR0pKip9BVBEXWLXAS465F,kacsa,TUD_LUBICKOL
8H7wVsJ31BN7WW6cJBe3DWB7ZJO9,citrom,TUD_MAR_IND
ioDhrsJV22Fym2kwi0Enu6L7qMoB,tuzolto,TUD_MASZIK
8H7wVsJ31BN7WW6cJBe3DWB7ZJO9,citrom,TUD_MEGAKAD_IND
hMhC4E5GeWS1zabc77OKHtfz529F,helikopter,TUD_MEGFIGYEL
Vi4tvYPaMpHrJtchbz4qPsufSAd3,kez,TUD_MEGFOG
XUQR36tyWgppAe5zdMBRy1MXndde,kez,TUD_MEGFOG
ZE4Vso19ws4GQBEbRlAx3gqRf2Ql,kez,TUD_MEGFOG
gZUIZf0CyPQa4w9Wggvx5cJkQ4C2,kez,TUD_MEGFOG
bXeBh3j0gOGpCmEt68bY2NjVKwZS,kacsa,TUD_MEGIJED
gDJxpFMvaIHBGwkBz6Z9Z5E6rqeQ,kutya,TUD_MEGLAT
b6lgi9tN1sInFmZy2YsPCSjxaQID,tuzolto,TUD_MEGMENT
hyQXyqpwb1eEKNKe7KdXNP9whDUd,tuzolto,TUD_MEGMENT
XoMV4gJmAWW8fvZJRlQJoaciIPFJ,helikopter,TUD_MEGMENT
gDJxpFMvaIHBGwkBz6Z9Z5E6rqeQ,kutya,TUD_MEGNYAL
kudJQ7AAOK0KetYJYKSTcQ60xJre,tuzolto,TUD_MEGOLD
8H7wVsJ31BN7WW6cJBe3DWB7ZJO9,gyerek,TUD_MEGSZULETIK
ZE4Vso19ws4GQBEbRlAx3gqRf2Ql,gyerek,TUD_MEGSZULETIK
bJxnk1ZvF1GBnye0bYpBFGuOIcsJ,kutya,TUD_MEGVED
sTZywlkMZzaRE7Uqx1qpacwIHmlG,kez,TUD_MEGVED
0ayEKzKAhgI7kLaya0CVdQ0WaTdh,nadrag,TUD_MEGVED
DL3j5JV4aiCT3r9LNq9fctuLkefs,pulover,TUD_MEGVED
bXeBh3j0gOGpCmEt68bY2NjVKwZS,kacsa,TUD_MEGY
gwTxL0T8HQFlooQEgkqQvBG4rHtl,tuzolto,TUD_MEGY
2GQsh4qTCle4fioT2ib8QrWmurRt,vonat,TUD_MEGY
2mf1pytEKj8RM8in6MbEzrMBMAX1,vonat,TUD_MEGY
46yfoWhTy2iS3zBBIKYeTkITLWIt,vonat,TUD_MEGY
D8xwtXbTVptiRPXifIgUyGioQIkY,vonat,TUD_MEGY
Vi4tvYPaMpHrJtchbz4qPsufSAd3,vonat,TUD_MEGY
XWItECLFYo8VG5SskW9iQPJI7pRA,vonat,TUD_MEGY
ioDhrsJV22Fym2kwi0Enu6L7qMoB,vonat,TUD_MEGY
XnQQOJ6n3tTZgUOBj6SEG8VnkkCr,auto,TUD_MEGY
d7QNG1DWNJdasfDIeRmdGvEIgJBM,auto,TUD_MEGY
fsUjgv5bHGSiLIc56gAiaFH0Eodm,auto,TUD_MEGY
jBpNE83rvgjtcjB4lQzfTlkuifEs,auto,TUD_MEGY
2mf1pytEKj8RM8in6MbEzrMBMAX1,pulover,TUD_MELEGIT
46yfoWhTy2iS3zBBIKYeTkITLWIt,pulover,TUD_MELEGIT
i9zlLDQ6SJh1P1fER1TKU6Wqq2qA,pulover,TUD_MELEGIT
kudJQ7AAOK0KetYJYKSTcQ60xJre,pulover,TUD_MELEGIT
pcKzkYgCUpVc1YGsfcG9cuHwhIFq,pulover,TUD_MELEGIT
HM7nhqdiyPmEZCyAkPB440Ok3wSG,tuzolto,TUD_MENT
ioDhrsJV22Fym2kwi0Enu6L7qMoB,tuzolto,TUD_MENT
DL3j5JV4aiCT3r9LNq9fctuLkefs,konyv,TUD_MESEL
cKkzcqwwIFXF6u0LdJBUTL1a4td2,kez,TUD_MOS
bXeBh3j0gOGpCmEt68bY2NjVKwZS,kacsa,TUD_MOZGAT
cR7z9posZ25xSjb6z7sagHS235vn,gyerek,TUD_MOZOG
b6lgi9tN1sInFmZy2YsPCSjxaQID,auto,TUD_MUKODIK
0ayEKzKAhgI7kLaya0CVdQ0WaTdh,gyerek,TUD_NEZ
cKkzcqwwIFXF6u0LdJBUTL1a4td2,gyerek,TUD_NEZ
NcVfp49U0WugaYJkv4r2Y3PXc7cn,szem,TUD_NEZ_IND
bJxnk1ZvF1GBnye0bYpBFGuOIcsJ,eper,TUD_NO
sTZywlkMZzaRE7Uqx1qpacwIHmlG,eper,TUD_NO
8H7wVsJ31BN7WW6cJBe3DWB7ZJO9,gyerek,TUD_NO
2mf1pytEKj8RM8in6MbEzrMBMAX1,gomba,TUD_NO
46yfoWhTy2iS3zBBIKYeTkITLWIt,gomba,TUD_NO
D8xwtXbTVptiRPXifIgUyGioQIkY,gomba,TUD_NO
aCY8Po3E02wrI4Rrdzzxu9aTgdc7,gomba,TUD_NO
aCY8Po3E02wrI4Rrdzzxu9aTgdc7,gomba,TUD_NO
aCY8Po3E02wrI4Rrdzzxu9aTgdc7,gomba,TUD_NO
sTZywlkMZzaRE7Uqx1qpacwIHmlG,gomba,TUD_NO
sTZywlkMZzaRE7Uqx1qpacwIHmlG,gomba,TUD_NO
sTZywlkMZzaRE7Uqx1qpacwIHmlG,gomba,TUD_NO
wChCSZMZUV5HgFOPQqYJsHLy8yej,gomba,TUD_NO
cKkzcqwwIFXF6u0LdJBUTL1a4td2,krumpli,TUD_NO
jBpNE83rvgjtcjB4lQzfTlkuifEs,bab,TUD_NOVEKSZIK
sTZywlkMZzaRE7Uqx1qpacwIHmlG,kutya,TUD_NYALOGAT
NcVfp49U0WugaYJkv4r2Y3PXc7cn,lo,TUD_NYERIT
WukuItBR0pKip9BVBEXWLXAS465F,helikopter,TUD_ODAMEGY
HM7nhqdiyPmEZCyAkPB440Ok3wSG,tuzolto,TUD_OLT
NcVfp49U0WugaYJkv4r2Y3PXc7cn,tuzolto,TUD_OLT
aCY8Po3E02wrI4Rrdzzxu9aTgdc7,tuzolto,TUD_OLT
gwTxL0T8HQFlooQEgkqQvBG4rHtl,tuzolto,TUD_OLT
ve2UV1qBXwAErAfwa7CBZvAjwxAb,tuzolto,TUD_OLT
XnQQOJ6n3tTZgUOBj6SEG8VnkkCr,szem,TUD_OLVAS
2mf1pytEKj8RM8in6MbEzrMBMAX1,hercegno,TUD_OLVAS
hMhC4E5GeWS1zabc77OKHtfz529F,hercegno,TUD_OLVAS
gwTxL0T8HQFlooQEgkqQvBG4rHtl,konyv,TUD_OLVAS
gwTxL0T8HQFlooQEgkqQvBG4rHtl,konyv,TUD_OLVAS
2mf1pytEKj8RM8in6MbEzrMBMAX1,hercegno,TUD_OLTOZIK
XUQR36tyWgppAe5zdMBRy1MXndde,hercegno,TUD_OLTOZKODIK
ve2UV1qBXwAErAfwa7CBZvAjwxAb,kutya,TUD_ORUL
hMhC4E5GeWS1zabc77OKHtfz529F,kutya,TUD_OSSZEVESZIK
i9zlLDQ6SJh1P1fER1TKU6Wqq2qA,hercegno,TUD_PARANCSOLGAT
sTZywlkMZzaRE7Uqx1qpacwIHmlG,hercegno,TUD_PARANCSOLGAT
n8i5leQlntXz4XoA2JVGiOB0X0nS,auto,TUD_PIHEN
HM7nhqdiyPmEZCyAkPB440Ok3wSG,lab,TUD_PIPA
XUQR36tyWgppAe5zdMBRy1MXndde,helikopter,TUD_POROG_IND
Z5DTSVEQk3FtNUWlQHkHPAEBPtsT,helikopter,TUD_POROG_IND
Z5DTSVEQk3FtNUWlQHkHPAEBPtsT,helikopter,TUD_POROG_IND
gDJxpFMvaIHBGwkBz6Z9Z5E6rqeQ,kutya,TUD_PUSZI
cKkzcqwwIFXF6u0LdJBUTL1a4td2,kez,TUD_RAJZOL
pB2ZvSU9uIZYrVmru0V6dzKTR2AW,hercegno,TUD_RAJZOL
2GQsh4qTCle4fioT2ib8QrWmurRt,ceruza,TUD_RAJZOL
LDiQ49hqAeKCaIZiU4yXQEO9tTmv,ceruza,TUD_RAJZOL
XUQR36tyWgppAe5zdMBRy1MXndde,ceruza,TUD_RAJZOL
cKkzcqwwIFXF6u0LdJBUTL1a4td2,ceruza,TUD_RAJZOL
ioDhrsJV22Fym2kwi0Enu6L7qMoB,ceruza,TUD_RAJZOL
pB2ZvSU9uIZYrVmru0V6dzKTR2AW,ceruza,TUD_RAJZOL
WukuItBR0pKip9BVBEXWLXAS465F,kacsa,TUD_RAK
aCY8Po3E02wrI4Rrdzzxu9aTgdc7,kacsa,TUD_RAK
0ayEKzKAhgI7kLaya0CVdQ0WaTdh,kacsa,TUD_REPUL
J8IzRk7DYymlKgV6sF7Umb2Wf8kh,kacsa,TUD_REPUL
b6lgi9tN1sInFmZy2YsPCSjxaQID,kacsa,TUD_REPUL
gkE2DF9rjk40Tdxikha0B9r2yMvP,kacsa,TUD_REPUL
WukuItBR0pKip9BVBEXWLXAS465F,helikopter,TUD_REPUL
XUQR36tyWgppAe5zdMBRy1MXndde,helikopter,TUD_REPUL
XoMV4gJmAWW8fvZJRlQJoaciIPFJ,helikopter,TUD_REPUL
YsgVSf2DRAuoIzG4hcEwSpkPiPJQ,helikopter,TUD_REPUL
YsgVSf2DRAuoIzG4hcEwSpkPiPJQ,helikopter,TUD_REPUL
bXeBh3j0gOGpCmEt68bY2NjVKwZS,helikopter,TUD_REPUL
gwTxL0T8HQFlooQEgkqQvBG4rHtl,helikopter,TUD_REPUL
hMhC4E5GeWS1zabc77OKHtfz529F,helikopter,TUD_REPUL
jnjKoAau2JdPFO1Y9PwBO6XlzGha,helikopter,TUD_REPUL
sTZywlkMZzaRE7Uqx1qpacwIHmlG,helikopter,TUD_REPUL
sTZywlkMZzaRE7Uqx1qpacwIHmlG,helikopter,TUD_REPUL
2mf1pytEKj8RM8in6MbEzrMBMAX1,eper,TUD_ROMLIK
J8IzRk7DYymlKgV6sF7Umb2Wf8kh,alma,TUD_ROPPAN
2mf1pytEKj8RM8in6MbEzrMBMAX1,lo,TUD_RUG
hMhC4E5GeWS1zabc77OKHtfz529F,kard,TUD_SEBESIT
8H7wVsJ31BN7WW6cJBe3DWB7ZJO9,szem,TUD_SEGIT
8H7wVsJ31BN7WW6cJBe3DWB7ZJO9,szem,TUD_SEGIT
ioDhrsJV22Fym2kwi0Enu6L7qMoB,lab,TUD_SEGIT
aCY8Po3E02wrI4Rrdzzxu9aTgdc7,tuzolto,TUD_SEGIT
kudJQ7AAOK0KetYJYKSTcQ60xJre,tuzolto,TUD_SEGIT
wChCSZMZUV5HgFOPQqYJsHLy8yej,tuzolto,TUD_SEGIT
NcVfp49U0WugaYJkv4r2Y3PXc7cn,sepru,TUD_SEPER
cR7z9posZ25xSjb6z7sagHS235vn,sepru,TUD_SEPER
NcVfp49U0WugaYJkv4r2Y3PXc7cn,sepru,TUD_SEPREGET
bJxnk1ZvF1GBnye0bYpBFGuOIcsJ,kutya,TUD_SETAL
Vi4tvYPaMpHrJtchbz4qPsufSAd3,lo,TUD_SETAL
cKkzcqwwIFXF6u0LdJBUTL1a4td2,gyerek,TUD_SETAL
46yfoWhTy2iS3zBBIKYeTkITLWIt,hercegno,TUD_SETAL
XnQQOJ6n3tTZgUOBj6SEG8VnkkCr,hercegno,TUD_SETAL
2GQsh4qTCle4fioT2ib8QrWmurRt,gyerek,TUD_SIR
8H7wVsJ31BN7WW6cJBe3DWB7ZJO9,gyerek,TUD_SIR
LDiQ49hqAeKCaIZiU4yXQEO9tTmv,sepru,TUD_SOPOR
HM7nhqdiyPmEZCyAkPB440Ok3wSG,lab,TUD_SPICC
XoMV4gJmAWW8fvZJRlQJoaciIPFJ,gyerek,TUD_SPORTOL
Z5DTSVEQk3FtNUWlQHkHPAEBPtsT,gyerek,TUD_SPORTOL
2mf1pytEKj8RM8in6MbEzrMBMAX1,erdo,TUD_SUSOG_IND
kudJQ7AAOK0KetYJYKSTcQ60xJre,kutya,TUD_SZAGLASZIK
gwTxL0T8HQFlooQEgkqQvBG4rHtl,helikopter,TUD_SZALL
wChCSZMZUV5HgFOPQqYJsHLy8yej,helikopter,TUD_SZALL
wChCSZMZUV5HgFOPQqYJsHLy8yej,helikopter,TUD_SZALL
LDiQ49hqAeKCaIZiU4yXQEO9tTmv,lo,TUD_SZALLIT
XUQR36tyWgppAe5zdMBRy1MXndde,helikopter,TUD_SZALLIT
Z5DTSVEQk3FtNUWlQHkHPAEBPtsT,helikopter,TUD_SZALLIT
gZUIZf0CyPQa4w9Wggvx5cJkQ4C2,helikopter,TUD_SZALLIT
gZUIZf0CyPQa4w9Wggvx5cJkQ4C2,helikopter,TUD_SZALLIT
pB2ZvSU9uIZYrVmru0V6dzKTR2AW,helikopter,TUD_SZALLIT
D8xwtXbTVptiRPXifIgUyGioQIkY,vonat,TUD_SZALLIT
Vi4tvYPaMpHrJtchbz4qPsufSAd3,vonat,TUD_SZALLIT
ioDhrsJV22Fym2kwi0Enu6L7qMoB,vonat,TUD_SZALLIT
n8i5leQlntXz4XoA2JVGiOB0X0nS,auto,TUD_SZALLIT
n8i5leQlntXz4XoA2JVGiOB0X0nS,auto,TUD_SZALLIT
LDiQ49hqAeKCaIZiU4yXQEO9tTmv,lo,TUD_SZANT
jBpNE83rvgjtcjB4lQzfTlkuifEs,alma,TUD_SZAPORODIK_IND
2GQsh4qTCle4fioT2ib8QrWmurRt,sepru,TUD_SZED
n8i5leQlntXz4XoA2JVGiOB0X0nS,auto,TUD_SZENNYEZ
Vi4tvYPaMpHrJtchbz4qPsufSAd3,konyv,TUD_SZETNYILIK
Z5DTSVEQk3FtNUWlQHkHPAEBPtsT,gyerek,TUD_SZINEZ
i9zlLDQ6SJh1P1fER1TKU6Wqq2qA,ceruza,TUD_SZINEZ
J8IzRk7DYymlKgV6sF7Umb2Wf8kh,tuzolto,TUD_SZIRENAZIK
n8i5leQlntXz4XoA2JVGiOB0X0nS,kutya,TUD_SZOPTAT
2mf1pytEKj8RM8in6MbEzrMBMAX1,vonat,TUD_SZOR
2mf1pytEKj8RM8in6MbEzrMBMAX1,lab,TUD_SZOKDELNI
gDJxpFMvaIHBGwkBz6Z9Z5E6rqeQ,kutya,TUD_SZUL
cKkzcqwwIFXF6u0LdJBUTL1a4td2,eper,TUD_SZULETIK
ZE4Vso19ws4GQBEbRlAx3gqRf2Ql,gyerek,TUD_SZULETIK
ZE4Vso19ws4GQBEbRlAx3gqRf2Ql,kutya,TUD_TAMAD
pB2ZvSU9uIZYrVmru0V6dzKTR2AW,hercegno,TUD_TANCOL
LDiQ49hqAeKCaIZiU4yXQEO9tTmv,gyerek,TUD_TANUL
TuiyHopNE0Ns45VopNY0umEgHnon,gyerek,TUD_TANUL
Z5DTSVEQk3FtNUWlQHkHPAEBPtsT,gyerek,TUD_TANUL
aCY8Po3E02wrI4Rrdzzxu9aTgdc7,kez,TUD_TAPINT
wChCSZMZUV5HgFOPQqYJsHLy8yej,kez,TUD_TAPSOL
wChCSZMZUV5HgFOPQqYJsHLy8yej,kez,TUD_TAPSOL
ZE4Vso19ws4GQBEbRlAx3gqRf2Ql,kez,TUD_TELEFONOZGAT
46yfoWhTy2iS3zBBIKYeTkITLWIt,alma,TUD_TEREM
WukuItBR0pKip9BVBEXWLXAS465F,alma,TUD_TEREM
cR7z9posZ25xSjb6z7sagHS235vn,alma,TUD_TEREM
ioDhrsJV22Fym2kwi0Enu6L7qMoB,alma,TUD_TEREM
jBpNE83rvgjtcjB4lQzfTlkuifEs,alma,TUD_TEREM
pcKzkYgCUpVc1YGsfcG9cuHwhIFq,alma,TUD_TEREM
pcKzkYgCUpVc1YGsfcG9cuHwhIFq,alma,TUD_TEREM
wChCSZMZUV5HgFOPQqYJsHLy8yej,alma,TUD_TEREM
wChCSZMZUV5HgFOPQqYJsHLy8yej,alma,TUD_TEREM
XoMV4gJmAWW8fvZJRlQJoaciIPFJ,citrom,TUD_TEREM
pB2ZvSU9uIZYrVmru0V6dzKTR2AW,citrom,TUD_TEREM
Z5DTSVEQk3FtNUWlQHkHPAEBPtsT,eper,TUD_TEREM
XnQQOJ6n3tTZgUOBj6SEG8VnkkCr,gomba,TUD_TEREM
HM7nhqdiyPmEZCyAkPB440Ok3wSG,krumpli,TUD_TEREM
b6lgi9tN1sInFmZy2YsPCSjxaQID,krumpli,TUD_TEREM
ioDhrsJV22Fym2kwi0Enu6L7qMoB,szonyeg,TUD_TOROL
ZE4Vso19ws4GQBEbRlAx3gqRf2Ql,gyerek,TUD_TRAMBULINOZ
n8i5leQlntXz4XoA2JVGiOB0X0nS,kard,TUD_TUKROZ
XoMV4gJmAWW8fvZJRlQJoaciIPFJ,kutya,TUD_UGAT
bJxnk1ZvF1GBnye0bYpBFGuOIcsJ,kutya,TUD_UGAT
d7QNG1DWNJdasfDIeRmdGvEIgJBM,kutya,TUD_UGAT
fsUjgv5bHGSiLIc56gAiaFH0Eodm,kutya,TUD_UGAT
gDJxpFMvaIHBGwkBz6Z9Z5E6rqeQ,kutya,TUD_UGAT
hyQXyqpwb1eEKNKe7KdXNP9whDUd,kutya,TUD_UGAT
i9zlLDQ6SJh1P1fER1TKU6Wqq2qA,kutya,TUD_UGAT
ioDhrsJV22Fym2kwi0Enu6L7qMoB,kutya,TUD_UGAT
kudJQ7AAOK0KetYJYKSTcQ60xJre,kutya,TUD_UGAT
sTZywlkMZzaRE7Uqx1qpacwIHmlG,kutya,TUD_UGAT
sTZywlkMZzaRE7Uqx1qpacwIHmlG,kutya,TUD_UGAT
sTZywlkMZzaRE7Uqx1qpacwIHmlG,kutya,TUD_UGAT
ve2UV1qBXwAErAfwa7CBZvAjwxAb,kutya,TUD_UGAT
Z5DTSVEQk3FtNUWlQHkHPAEBPtsT,lab,TUD_UGRAL
ioDhrsJV22Fym2kwi0Enu6L7qMoB,lab,TUD_UGRAL
i9zlLDQ6SJh1P1fER1TKU6Wqq2qA,nappali,TUD_UGRAL
gZUIZf0CyPQa4w9Wggvx5cJkQ4C2,hercegno,TUD_UNATKOZ
jBpNE83rvgjtcjB4lQzfTlkuifEs,hercegno,TUD_URALKODIK
0ayEKzKAhgI7kLaya0CVdQ0WaTdh,kacsa,TUD_USZIK
J8IzRk7DYymlKgV6sF7Umb2Wf8kh,kacsa,TUD_USZIK
XWItECLFYo8VG5SskW9iQPJI7pRA,kacsa,TUD_USZIK
aCY8Po3E02wrI4Rrdzzxu9aTgdc7,kacsa,TUD_USZIK
hLKflzDgIt1d1kkYiBgtD6Ildzca,kacsa,TUD_USZIK
jBpNE83rvgjtcjB4lQzfTlkuifEs,kacsa,TUD_USZIK
jBpNE83rvgjtcjB4lQzfTlkuifEs,kacsa,TUD_USZIK
XnQQOJ6n3tTZgUOBj6SEG8VnkkCr,kacsa,TUD_USZKAL
ioDhrsJV22Fym2kwi0Enu6L7qMoB,vonat,TUD_UTAZIK
gZUIZf0CyPQa4w9Wggvx5cJkQ4C2,hercegno,TUD_UTAZIK
YsgVSf2DRAuoIzG4hcEwSpkPiPJQ,lo,TUD_UL
LDiQ49hqAeKCaIZiU4yXQEO9tTmv,jatszoter,TUD_UL
cKkzcqwwIFXF6u0LdJBUTL1a4td2,jatszoter,TUD_UL
kudJQ7AAOK0KetYJYKSTcQ60xJre,tuzolto,TUD_UL
hMhC4E5GeWS1zabc77OKHtfz529F,hercegno,TUD_UL
Vi4tvYPaMpHrJtchbz4qPsufSAd3,konyv,TUD_VAG
jnjKoAau2JdPFO1Y9PwBO6XlzGha,kard,TUD_VAG
8H7wVsJ31BN7WW6cJBe3DWB7ZJO9,gyerek,TUD_VASAROL
gDJxpFMvaIHBGwkBz6Z9Z5E6rqeQ,kutya,TUD_VASUTAZIK
bJxnk1ZvF1GBnye0bYpBFGuOIcsJ,kutya,TUD_VED
gDJxpFMvaIHBGwkBz6Z9Z5E6rqeQ,kutya,TUD_VED
0ayEKzKAhgI7kLaya0CVdQ0WaTdh,gyerek,TUD_VEREKSZIK
XWItECLFYo8VG5SskW9iQPJI7pRA,gyerek,TUD_VEREKSZIK
Vi4tvYPaMpHrJtchbz4qPsufSAd3,tuzolto,TUD_VILLOGTAT
sTZywlkMZzaRE7Uqx1qpacwIHmlG,hercegno,TUD_VISEL
Vi4tvYPaMpHrJtchbz4qPsufSAd3,jatszoter,TUD_VISZ
HM7nhqdiyPmEZCyAkPB440Ok3wSG,lo,TUD_ZABAL 
NcVfp49U0WugaYJkv4r2Y3PXc7cn,tuzolto,TUZOLTOAUTO_KI
hyQXyqpwb1eEKNKe7KdXNP9whDUd,tuzolto,TUZOLTOAUTO_KI
Vi4tvYPaMpHrJtchbz4qPsufSAd3,tuzolto,TUZOLTOHELIKOPTER_KI
ve2UV1qBXwAErAfwa7CBZvAjwxAb,tuzolto,TUZOLTORUHA_KI
wChCSZMZUV5HgFOPQqYJsHLy8yej,tuzolto,TUZOLTORUHA_KI
fsUjgv5bHGSiLIc56gAiaFH0Eodm,sepru,UTCASEPRO_KI
HM7nhqdiyPmEZCyAkPB440Ok3wSG,vonat,VELE_ARAM
ioDhrsJV22Fym2kwi0Enu6L7qMoB,vonat,VELE_ARAM
8H7wVsJ31BN7WW6cJBe3DWB7ZJO9,krumpli,VELE_BARAT
cKkzcqwwIFXF6u0LdJBUTL1a4td2,szonyeg,VELE_BARAT
XWItECLFYo8VG5SskW9iQPJI7pRA,kard,VELE_BARAT
J8IzRk7DYymlKgV6sF7Umb2Wf8kh,vonat,VELE_BENZIN
b6lgi9tN1sInFmZy2YsPCSjxaQID,auto,VELE_BENZIN
LDiQ49hqAeKCaIZiU4yXQEO9tTmv,lo,VELE_BUKOSISAK
HM7nhqdiyPmEZCyAkPB440Ok3wSG,vonat,VELE_DIZEL
hMhC4E5GeWS1zabc77OKHtfz529F,helikopter,VELE_EJTOERNYO_IND
XWItECLFYo8VG5SskW9iQPJI7pRA,alma,VELE_FAHEJ
WukuItBR0pKip9BVBEXWLXAS465F,alma,VELE_FOG
jBpNE83rvgjtcjB4lQzfTlkuifEs,kard,VELE_GYAKORLOBABU
LDiQ49hqAeKCaIZiU4yXQEO9tTmv,lo,VELE_HATVEDO
hMhC4E5GeWS1zabc77OKHtfz529F,asztal,VELE_HAZIFELADAT
0ayEKzKAhgI7kLaya0CVdQ0WaTdh,szem,VELE_JAR
ve2UV1qBXwAErAfwa7CBZvAjwxAb,pulover,VELE_KABAT
DL3j5JV4aiCT3r9LNq9fctuLkefs,lo,VELE_KANTAR
LDiQ49hqAeKCaIZiU4yXQEO9tTmv,lo,VELE_KENGYEL
bXeBh3j0gOGpCmEt68bY2NjVKwZS,hercegno,VELE_KIRALYFI
pcKzkYgCUpVc1YGsfcG9cuHwhIFq,sepru,VELE_LAPAT
DL3j5JV4aiCT3r9LNq9fctuLkefs,lo,VELE_NYEREG
LDiQ49hqAeKCaIZiU4yXQEO9tTmv,lo,VELE_NYEREG
wChCSZMZUV5HgFOPQqYJsHLy8yej,szonyeg,VELE_PADLO
DL3j5JV4aiCT3r9LNq9fctuLkefs,lo,VELE_PATKO
Z5DTSVEQk3FtNUWlQHkHPAEBPtsT,erdo,VELE_RUHA
8H7wVsJ31BN7WW6cJBe3DWB7ZJO9,citrom,VELE_SALATA
bJxnk1ZvF1GBnye0bYpBFGuOIcsJ,eper,VELE_SZAJ
LDiQ49hqAeKCaIZiU4yXQEO9tTmv,eper,VELE_SZAR
LDiQ49hqAeKCaIZiU4yXQEO9tTmv,eper,VELE_SZAR
Z5DTSVEQk3FtNUWlQHkHPAEBPtsT,eper,VELE_SZAR
kudJQ7AAOK0KetYJYKSTcQ60xJre,eper,VELE_SZAR
ve2UV1qBXwAErAfwa7CBZvAjwxAb,eper,VELE_SZAR
ve2UV1qBXwAErAfwa7CBZvAjwxAb,eper,VELE_SZAR
ve2UV1qBXwAErAfwa7CBZvAjwxAb,eper,VELE_SZAR
Vi4tvYPaMpHrJtchbz4qPsufSAd3,lo,VELE_SZAR
jnjKoAau2JdPFO1Y9PwBO6XlzGha,asztal,VELE_SZEK
HM7nhqdiyPmEZCyAkPB440Ok3wSG,vonat,VELE_SZEN
sTZywlkMZzaRE7Uqx1qpacwIHmlG,kez,VELE_TABLET
sTZywlkMZzaRE7Uqx1qpacwIHmlG,nappali,VELE_TABLET
8H7wVsJ31BN7WW6cJBe3DWB7ZJO9,asztal,VELE_TANYER
8H7wVsJ31BN7WW6cJBe3DWB7ZJO9,citrom,VELE_TEA
ZE4Vso19ws4GQBEbRlAx3gqRf2Ql,kez,VELE_TELEFON
Z5DTSVEQk3FtNUWlQHkHPAEBPtsT,asztal,VELE_TELEFON
aCY8Po3E02wrI4Rrdzzxu9aTgdc7,tuzolto,VELE_TUZOLTOAUTO
ioDhrsJV22Fym2kwi0Enu6L7qMoB,tuzolto,VELE_TUZOLTOAUTO
2mf1pytEKj8RM8in6MbEzrMBMAX1,vonat,VELE_UT
XnQQOJ6n3tTZgUOBj6SEG8VnkkCr,auto,VELE_UT
ve2UV1qBXwAErAfwa7CBZvAjwxAb,tuzolto,VELE_VODOR
gZUIZf0CyPQa4w9Wggvx5cJkQ4C2,cipo,VELE_ZOKNI
Z5DTSVEQk3FtNUWlQHkHPAEBPtsT,asztal,VELE_ZOLDSEG
gwTxL0T8HQFlooQEgkqQvBG4rHtl,erdo,VILLAM_AKCIO
8H7wVsJ31BN7WW6cJBe3DWB7ZJO9,citrom,VITAMIN_RESZE
hMhC4E5GeWS1zabc77OKHtfz529F,kard,VIVAS_AKCIO
J8IzRk7DYymlKgV6sF7Umb2Wf8kh,krumpli,VOLT_MAG
hLKflzDgIt1d1kkYiBgtD6Ildzca,bab,VOLT_MAG
gDJxpFMvaIHBGwkBz6Z9Z5E6rqeQ,lab,ZOKNI_BENNE
Z5DTSVEQk3FtNUWlQHkHPAEBPtsT,gyerek,ZOKNI_KI
